:020000040800F2
:100000002007002031020008D72000080907000857
:10001000D5200008C90400080D24000800000000D5
:10002000000000000000000000000000B5210008F2
:10003000CB04000800000000D92000086D22000851
:100040004B0200084B0200084B0200084B0200085C
:100050004B0200084B0200084B0200084B0200084C
:100060004B0200084B0200084B0200084B0200083C
:100070004B0200084B0200084B0200084B0200082C
:100080004B0200084B0200084B0200084B0200081C
:100090004B0200084B0200084B0200084B0200080C
:1000A0004B0200084B0200084B0200084B020008FC
:1000B0004B0200084B0200084B0200084B020008EC
:1000C0004B0200084B0200084B0200084B020008DC
:1000D0004B0200084B0200084B0200084B020008CC
:1000E0004B0200084B0200084B0200084B020008BC
:1000F0004B0200084B0200084B0200084B020008AC
:100100004B0200084B0200084B0200084B0200089B
:100110004B0200084B0200084B0200084B0200088B
:100120004B0200084B0200084B0200084B0200087B
:100130004B0200084B0200084B0200084B0200086B
:100140004B0200084B0200084B0200084B0200085B
:100150004B0200084B0200084B0200084B0200084B
:100160004B0200084B0200084B0200084B0200083B
:100170004B0200084B0200084B0200084B0200082B
:100180004B0200084B02000800F002F800F041F8B2
:100190000AA090E8000C82448344AAF10107DA45E2
:1001A00001D100F036F8AFF2090EBAE80F0013F0F3
:1001B000010F18BFFB1A43F001031847D499000040
:1001C000F4990000103A24BF78C878C1FAD85207D1
:1001D00024BF30C830C144BF04680C6070470000C1
:1001E0000023002400250026103A28BF78C1FBD840
:1001F000520728BF30C148BF0B607047782900F014
:100200007980002070471FB502F074F91FBD10B54A
:1002100010BD00F027F91146FFF7F5FF02F02EF9A7
:1002200000F045F903B4FFF7F2FF03BC02F012F946
:100230000948804709480047FEE7FEE7FEE7FEE77A
:10024000FEE7FEE7FEE7FEE7FEE7FEE704480549B6
:10025000054A064B7047000071220008890100081A
:100260002001002020070020200300202003002080
:10027000704700000FB4044910B503AA029800F0BB
:10028000C3F810BC5DF814FB040000202DE9F04118
:100290000E460446002020622046E168884730B3BD
:1002A000252805D0D4E901219047206A401CF2E7B7
:1002B000E168204600278847050018D0A5F14100D5
:1002C000192802D820354FF40067324629462046C7
:1002D0002760FFF793FF40B1012804D0F61D26F0F8
:1002E00007060836D8E7361DD6E72846DAE7206A3B
:1002F000BDE8F08170B504460D4621461068AFF3A5
:1003000000802188090502D50F4A7A4402E00E4A8E
:100310007A440E32002104F1240305E000F00F06B8
:100320000009965D5E54491C0028F7D1207800230F
:10033000000704D5702D02D009B1022311322046E6
:10034000BDE8704000F006B858980000704770474C
:10035000704770472DE9F0470D469946924604468E
:1003600000F124080168880604D5E06921F0100135
:10037000216000E00120A84201DD471B00E00027CA
:10038000A1697A1902EB0900081AA0612078C00659
:1003900002D42046AFF30080002608E0D4E9012112
:1003A0001AF806009047206A401C761C20624E45D1
:1003B000F4DB2078C0060AD52046AFF3008006E0C3
:1003C000D4E9012130209047206A401C2062381E69
:1003D000A7F10107F4DC07E0D4E9012118F80500D2
:1003E0009047206A401C2062281EA5F10105F3DC1D
:1003F0002046AFF300802078000602D50220BDE839
:10040000F0870120FBE70000074B70B50D467B44E9
:1004100000F011F80446284600F020F810B14FF023
:10042000FF3070BD204670BD4720000001694A1CA6
:1004300002610878704700B58FB0CDE90131002125
:10044000059105497944CDE9031011466846FFF747
:100450001DFF0FB000BD0000E5FFFFFF007B00F0B7
:1004600080007047754600F02BF8AE4605006946DF
:10047000534620F00700854618B020B5FFF7E6FE8A
:10048000BDE820404FF000064FF000074FF0000895
:100490004FF0000B21F00701AC46ACE8C009ACE816
:1004A000C009ACE8C009ACE8C0098D46704710B57A
:1004B0000446AFF300802046BDE81040FFF7B2BE0F
:1004C00000487047C0000020FEE770470A484FF41C
:1004D0007A710068B0FBF1F0401EB0F1807F0AD263
:1004E0004FF0E0214861054AF02082F8140D002009
:1004F0008861072008617047880000200FE000E055
:100500000249086008680028FCD1704700000020FC
:100510008000A0F1C0400029016802D041F0010133
:1005200001E0024A1140016070470000FEFF0F0029
:1005300070B501688B00A3F1C0431A6833490A40C3
:10054000D0E901142143D0E903452C4321434469F8
:10055000214384692143C4692143046A2143446AD5
:100560002143846A2143C46A2143046B214311431C
:1005700019608168082907D101688900A1F1C0418B
:100580000A6842F040020A6001688B00A3F1C04390
:10059000596801F04044416BD1E9002542EA051257
:1005A0008D688E892D0245EA06452A430D8A42EA66
:1005B00005520D7D896942EA05620A4322435A6069
:1005C000C16AB1F5804F08D000686FF070418000BB
:1005D000A0F1C040C0F8041170BD01688B00A3F108
:1005E000C043D3F80411806B094A1140D0E90024BC
:1005F00042EA041284688589240244EA0544806939
:10060000224302430A43C3F8042170BD8000F7FF70
:100610000000F0CFF0B50023012403270D6804FA91
:1006200003F21540954242D1D0F800C05E0007FAAF
:1006300006F52CEA050CC0F800C091F804C0D0F80B
:1006400000E00CFA06FC4CEA0E0CC0F800C091F871
:1006500004C0BCF1010F02D0BCF1020F1FD1D0F8D1
:1006600008C02CEA050CC0F808C091F805C0D0F805
:1006700008E00CFA06FC4CEA0E0CC0F808C0D0F8F2
:1006800004C02CEA020CC0F804C0426891F806C00D
:100690000CFA03FC1FFA8CFC42EA0C024260C268AE
:1006A000AA43C260CA79C568B2402A43C2605B1CD3
:1006B000102BB3D3F0BD4B07DB0E9A40C90810B521
:1006C00000EB8100016A0F249C40A1430162016A92
:1006D0001143016210BD4183704701837047426935
:1006E0004A4042617047012204E002EB820252005C
:1006F000491EC9B20029F8D1B0FBF2F00A21B0FBC3
:10070000F1F201FB12007047FEE700001CB5012169
:10071000042001F0E3FC00208DF8040001218DF895
:1007200007108DF805000220009069460148FFF788
:1007300071FF1CBD0008024010B500242146204670
:1007400001F044FB2C20C1060880054805494FF400
:100750001632808980B20880641C9442FBD310BD9D
:10076000AC0000200000026010B54FF47A741D4800
:1007700001F002FB002001F017FB4FF47F0001F0B5
:1007800001FBFFF7D9FF2046FFF7BAFE4FF47F4089
:1007900001F0F8FAFFF7D0FF2046FFF7B1FEFF2087
:1007A00001F0F0FAFFF7C8FF2046FFF7A9FE0E4858
:1007B00001F0E8FAFFF7C0FF2046FFF7A1FE6FF057
:1007C0007F4001F0DFFAFFF7B7FF2046FFF798FE02
:1007D000002001F0D7FAFFF7AFFF2046BDE8104038
:1007E000FFF78EBE580000202C2C2C0070B5002086
:1007F00001F0C8FAFFF7A0FF2C4801F0BDFA002075
:1008000001F0D2FA2A4801F0BDFA002129A20846D7
:1008100000F0A6F92C4801F0B5FA26A22821002004
:1008200000F09EF94FF6FF7001F0ACFA21A25021C2
:10083000002000F095F900244FF47F05A5EB04405B
:1008400001F0B2FA2246BE239621104600F032FB98
:10085000641CA4B2F02CF1D300244FF47F4500BFF8
:10086000A5EB042001F0A0FA2246F023C82110468F
:1008700000F020FB641CA4B2F02CF1D300244FF450
:10088000917500BFC4F1FF0001F08EFA22462B469D
:10089000FA21104600F00EFB641CA4B2F02CF1D338
:1008A000BDE870404FF4FA60FFF72ABE4C0000200C
:1008B000FF80FF00202020436F6C6F72205465730F
:1008C000742020200000000000FFFF0001B581B06F
:1008D000002343F698210CE0ADF8003005E000BF9E
:1008E000BDF80000401CADF80000BDF800008842D3
:1008F000F6D3BDF80400421EADF80420ECD20CBDC6
:100900002DE9F74F002580460446203AD0B24FF03B
:10091000C04ADFF87CB0DFF87C90029030E01368CA
:10092000029A002602FB01316F5C0199F80720460C
:1009300007D001F04BFA2C20AAF80000BBF8080001
:1009400006E001F043FA2C20AAF80000BBF80C00E6
:1009500011490880D9F80000641CA4B280887F087F
:10096000A4EB0801814205D101984446401C80B2A5
:10097000019003E0761CB6B2082ED6D36D1CADB242
:10098000D9F800201189A942C9D8BDE8FE8F00001E
:10099000AC00002008000020000002602DE9F74FA5
:1009A000DFF8B880177881B0D8F80430814600218C
:1009B0001D891E680446481C05FB00FC16F80CC087
:1009C000BC4508D100FB056092F801C04078604545
:1009D00001D1009104E0891C588989B28842EAD883
:1009E00000254FF0C04ADFF878B030E01368009A75
:1009F000002602FB01316F5C0299F807204607D000
:100A000001F0E4F92C20AAF80000BBF8080006E089
:100A100001F0DCF92C20AAF80000BBF80C00114909
:100A20000880D8F80400641CA4B280887F08A4EB76
:100A30000901814205D102984C46401C80B20290C7
:100A400003E0761CB6B2082ED6D36D1CADB2D8F832
:100A500004201189A942C9D8BDE8FF8F08000020F1
:100A6000AC0000200000026030B51F4A1F494FF063
:100A7000C04310744FF4F0754FF4A074D0B1012846
:100A800017D136201880482008802A20188000209E
:100A900008800880012008803F2008802B201880D3
:100AA00000200880088001200880DF200880548012
:100AB000958030BD36201880282008802A20188094
:100AC00000200880088001200880DF2008802B207B
:100AD0001880002008800880012008803F200880BE
:100AE0005580948030BD0000AC0000200000026002
:100AF0002DE9F04700261D4691468A468046344639
:100B0000154F24E0281B401EC1B24846FFF7EBFDFD
:100B100026B9691E8C4201DA40B101263030C2B2DA
:100B20003868818804FB018080B20BE00B48407C70
:100B300000283868818804FB018080B201D020221F
:100B400000E030225146FFF7DBFE641CE4B2AC4209
:100B5000D8D3BDE8F087000008000020AC000020DA
:100B60002DE9F0411546884604460A4F0A4E08E032
:100B700041462046FFF7C4FE38686D1C808820443B
:100B800084B27088A04202D92A78002AF0D1BDE848
:100B9000F081000008000020AC000020F0B51446F1
:100BA0000F4605460D4E15E07F2A09D839462846DE
:100BB000FFF7A6FE3068641C8088284485B209E0EF
:100BC000224639462846FFF7E9FE7068A41C808853
:100BD000284485B22278002AE6D1F0BD0800002022
:100BE0002DE9F04F80465542002602200F4600EBCB
:100BF000450400BF07EB0609A8EB050B1FFA89F1B6
:100C00001FFA8BF000F0B0F908EB050A1FFA89F122
:100C10001FFA8AF000F0A8F9A7EB06091FFA89F17C
:100C20001FFA8AF000F0A0F91FFA89F11FFA8BF081
:100C300000F09AF92046B44208DC761C00EB46042A
:100C4000641CF54202D1A84200DC0020A84203DD6A
:100C50006D1C04EB4504641C002DCBDDBDE8F08F5A
:100C60002DE9F04700EE102A80465742B8EEC01A30
:100C700000EE103A02200025F8EEC00A0E4600EB06
:100C800047049A425CDD81EE200A00BF00EE905AD4
:100C9000A8EB070AF8EEE00A80EE801AFCEEC10A23
:100CA00010EE900A304481B21FFA8AF000F05CF92D
:100CB00000EE905A08EB0709F8EEE00A80EE801A81
:100CC000FCEEC10A10EE900A304481B21FFA89F09E
:100CD00000F04AF900EE905AF8EEE00A80EE801A31
:100CE000FCEEC10A10EE900A301A81B21FFA89F0A8
:100CF00000F03AF900EE905AB8EEE01AC1EE000AA0
:100D0000FCEEE00A10EE900A301A81B21FFA8AF067
:100D100000F02AF92046AC4208DC6D1C00EB4504CB
:100D2000641CEF4202D1B84200DC0020B84203DD6F
:100D30007F1C04EB4704641C002FA7DDBDE8F0878F
:100D400080EE810A5F42002500EE905A06EB07090B
:100D50001FFA89F1F8EEE00A80EE801AFCEEC10A73
:100D600010EE900AA8EB000080B200F0FDF800EE53
:100D7000905A1FFA89F1F8EEE00A80EE801AFCEE34
:100D8000C10A10EE900A404480B200F0EDF800EE87
:100D9000905AA6EB07091FFA89F1F8EEE00A80EEF7
:100DA000801AFCEEC10A10EE900A404480B200F0B6
:100DB000DBF800EE905A1FFA89F1F8EEE00A80EEB7
:100DC000801AFCEEC10A10EE900AA8EB000080B277
:100DD00000F0CAF82046AC4209DC6D1C05EB450169
:100DE0000C18641CEF4202D1B84200DC0020B8426B
:100DF00004DD7F1C07EB47000444641C002FA3DDC7
:100E00009CE700002DE9FF4F81460446DDF834A041
:100E10009046002003998346884245D20025F4EE8F
:100E2000000A2EE09AF800700026F8070199204683
:100E300009D000F0CBFF2C20C10608801B481C49BC
:100E40000089088008E000F0C1FF2C20C10608805E
:100E50001648818916480180641CA4B27F08A4EB5F
:100E60000901414505D101984C46401C80B20190D2
:100E700003E0761CB6B2082ED7D36D1C0AF1010A26
:100E8000ADB200EE108AB8EE400A20EE201A00EE55
:100E9000105AB8EE400AB4EEC01AF1EE10FAC1DCF6
:100EA0000BF1010080B2B5E7BDE8FF8FAC00002078
:100EB000000002602DE9FE4F0027141A002C00DC10
:100EC000841A0FFA84F85C1A002C00DCCC1A0FFA92
:100ED00084FC06B20DB24FF0FF34824203D30120EE
:100EE0008246019001E0A24601948B4203D3012087
:100EF0008146009001E0A1460094E0454FF00000DB
:100F000008DB8146019008EBD870C3464410CDF849
:100F100008C024E0824600200090E3460CEBDC7021
:100F2000CDF808804410D84619E0A9B2B0B200F05C
:100F30001BF80298204404B25C4508DBA4EB0B00CC
:100F400004B20198304406B20098284405B206EB7A
:100F50000A0006B205EB09007F1C05B23FB2474507
:100F6000E3DDBDE8FE8F000000B500F02FFF2C2070
:100F7000C1060880024803490089088000BD0000BE
:100F8000AC00002000000260F0B51C4685180F463A
:100F90000646AAB20B46FFF78DFF3C44A3B2AAB2A5
:100FA000A1B23046FFF786FF3246A3B2394610465B
:100FB000FFF780FFA3B2AAB2A8B23946BDE8F0405D
:100FC000FFF778BF00B5012197B0084601F092F80D
:100FD00000200321CDE910010421CDE912011021E7
:100FE000CDE902010F901490159004900902009031
:100FF0000190CDE908010690059007908900CDE9A0
:101000000A010C900FA80E900D906846FFF790FA19
:1010100001210020FFF77CFA17B000BD2DE9F04F49
:101020008A46032190460746A1EB48060024154650
:1010300045E0DDB1AAEB0509A7EB040C09EB450B74
:101040001FFA8BF31FFA8CF21FFA89F11FFA8CF04A
:10105000FFF730FF07EB040C1FFA8BF31FFA8CF23B
:101060001FFA89F11FFA8CF0FFF724FFDCB1AAEB1D
:101070000409A7EB050C09EB440B1FFA8BF31FFACD
:101080008CF21FFA89F11FFA8CF0FFF713FF07EBC0
:10109000050C1FFA8BF31FFA8CF21FFA89F11FFA65
:1010A0008CF0FFF707FF002E03DA06EB8406B61D6F
:1010B00004E0601B06EB80066D1E0A36641CAC4221
:1010C000B7D9424651463846BDE8F04FFFF788BDD4
:1010D0002DE9F04F1E4615468A46834600244FF000
:1010E000C0490F4FDFF83C8015E000BF0AEB040059
:1010F00081B2584600F06AFE2C20A9F80000398918
:101100000020424689B202E01180401C80B2A84211
:10111000FAD3641CA4B2B442E8D3BDE8F08F000057
:10112000AC0000200000026010B5002000F02AFE94
:10113000FFF702FB6B4800F01FFEFF2000F034FEBB
:101140001023822203216E20FFF7C2FF66A2032133
:101150000020FFF705FD4FF47F4000F025FE10232F
:10116000822219216E20FFF7B3FF62A2192100200D
:10117000FFF7F6FC4FF47F0000F016FE10238222EA
:101180002F216E20FFF7A4FF5DA22F210020FFF783
:10119000E7FC4FF6FF7000F007FE10238222452186
:1011A0006E20FFF795FF58A245210020FFF7D8FCDD
:1011B0004FF0FF1000F0F8FD102382225B216E201B
:1011C000FFF786FF53A25B210020FFF7C9FC5448BC
:1011D00000F0EAFD1023822271216E20FFF778FFD4
:1011E00050A271210020FFF7BBFC514800F0DCFD4C
:1011F0001023822287216E20FFF76AFF4DA28721EC
:101200000020FFF7ADFC4E4800F0CEFD10238222F7
:101210009D216E20FFF75CFF4AA29D210020FFF771
:101220009FFC4B4800F0C0FD10238222B3216E20AA
:10123000FFF74EFF47A2B3210020FFF791FC48487B
:1012400000F0B2FD10238222C9216E20FFF740FF7B
:1012500044A2C9210020FFF783FC3D487F3000F005
:10126000A3FD10238222DF216E20FFF731FF40A271
:10127000DF210020FFF774FC39487F3000F094FD37
:1012800010238222F5216E20FFF722FF3BA2F521D9
:101290000020FFF765FC2248803000F085FD40F219
:1012A0000B141023822221466E20FFF711FF37A274
:1012B00021460020FFF754FC384800F075FD40F24D
:1012C00021141023822221466E20FFF701FF34A251
:1012D00021460020FFF744FCBDE810404FF4FA60BF
:1012E000FFF70EB9700000204C43445F424C554557
:1012F000000000004C43445F475245454E0000004B
:101300004C43445F524544004C43445F4359414E73
:10131000000000004C43445F4D4147454E5441009E
:1013200000FFFF004C43445F59454C4C4F570000B1
:101330002C2C2C004C43445F4752455900000000C0
:10134000FF8080004C494748545F424C554500009F
:1013500080FF80004C494748545F475245454E0046
:101360008080FF004C494748545F524544000000CC
:101370004C494748545F4359414E00004C49474847
:10138000545F4D4147454E54410000004C49474889
:10139000545F59454C4C4F5700000000A3A3A300D5
:1013A0004C494748545F4752455900002DE9FC5FBE
:1013B00001211C2000F092FE02268DF80460002519
:1013C0008DF8065003208DF80500012480278DF844
:1013D000074069467B480097FFF71CF90C2207215C
:1013E0007848FFF768F94FF4006A69467548CDF808
:1013F00000A0FFF70FF90C220B217248FFF75BF9F1
:101400002020009069466F48FFF704F90C2205215F
:101410006C48FFF750F91020009069466948FFF7C3
:10142000F9F80C2204216748FFF745F94FF4804B87
:1014300069466448CDF800B0FFF7ECF80C220E21A5
:101440006048FFF738F9E003009069465D48FFF710
:10145000E1F80C220F215B48FFF72DF96946594846
:101460000094FFF7D7F80C2200215648FFF723F924
:10147000694654480096FFF7CDF80C2201215148E7
:10148000FFF719F9694650480097FFF7C3F80C2297
:1014900007214D48FFF70FF9270269464A48009790
:1014A000FFF7B8F80C2208214748FFF704F94FF47A
:1014B000007869464448CDF80080FFF7ABF80C226D
:1014C00009214148FFF7F7F84FF4806969463E4823
:1014D000CDF80090FFF79EF80C220A213A48FFF75A
:1014E000EAF869463848CDF800A0FFF793F80C22D7
:1014F0000B213548FFF7DFF826036946324800968E
:10150000FFF788F80C2211462F48FFF7D4F8600344
:10151000009069462C48FFF77DF80C220D212A48DF
:10152000FFF7C9F869462848CDF800B0FFF772F810
:101530000C220E212448FFF7BEF8E0030090694614
:101540002148FFF767F80C220F211F48FFF7B3F877
:1015500069461C480097FFF75DF80C2208211948DE
:10156000FFF7A9F869461748CDF80080FFF752F851
:101570000C2209211348FFF79EF869461148CDF85F
:101580000090FFF747F80C220A210E48FFF793F866
:101590008DF804408DF8065004208DF80550009019
:1015A0008DF8074069460948FFF734F86946054851
:1015B0000096FFF72FF831460248FFF78CF8BDE898
:1015C000FC9F0000000C0240001002400008024096
:1015D00070B55024002000F0D5FBFFF7ADF84FF4B4
:1015E0007F05284600F0E0FB0A23F0221946002080
:1015F000FFF760FC2046FEF783FF1423F022194614
:101600000020FFF757FC2046FEF77AFF1E23F0224A
:1016100019460020FFF74EFC2046FEF771FF2823F5
:10162000F02219460020FFF745FC2046FEF768FF30
:10163000614800F0B9FB9623F02255210520FFF701
:10164000A3FC2046FEF75CFF7823BE2264211E2007
:10165000FFF79AFC2046FEF753FF5A238C22732192
:101660003720FFF791FC2046FEF74AFF3C235A2221
:1016700087215020FFF788FC2046FEF741FF4F48A6
:1016800000F092FB6422AA217820FFF7A9FA2046F5
:10169000FEF736FF5022AA217820FFF7A1FA204654
:1016A000FEF72EFF3C22AA217820FFF799FA204668
:1016B000FEF726FF2822AA217820FFF791FA20467C
:1016C000FEF71EFF48F2800000F06EFB40F21D1195
:1016D0000B46F0220020FFF7EDFB2046FEF710FF3F
:1016E00040F227110B46F0220020FFF7E3FB2046D3
:1016F000FEF706FF40F231110B46F0220020FFF703
:10170000D9FB2046FEF7FCFE40F23B110B46F022CF
:101710000020FFF7CFFB2046FEF7F2FE4FF47A7071
:10172000FEF7EEFE002000F02DFBFFF705F828463F
:1017300000F03AFB3C2250211046FFF76FFC2812C4
:1017400000F032FB3C2250217820FFF767FCFF209D
:1017500000F02AFB3C225021A020FFF75FFC184834
:1017600000F022FB32236E22FA217820FFF778FA6C
:101770002046FEF7C5FE28235F22FA217820FFF7D6
:101780006FFA2046FEF7BCFE1E235022FA21782075
:10179000FFF766FA2046FEF7B3FE14234122FA2132
:1017A0007820FFF75DFA2046FEF7AAFEBDE87040FC
:1017B0004FF4FA60FEF7A4BE00FFFF00FFFF8000B9
:1017C000FF80800070B56424FEF7CEFF002000F09B
:1017D000D9FAFEF7B1FF6FF07F4000F0E5FAA248BA
:1017E00000F0CAFA0021A1A20846FFF7B9F9204685
:1017F000FEF786FEA34800F0BFFAA3A22021002036
:10180000FFF7AEF92046FEF77BFEA64800F0B4FADB
:101810009DA238210020FFF7A3F92046FEF770FEB5
:10182000A14800F0A9FA98A24C210020FFF798F9EE
:101830002046FEF765FE9D4800F09EFA92A25C21CC
:101840000020FFF78DF92046FEF75AFE984800F079
:10185000ABFA964800F090FA8BA268210020FFF7BF
:101860007FF92046FEF74CFE8F4800F085FA86A2ED
:1018700074210020FFF774F92046FEF741FE8948E5
:1018800000F07AFA80A284210020FFF769F920464F
:10189000FEF736FE7B4800F06FFA7BA2982100200D
:1018A000FFF75EF92046FEF72BFE6F4800F064FA62
:1018B0006EA2B0210020FFF753F92046FEF720FE6C
:1018C0004FF4FA642046FEF71BFE002000F05AFA9F
:1018D000FEF732FF744800F04FFAFF2000F064FA80
:1018E0001023D22203216E20FFF7F2FB71A2032105
:1018F0000020FFF735F94FF47F45284600F054FAF1
:101900001023D22219216E20FFF7E2FB6CA21921CD
:101910000020FFF725F92E02304600F045FA10238B
:10192000D2222F216E20FFF7D3FB68A22F210020A7
:10193000FFF716F94FF6FF7000F036FA1023D222A7
:1019400045216E20FFF7C4FB62A245210020FFF76E
:1019500007F94FF0FF1000F027FA1023D2225B2185
:101960006E20FFF7B5FB5EA25B210020FFF7F8F8C1
:101970004F48803800F018FA1023D22271216E20CF
:10198000FFF7A6FB59A271210020FFF7E9F85A489A
:1019900000F00AFA1023D22287216E20FFF798FB6D
:1019A00056A287210020FFF7DBF8574800F0FCF92A
:1019B0001023D2229D216E20FFF78AFB53A29D2186
:1019C0000020FFF7CDF8544800F0EEF91023D222A2
:1019D000B3216E20FFF77CFB50A2B3210020FFF75C
:1019E000BFF8514800F0E0F91023D222C9216E203F
:1019F000FFF76EFB4DA2C9210020FFF7B1F8464862
:101A00007F3000F0D1F91023D222DF216E20FFF7C2
:101A10005FFB49A2DF210020FFF7A2F82046FEF776
:101A20006FFD002000F0AEF9FEF786FE304600F0B4
:101A3000BBF9502278211046FFF7F0FA284600F053
:101A4000B3F950227821A020FFF7E8FAFF2000F038
:101A5000ABF950227821F020FFF7E0FA2046BDE8EC
:101A60007040FEF74DBD00004C00002021232425CE
:101A7000262728292A2B2C2D2E3031323334353687
:101A800000000000580000202123242526272829B3
:101A90002A2B2C2D2E303132333435363738393A23
:101AA0000000000064000020700000207C00002086
:101AB00080FFFF004C43445F424C5545000000004E
:101AC0004C43445F475245454E0000004C43445F41
:101AD000524544004C43445F4359414E00000000CE
:101AE0004C43445F4D4147454E5441004C43445F95
:101AF00059454C4C4F5700002C2C2C004C43445F54
:101B00004752455900000000FF8080004C4947487B
:101B1000545F424C5545000080FF80004C494748C7
:101B2000545F475245454E008080FF004C4947486E
:101B3000545F5245440000004C494748545F4359A4
:101B4000414E000008B5002000F01CF9FEF7F4FD3E
:101B5000184800F029F91848532300901A463721F5
:101B60001320FFF74FF9154800F01EF914485323CE
:101B700000901A4637218D20FFF744F9114800F0F4
:101B800013F91148532300901A46AF211320FFF791
:101B900039F90E4800F008F90D48532300901A4611
:101BA000AF218D20FFF72EF9BDE808404FF4FA6011
:101BB000FEF7A6BC8DE5F600228D0008FBF9DF00DC
:101BC000B3900008A8D39D00449400085387FF00F9
:101BD000D597000870B5FFF7E9FBFFF7F3F95C4C08
:101BE00004212046FEF777FD0A20FEF76FFE042150
:101BF0002046FEF772FD0A20FEF768FED320450757
:101C00002880544C2088544E208820884FF6FF713D
:101C100001EA002021880143318050A0FEF72AFB11
:101C2000E020288000202080032020800C202080BD
:101C30000920208017202080092020803E2020803D
:101C40008920208049202080082020800D202080AD
:101C50000A20208013202080152020800F20208043
:101C6000E120288000202080112020801520208065
:101C7000032020800F202080052020802D20208020
:101C80003420208041202080022020800B202080D2
:101C90000A20208033202080372020800F202080C1
:101CA000C02028801720208015202080C120288077
:101CB00041202080C5202880002020801220208004
:101CC0008020208036202880482020803A202880CC
:101CD00055202080B020288000202080B12028803E
:101CE000A0202080B420288002202080B6202880D8
:101CF000022020802080E920288000202080F720FA
:101D00002880A9202080512020802C202080822023
:101D10002080112028809620FEF7D8FD29202880D9
:101D2000002000F02FF86FF07F4000F03DF81049E0
:101D30000E48086001207074FEF796FEFEF7FCFC6A
:101D4000BDE870404FF480510A48FEF7C6BC000061
:101D50000008024000000260AC000020204C434418
:101D60002049443A494C4925780D0A005800002082
:101D700008000020000C0240014908607047000084
:101D8000080000204FF478414FF4FC6201EA102172
:101D900002EA5012C0F3C400114301430148C1607C
:101DA00070470000AC0000204FF478414FF4FC6213
:101DB00001EA102102EA5012C0F3C40011430143AA
:101DC0000148816070470000AC00002010B54FF062
:101DD000C0432A221A800A4A040A1480C0B2108022
:101DE00001201080DF2010802B201880080A10802E
:101DF000C8B2108001201080DF20108010BD0000CC
:101E0000000002600C494860808814280FD005DC6F
:101E10000C280AD0102807D1084804E0182808D058
:101E2000202801D10648086070470648FBE70648AD
:101E3000F9E70648F7E700000800002070000020DE
:101E40004C0000207C00002064000020580000208E
:101E50000149487470470000AC00002010B5002014
:101E6000FFF790FFFEF768FC6FF07F40FFF79CFFE5
:101E70005A48FFF781FF002159A20846FEF770FE7D
:101E80005B48FFF779FF5BA220210020FEF768FE88
:101E90005D48FFF771FF5DA238210020FEF760FE6C
:101EA0005F48FFF769FF5FA24C210020FEF758FE54
:101EB0006248FFF761FF62A25C210020FEF750FE3E
:101EC0004FF6FF70FFF770FF5C48FFF755FF5CA20D
:101ED00068210020FEF744FE5148FFF74DFF51A254
:101EE00074210020FEF73CFE4748FFF745FF47A25C
:101EF00084210020FEF734FE3D48FFF73DFF3DA260
:101F000098210020FEF72CFE3448FFF735FF34A25D
:101F1000B0210020FEF724FE3048FFF72DFF4F4888
:101F2000FFF742FF09234E4ADC210020FEF7E0FDC7
:101F30000020FFF78DFF09234A4AFC210020FEF70D
:101F4000D7FD0120FFF784FF092340F2D2424FF46E
:101F50008E710020FEF7CCFD4348FFF753FF434846
:101F6000FFF722FF42A24FF4A5710020FEF716FEF4
:101F70004248FFF747FF4248FFF716FF3CA24FF4E5
:101F8000AF710020FEF70AFE3E48FFF73BFF3E48D8
:101F9000FFF70AFF36A24FF4B9710020FEF7FEFDED
:101FA0003A48FFF72FFF3A48FFF7FEFE30A24FF402
:101FB000C8710020FEF7F2FD3648FFF723FF3648D0
:101FC000FFF7F2FE2AA24FF4D7710020FEF7E6FDDC
:101FD000BDE810404FF4FA60FEF792BA4C000020C2
:101FE00021232425262728292A2B2C2D2E30310089
:101FF0005800002021232425262728292A2B2C2D90
:102000002E30313233340000640000202123242597
:10201000262728292A2B2C2D2E3031323334350017
:102020007000002021232425262728292A2B2C2D47
:102030002E30313233343536370000007C0000203A
:1020400021232425262728292A2B2C2D2E303132F6
:10205000333435363738393A0000000000FFFF00CE
:102060009999991940E2010010000020D1C68AFF19
:10207000C2B9D0A1B0E0BFC6BCBC00001C000020AB
:10208000A5E1C5FF280000208A242DFF3400002090
:102090005D58FFFF400000203C00F6FF1CB5012109
:1020A000042000F01BF801208DF8040000218DF8B9
:1020B00006108DF80700064C8DF805100090694653
:1020C0002046FEF7A7FA01212046FEF704FB1CBDBF
:1020D00000080240FEE7704770470000044A0029EC
:1020E000116801D0014300E0814311607047000096
:1020F00030380240044A0029116801D0014300E051
:10210000814311607047000038380240044A0029BA
:10211000116801D0014300E0814311607047000065
:102120004438024070B5204A1168204C11F00C016F
:1021300004D06610042903D0082903D004601BE0F2
:10214000066019E01849091F0B68C3F380550B6836
:1021500003F03F0315B1B6FBF3F301E0B4FBF3F377
:102160000C680968C4F388146343C1F30141491C36
:102170004900B3FBF1F1016011680F2303EA11116B
:102180000B4B5C5C0168E14041601468072505EA7F
:1021900094241C5D21FA04F48460126805EA52322A
:1021A0009A5CD140C16070BD083802400024F40040
:1021B0009C000020704700000CB5002027490190CA
:1021C00000900A6842F480320A604FF4A0430A6823
:1021D00002F400320092019A521C0192009A12B944
:1021E000019A9A42F3D10A68920334D501200090F3
:1021F0001A484030026842F0805202601848026873
:1022000042F44042026015480830026802600268E9
:1022100042F400420260026842F4A0520260031FCE
:10222000104A1A600A6842F080720A600A689201D5
:10223000FCD50D4A40F205711160016821F00301DF
:102240000160016841F0020101600168C1F3810190
:102250000229FAD10CBD00900CBD000000380240EC
:102260000070004008544007003C024000F02EB8C7
:10227000124810B5016841F470010160104801680E
:1022800041F0010101600E4A00210832116002682C
:102290000C4B1A400260031D0B4A1A60026822F4BC
:1022A0008022026006480C300160FFF785FF034979
:1022B0004FF000608039086010BD000088ED00E03C
:1022C00000380240FFFFF6FE10300024034801688A
:1022D000002902D00168491E0160704700000020FB
:1022E0000029818902D041F4005101E021F400511C
:1022F000818170471CB501210846FFF7EFFE0220DF
:102300008DF8040000208DF8060001218DF80710DB
:102310008DF8050048020B4C009069462046FEF7F8
:1023200079F92015009069462046FEF773F90722D7
:1023300009212046FEF7BFF907220A212046FEF7B1
:10234000BAF91CBD000002400246002012880A4271
:1023500000D00120704700007FB50446008A0D467A
:1023600020F44051E88808432082A08941F20C61A2
:102370008843A9882A8911436A8902431143A181AC
:10238000A08A20F44071A8890843A0826846FFF71C
:10239000C9FE1A48844202D01948844201D10398E8
:1023A00000E00298A189090400EBC00101EB0010D4
:1023B000296801D5490000E08900B0FBF1F26420F2
:1023C000B2FBF0F109010B096FF018056B4302EB4A
:1023D0008302A3891D044FF0320306D503EBC2022A
:1023E000B2FBF0F000F0070005E003EB0212B2FBD5
:1023F000F0F000F00F00084320817FBD0010014085
:1024000000140140C1F3080181807047FEE700001D
:102410001FB501211020FFF779FEFFF76BFF4FF486
:10242000E13000900020ADF80800ADF804000C2168
:10243000074CADF80600ADF80A10ADF80C0069467F
:102440002046FFF789FF01212046FFF749FF1FBD06
:10245000001001407047000070B5074D0446C1B23E
:102460002846FFF7CFFF80212846FFF76DFF0028A1
:10247000F9D0204670BD000000100140FEF726F89C
:10248000FFF70CFEFEF742F9FFF7C2FF0FA0FDF7C2
:10249000F1FEFFF79FFB164C01212046FEF71FF9C6
:1024A0000120FEF7E1FAFEF75FF9FFF7D7FCFEF730
:1024B0003BFEFEF79BF9FFF78BF8FFF743FB00208D
:1024C000FEF7D2FAFFF77EF9E6E70000C2B9D0A125
:1024D000B0E02D53544D33324634303756455436E0
:1024E000BACBD0C4B0E5B2E2CAD40D0A00000000F5
:1024F000000802404FF04070E1EE100A70474000C3
:10250000FE079200FE079204FE0702008A04BA0248
:102510008A01AA041907C2B92000000000000000C7
:10252000000000000000000000000000000020008B
:102530002000200020002401240222022204210481
:10254000200020003800D0A1200000000000000082
:10255000000000000000000000000000000020005B
:10256000A70722012A012A012F01AA072601220119
:1025700016011301C807B0E02000000000000000B1
:102580000000000000000000000000000000080142
:102590002701440104013F0144010E011607E50132
:1025A000040104010401BFC6200000000000000077
:1025B0000000000000000000000000000000840097
:1025C0008400F4078F008400F4032C0227024401E6
:1025D000840044013606BCBC20000000000000005E
:1025E00000000000000000000000000000000000EB
:1025F00000000000000000000000000000000000DB
:1026000000000000000000000000000000000000CA
:1026100000000000000000000000000000000000BA
:1026200000000000000000000000000000000000AA
:10263000000000000000000000000000000000009A
:10264000000000000000000000000000000000008A
:10265000000000000000000000000000000000007A
:10266000000000000000000000000000000000006A
:10267000000000000000000000000000000000005A
:10268000000000000000000000000000000000004A
:10269000000000000000000000000000000000003A
:1026A000000000000000000000000000000000002A
:1026B000000000000000000000000000000000001A
:1026C000000000000000000000000000000000000A
:1026D000000000000000000000000000000080007A
:1026E0000001FC7F44044404FC3F44244424FC3F98
:1026F00014021422F41A12061222D122303CC2B95A
:1027000020000000000000000000000000000000A9
:102710000000000000000000000000000000800039
:102720008000800080008000880888108820842035
:1027300084408240814080008000A0004000D0A101
:102740002000000000000000000000000000000069
:102750000000000000000000000000000000000178
:1027600000011F7D44114411441144115F7D441147
:10277000241104119C108710427C20001000B0E04E
:102780002000000000000000000000000000000029
:102790000000000000000000000000000000100821
:1027A000B8080F0908090808BF0808091C092C08FF
:1027B0000A78CA0F09080808080808080808BFC6E8
:1027C00020000000000000000000000000000000E9
:1027D00000000000000000000000000000000804ED
:1027E00008040804C87F3F0408040804A83F18210F
:1027F0000C110B12080A0804080A8A116460BCBC98
:1028000020000000000000000000000000000000A8
:1028100000000000000000000000000000000000B8
:1028200000000000000000000000000000000000A8
:102830000000000000000000000000000000000098
:102840000000000000000000000000000000000088
:102850000000000000000000000000000000000078
:102860000000000000000000000000000000000068
:102870000000000000000000000000000000000058
:102880000000000000000000000000000000000048
:102890000000000000000000000000000000000038
:1028A0000000000000000000000000000000000028
:1028B0000000000000000000000000000000000018
:1028C0000000000000000000000000000000000008
:1028D00000000000000000000000000000000000F8
:1028E00000000000000000000000000000000000E8
:1028F00000000000000000000000000000000000D8
:1029000000000000000000000000000000000000C7
:1029100000000000000000000000000000000000B7
:1029200000000000000000000000000000000000A7
:102930000000000000000000000000000000000097
:102940000000000000000000000000000000000087
:102950000000000000000000000000000000000077
:1029600000000400000C00F8EE030811000811003C
:10297000F8FF01081101081101F8F701080801C862
:102980001001489001C87300481002481402441313
:1029900002C4F003020000000000C2B920000000E1
:1029A0000000000000000000000000000000000027
:1029B0000000000000000000000000000000000017
:1029C0000000000000000000000000000000000007
:1029D00000000000000000000000040000040000EF
:1029E000040000040000040040040060240020C42F
:1029F00000208401100403080403080402040402F4
:102A00000004000004000004008007000002000031
:102A10000000D0A120000000000000000000000025
:102A200000000000000000000000000000000000A6
:102A30000000000000000000000000000000000096
:102A40000000000000000000000000000000000086
:102A500000000400EC040010BC031044001044000B
:102A6000104400104500FC450010E50390440010A0
:102A70004400104400D042003042000E410082F871
:102A800007400000300000000000B0E0200000001F
:102A90000000000000000000000000000000000036
:102AA0000000000000000000000000000000000026
:102AB0000000000000000000000000000000000016
:102AC000000000000000000000008000C081003C09
:102AD0008000208800209000209000FC8100208051
:102AE00000608800B0900030810728F9002487003A
:102AF00022800020800020800020800020800000B4
:102B00000000BFC620000000000000000000000020
:102B100000000000000000000000000000000000B5
:102B200000000000000000000000000000000000A5
:102B30000000000000000000000000000000000095
:102B400000101000302000202000202000FCFF0397
:102B5000202000202000202000E0F8013804012679
:102B60008400208800204800207000203000204889
:102B7000003C8603900102000000BCBC2000000065
:102B80000000000000000000000000000000000045
:102B90000000000000000000000000000000000035
:102BA0000000000000000000000000000000000025
:102BB0000000000000000000000000000000000015
:102BC0000000000000000000000000000000000005
:102BD00000000000000000000000000000000000F5
:102BE00000000000000000000000000000000000E5
:102BF00000000000000000000000000000000000D5
:102C000000000000000000000000000000000000C4
:102C100000000000000000000000000000000000B4
:102C200000000000000000000000000000000000A4
:102C30000000000000000000000000000000000094
:102C40000000000000000000000000000000000084
:102C50000000000000000000000000000000000074
:102C60000000000000000000000000000000000064
:102C70000000000000000000000000000000000054
:102C80000000000000000000000000000000000044
:102C90000000000000000000000000000000000034
:102CA0000000000000000000000000000000000024
:102CB0000000000000000000000000000000000014
:102CC0000000000000000000000000000000000004
:102CD00000000000000000000000000000000000F4
:102CE00000000000000000000000000000000000E4
:102CF00000000000000000000000000000000000D4
:102D000000000000000000000000000000000000C3
:102D100000000000000000000000000000000000B3
:102D200000000000000000000000000000000000A3
:102D30000000000000000000000000000000000093
:102D40000000000000000000000000000000000083
:102D50000000000000000000000000000000000073
:102D60000000000000000000000000000000000063
:102D70000000000000000000000000000000000053
:102D80000000000000000000000000000000000043
:102D90000000000000000000000000000000000033
:102DA0000000000000000000000000000000000023
:102DB0000000000000000000000000000000000013
:102DC0000000000000000000000000000000000003
:102DD00000000000000000000000000000000000F3
:102DE00000000000000000000000000000000000E3
:102DF00000000000000000000000000000000000D3
:102E000000000000000000000000000000000000C2
:102E100000001000003010F0FF3F10420010420090
:102E2000104200F0FF1F104208104208104208F044
:102E3000FF0F10200890C00090410890410E904F65
:102E40000398C10088411088491084473084C13FED
:102E5000020000000000C2B92000000000000000D5
:102E60000000000000000000000000000000000062
:102E70000000000000000000000000000000000052
:102E80000000000000000000000000000000000042
:102E90000000000000000000000000000000000032
:102EA00000000000001800001800001000001000D2
:102EB000001000001000809000801101C01002403E
:102EC000100460101C30101810103008103004105E
:102ED00020001000001000001000001900001E006B
:102EE000000C00000000D0A1200000000000000045
:102EF00000000000000000000000000000000000D2
:102F000000000000000000000000000000000000C1
:102F100000000000000000000000000000000000B1
:102F200000000000000000000000000000000000A1
:102F300000001000003000FED13F201002201002DF
:102F4000201002201002201402FC1502201402207E
:102F5000D63F201202201202201002A009026008AF
:102F6000021C080206040200020200F13FC0000039
:102F7000200000000000B0E0200000000000000081
:102F80000000000000000000000000000000000041
:102F90000000000000000000000000000000000031
:102FA0000000000000000000000000000000000021
:102FB0000000000000000000000000000000000011
:102FC0000000000400070CF80004C00004C0600406
:102FD000C0C004C00004FE0704C00004C02004E018
:102FE0006004E04304F04624D04474C8800FC878DD
:102FF00004C40404C20004C00004C00004C00004EF
:10300000C00004400004BFC6200000000000000013
:1030100000000000000000000000000000000000B0
:1030200000000000000000000000000000000000A0
:103030000000000000000000000000000000000090
:103040000000000000000000000000000000000080
:10305000002080006080016080006080006080004F
:10306000FEFF3F608000608000608000608200E0C2
:10307000FD1F7010086E100C642004602006604074
:103080000260400360800160400364300E780C7C75
:10309000200310000000BCBC200000000000000065
:1030A0000000000000000000000000000000000020
:1030B0000000000000000000000000000000000010
:1030C0000000000000000000000000000000000000
:1030D00000000000000000000000000000000000F0
:1030E00000000000000000000000000000000000E0
:1030F00000000000000000000000000000000000D0
:1031000000000000000000000000000000000000BF
:1031100000000000000000000000000000000000AF
:10312000000000000000000000000000000000009F
:10313000000000000000000000000000000000008F
:10314000000000000000000000000000000000007F
:10315000000000000000000000000000000000006F
:10316000000000000000000000000000000000005F
:10317000000000000000000000000000000000004F
:10318000000000000000000000000000000000003F
:10319000000000000000000000000000000000002F
:1031A000000000000000000000000000000000001F
:1031B000000000000000000000000000000000000F
:1031C00000000000000000000000000000000000FF
:1031D00000000000000000000000000000000000EF
:1031E00000000000000000000000000000000000DF
:1031F00000000000000000000000000000000000CF
:1032000000000000000000000000000000000000BE
:1032100000000000000000000000000000000000AE
:10322000000000000000000000000000000000009E
:10323000000000000000000000000000000000008E
:10324000000000000000000000000000000000007E
:10325000000000000000000000000000000000006E
:10326000000000000000000000000000000000005E
:10327000000000000000000000000000000000004E
:10328000000000000000000000000000000000003E
:10329000000000000000000000000000000000002E
:1032A000000000000000000000000000000000001E
:1032B000000000000000000000000000000000000E
:1032C00000000000000000000000000000000000FE
:1032D00000000000000000000000000000000000EE
:1032E00000000000000000000000000000000000DE
:1032F00000000000000000000000000000000000CE
:1033000000000000000000000000000000000000BD
:1033100000000000000000000000000000000000AD
:10332000000000000000000000000000000000009D
:10333000000000000000000000000000000000008D
:10334000000000000000000000000000000000007D
:10335000000000000000000000000000000000006D
:10336000000000000000000000000000000000005D
:10337000000000000000000000000000000000004D
:10338000000000000000000000000000000000003D
:10339000000000000000000000000000000000002D
:1033A000000000000000000000000000000000001D
:1033B000000000000000000000000000000000000D
:1033C00000000000000000000000000000000000FD
:1033D00000000000000000000000000000000000ED
:1033E00000000000000000000000000000000000DD
:1033F00000000000000000000000000000000000CD
:1034000000000000000000000000000000000000BC
:1034100000000000000000000000000000000000AC
:10342000000000000000000000000000000000009C
:10343000000000000000000000000000000000008C
:10344000000000000000000000000000000000007C
:10345000000000000000000000000000000000006C
:10346000000000000000000000000000000000005C
:10347000000000000000000000000000000000004C
:10348000000000000000000000000000000000003C
:10349000000000000000000000000000000000002C
:1034A000000000000000000000000000000000001C
:1034B000000000000000000000000000000000000C
:1034C00000000000000000000000000000000000FC
:1034D00000000000000000000000000000000000EC
:1034E00000000000000000000000000000000000DC
:1034F00000000000000000000000000000000000CC
:1035000000000000000000000000000000000000BB
:1035100000000000000000000000000000000000AB
:10352000000000000000000000000000000000009B
:10353000000000000000000000000000000000008B
:10354000000000000000000000000000000000007B
:10355000000000000000000000000000000000006B
:10356000000000000000000000000000000000005B
:10357000000000000000000000000000000000004B
:10358000000000000000000000000000000000003B
:10359000000000000000000000000000000000002B
:1035A000000000000000000000000000000000001B
:1035B000000000000000000000000000000000000B
:1035C00000000000000000000000000000000000FB
:1035D00000000000000000000000000000000000EB
:1035E00000000000000000000000000000000000DB
:1035F00000000000000000000000000000000000CB
:1036000000000000000000000000000000000000BA
:1036100000000000000000000000000000000000AA
:10362000000000000000000000000000000000009A
:10363000000000000000000000000000000000008A
:10364000000000000000000000000000000000007A
:10365000000000000000000000000000000000006A
:10366000000000000000000000000000000000005A
:10367000000000000000000000000000000000004A
:10368000000000000000000000000000000000003A
:10369000000000000000000000000000000000002A
:1036A000000000000000000000000000000000001A
:1036B000000000000000000000000000000000000A
:1036C00000000000000000000000000000000000FA
:1036D00000000000000000000000000000000000EA
:1036E00000000000000000000000000000000000DA
:1036F00000000000000000000000000000000000CA
:1037000000000000000000000000000000000000B9
:1037100000000000000000000000000000000000A9
:103720000000000000000000000000000000000099
:103730000000000000000000000000000000000089
:103740000000000000000000000000000000000079
:103750000000000000000000000000000000000069
:103760000000000000000000000000000000000059
:103770000000000000000000000000000000000049
:103780000000000000000000000000000000000039
:103790000000000000000000000000000000000029
:1037A0000000000000000000000000000000000019
:1037B0000000000000000000000000000000000009
:1037C00000000000000000000000000000000000F9
:1037D00000000000000000000000000000000000E9
:1037E00000000000000000000000000000000000D9
:1037F00000000000000000000000000000000000C9
:1038000000000000000000000000000000000000B8
:1038100000000000000000000000000000000000A8
:103820000000000000000000000000000000000098
:103830000000000000000000000000000000000088
:103840000000000000000000000000000000000078
:103850000000000000000000000000000000000068
:103860000000000000000000000000000000000058
:103870000000000000000000000000000000000048
:103880000000000000000000000000000000000038
:103890000000000000000000000000000000000028
:1038A0000000000000000000000000000000000018
:1038B0000000000000000000000000000000000008
:1038C00000000000000000000000000000000000F8
:1038D00000000000000000000000000000000000E8
:1038E00000000000000000000000000000000000D8
:1038F00000000000000000000000000000000000C8
:1039000000000000000000000000000000000000B7
:1039100000000000000000000000000000000000A7
:103920000000000000000000000000000000000097
:103930000000000000000000000000000000000087
:103940000000000000000000000000000000000077
:103950000000000000000000000000000000000067
:103960000000000000000000000000000000000057
:103970000000000000000000000000000000000047
:103980000000000000000000000000000000000037
:103990000000000000000000000000000000000027
:1039A0000000000000000000000000000000000017
:1039B0000000000000000000000000000000000007
:1039C00000000000000000000000000000000000F7
:1039D00000000000000000000000000000000000E7
:1039E00000000000000000000000000000000000D7
:1039F00000000000000000000000000000000000C7
:103A000000000000000000000000000000000000B6
:103A100000000000000000000000000000000000A6
:103A20000000000000000000000000000000000096
:103A30000000000000000000000000000000000086
:103A40000000000000000000000000000000000076
:103A50000000000000000000000000000000000066
:103A60000000000000000000000000000000000056
:103A70000000000000000000000000000000000046
:103A80000000000000000000000000000000000036
:103A90000000000000000000000000000000000026
:103AA0000000000000000000000000000000000016
:103AB0000000000000000000000000000000000006
:103AC00000000000000000000000000000000000F6
:103AD00000000000000000000000000000000000E6
:103AE00000000000000000000000000000000000D6
:103AF00000000000000000000000000000000000C6
:103B000000000000000000000000000000000000B5
:103B100000000000000000000000000000000000A5
:103B20000000000000000000000000000000000095
:103B30000000000000000000000000000000000085
:103B40000000000000000000000000000000000075
:103B50000000000000000000000000000000000065
:103B60000000000000000000000000000000000055
:103B70000000000000000000000000000000000045
:103B80000000000000000000000000000000000035
:103B90000000000000000000000000000000000025
:103BA0000000000000000000000000000000000015
:103BB0000000000000000000000000000000000005
:103BC00000000000000000000000000000000000F5
:103BD00000000000000000000000000000000000E5
:103BE00000000000000000000000000000000000D5
:103BF00000000000000000000000000000000000C5
:103C000000000000000000000000000000000000B4
:103C100000000000000000000000000000000000A4
:103C20000000000000000000000000000000000094
:103C30000000000000000000000000000000000084
:103C40000000000000000000000000000000000074
:103C50000000000000000000000000000000000064
:103C60000000000000000000000000000000000054
:103C70000000000000000000000000000000000044
:103C80000000000000000000000000000000000034
:103C90000000000000000000000000000000000024
:103CA0000000000000000000000000000000000014
:103CB0000000000000000000000000000000000004
:103CC00000000000000000000000000000000000F4
:103CD00000000000000000000000000000000000E4
:103CE00000000000000000000000000000000000D4
:103CF00000000000000000000000000000000000C4
:103D000000000000000000000000000000000000B3
:103D100000000000000000000000000000000000A3
:103D20000000000000000000000000000000000093
:103D30000000000000000000000000000000000083
:103D40000000000000000000000000000000000073
:103D50000000000000000000000000000000000063
:103D60000000000000000000000000000000000053
:103D70000000000000000000000000000000000043
:103D80000000000000000000000000000000000033
:103D90000000000000000000000000000000000023
:103DA0000000000000000000000000000000000013
:103DB0000000000000000000000000000000000003
:103DC00000000000000000000000000000000000F3
:103DD00000000000000000000000000000000000E3
:103DE00000000000000000000000000000000000D3
:103DF00000000000000000000000000000000000C3
:103E000000000000000000000000000000000000B2
:103E100000000000000000000000000000000000A2
:103E20000000000000000000000000000000000092
:103E30000000000000000000000000000000000082
:103E40000000000000000000000000000000000072
:103E50000000000000000000000000000000000062
:103E60000000000000000000000000000000000052
:103E70000000000000000000000000000000000042
:103E80000000000000000000000000000000000032
:103E90000000000000000000000000000000000022
:103EA0000000000000000000000000000000000012
:103EB0000000000000000000000000000000000002
:103EC00000000000000000000000000000000000F2
:103ED00000000000000000000000000000000000E2
:103EE00000000000000000000000000000000000D2
:103EF00000000000000000000000000000000000C2
:103F000000000000000000000000000000000000B1
:103F100000000000000000000000000000000000A1
:103F20000000000000000000000000000000000091
:103F30000000000000000000000000000000000081
:103F40000000000000000000000000000000000071
:103F50000000000000000000000000000000000061
:103F60000000000000000000000000000000000051
:103F70000000000000000000000000000000000041
:103F80000000000000000000000000000000000031
:103F90000000000000000000000000000000000021
:103FA0000000000000000000000000000000000011
:103FB0000000000000000000000000000000000001
:103FC00000000000000000000000000000000000F1
:103FD00000000000000000000000000000000000E1
:103FE00000000000000000000000000000000000D1
:103FF00000000000000000000000000000000000C1
:1040000000000000000000000000000000000000B0
:1040100000000000000000000000000000000000A0
:104020000000000000000000000000000000000090
:104030000000000000000000000000000000000080
:104040000000000000000000000000000000000070
:1040500000000000000000000000000000000080E0
:10406000000000000300000003002000020CE0FF3D
:10407000FF1F60300C0060300C0060300C04E0FF6B
:10408000FF0F60300C0460300C0460300C046030B2
:104090000C04E0FFFF0760000004600004006004FF
:1040A0001C00600C0C0460040C0F60C48C0320FC2A
:1040B000ED0020041C0030040C0010040D0810C496
:1040C0000C0808340C18081E1838040CF81F0200DD
:1040D000000000000000C2B9200000000000000045
:1040E00000000000000000000000000000000000D0
:1040F00000000000000000000000000000000000C0
:1041000000000000000000000000000000000000AF
:10411000000000000000000000000000000000009F
:10412000000000000000000000000000000000008F
:10413000000000000000000000000000000000007F
:10414000000000000000000000000000000000006F
:1041500000000000000000000000000000000080DF
:104160000000008007000080010000800100008046
:104170000100008001000080010000800100008239
:104180000100008E2100008641000087810000832D
:1041900081018081010380810106C080010E408081
:1041A000011C6080011C30800118108001180880FB
:1041B00001100480010000800100008001000080E7
:1041C0000100008C010000F0010000E00000004050
:1041D000000000000000D0A120000000000000004E
:1041E00000000000000000000000000000000000CF
:1041F00000000000000000000000000000000000BF
:1042000000000000000000000000000000000000AE
:10421000000000000000000000000000000000009E
:10422000000000000000000000000000000000008E
:10423000000000000000000000000000000000007E
:10424000000000000000000000000000000000006E
:10425000000000000000000000000000000000005E
:10426000010000000700000C0318FC1FFF3FC00006
:104270008301C0008301C0008301C0008301C0002E
:104280008301C0008301C0248301FC2F8301C0206F
:104290008309C020FF1FC0308301C0188101C00006
:1042A0008101C0008101C0908101C08C8101C08367
:1042B0008001F0C080013E4080010C208001003070
:1042C00080110008FE3F0006000000010000C00051
:1042D000000000000000B0E020000000000000002E
:1042E00000000000000000000000000000000000CE
:1042F00000000000000000000000000000000000BE
:1043000000000000000000000000000000000000AD
:10431000000000000000000000000000000000009D
:10432000000000000000000000000000000000008D
:10433000000000000000000000000000000000007D
:10434000000000000000000000000000000000006D
:10435000000000000000000000000000000000005D
:10436000000100300007003C0003E00700031C03CD
:1043700000030003060300030C03000318030003FB
:10438000180300230003FC7F000300030003000365
:10439000020380030603800F0C03C03B0803403375
:1043A00000336023003F2023F00310830F030863D2
:1043B00000030403000302030003000300030003DF
:1043C00000030003000300030003000300030001D7
:1043D000000100000000BFC6200000000000000037
:1043E00000000000000000000000000000000000CD
:1043F00000000000000000000000000000000000BD
:1044000000000000000000000000000000000000AC
:10441000000000000000000000000000000000009C
:10442000000000000000000000000000000000008C
:10443000000000000000000000000000000000007C
:10444000000000000000000000000000000000006C
:1044500000000000000000000000000000008000DC
:104460001000800370008001300080013000800166
:1044700030008001300080193018FCFFFF3F8001C0
:104480003000800130008001300080013000803138
:10449000300480CDFF0F80030106F0010106BC014E
:1044A00002038C01020380018601800184018001E6
:1044B000CC008001680080017000800178008001DC
:1044C000EC008001C703F881011FE071003E400C41
:1044D000000000000000BCBC200000000000000044
:1044E00000000000000000000000000000000000CC
:1044F00000000000000000000000000000000000BC
:1045000000000000000000000000000000000000AB
:10451000000000000000000000000000000000009B
:10452000000000000000000000000000000000008B
:10453000000000000000000000000000000000007B
:10454000000000000000000000000000000000006B
:10455000000000000000000000000000000000005B
:10456000000000000000000000000000000000004B
:10457000000000000000000000000000000000003B
:10458000000000000000000000000000000000002B
:10459000000000000000000000000000000000001B
:1045A000000000000000000000000000000000000B
:1045B00000000000000000000000000000000000FB
:1045C00000000000000000000000000000000000EB
:1045D00000000000000000000000000000000000DB
:1045E00000000000000000000000000000000000CB
:1045F00000000000000000000000000000000000BB
:1046000000000000000000000000000000000000AA
:10461000000000000000000000000000000000009A
:10462000000000000000000000000000000000008A
:10463000000000000000000000000000000000007A
:10464000000000000000000000000000000000006A
:10465000000000000000000000000000000000005A
:10466000000000000000000000000000000000004A
:10467000000000000000000000000000000000003A
:10468000000000000000000000000000000000002A
:10469000000000000000000000000000000000001A
:1046A000000000000000000000000000000000000A
:1046B00000000000000000000000000000000000FA
:1046C00000000000000000000000000000000000EA
:1046D00000000000000000000000000000000000DA
:1046E00000000000000000000000000000000000CA
:1046F00000000000000000000000000000000000BA
:1047000000000000000000000000000000000000A9
:104710000000000000000000000000000000000099
:104720000000000000000000000000000000000089
:104730000000000000000000000000000000000079
:104740000000000000000000000000000000000069
:104750000000000000000000000000000000000059
:104760000000000000000000000000000000000049
:104770000000000000000000000000000000000039
:104780000000000000000000000000000000000029
:104790000000000000000000000000000000000019
:1047A0000000000000000000000000000000000009
:1047B00000000000000000000000000000000000F9
:1047C00000000000000000000000000000000000E9
:1047D00000000000000000000000000000000000D9
:1047E00000000000000000000000000000000000C9
:1047F00000000000000000000000000000000000B9
:1048000000000000000000000000000000000000A8
:104810000000000000000000000000000000000098
:104820000000000000000000000000000000000088
:104830000000000000000000000000000000000078
:104840000000000000000000000000000000000068
:104850000000000000000000000000000000000058
:104860000000000000000000000000000000000048
:104870000000000000000000000000000000000038
:104880000000000000000000000000000000000028
:104890000000000000000000000000000000000018
:1048A0000000000000000000000000000000000008
:1048B00000000000000000000000000000000000F8
:1048C00000000000000000000000000000000000E8
:1048D00000000000000000000000000000000000D8
:1048E00000000000000000000000000000000000C8
:1048F00000000000000000000000000000000000B8
:1049000000000000000000000000000000000000A7
:104910000000000000000000000000000000000097
:104920000000000000000000000000000000000087
:104930000000000000000000000000000000000077
:104940000000000000000000000000000000000067
:104950000000000000000000000000000000000057
:104960000000000000000000000000000000000047
:104970000000000000000000000000000000000037
:104980000000000000000000000000000000000027
:104990000000000000000000000000000000000017
:1049A0000000000000000000000000000000000007
:1049B00000000000000000000000000000000000F7
:1049C00000000000000000000000000000000000E7
:1049D00000000000000000000000000000000000D7
:1049E00000000000000000000000000000000000C7
:1049F00000000000000000000000000000000000B7
:104A000000000000000000000000000000000000A6
:104A10000000000000000000000000000000000096
:104A20000000000000000000000000000000000086
:104A30000000000000000000000000000000000076
:104A40000000000000000000000000000000000066
:104A50000000000000000000000000000000000056
:104A60000000000000000000000000000000000046
:104A70000000000000000000000000000000000036
:104A80000000000000000000000000000000000026
:104A90000000000000000000000000000000000016
:104AA0000000C003C003C003C003C003C0038003F1
:104AB00080018001800180018001800180018001EE
:104AC0000000000000008001C003C003800100005E
:104AD00000000000000000000000C018E01CE01C06
:104AE000700E300618038C018400000000000000E6
:104AF00000000000000000000000000000000000B6
:104B000000000000000000000000000000000000A5
:104B10000000000000000000000000000000000095
:104B2000000020102010201020102010FE7FFE7F9B
:104B3000FE7F100810081008100810081008FE7FEB
:104B4000FE7FFE7F180C0804080408040804000017
:104B500000000000000000000000000000008000D5
:104B60008000C003B00C90189818981C981CB800CE
:104B7000B000F000E000C0038007800F800C801CB4
:104B800080189C189C188C188C0C9806E0038000E8
:104B90008000800000000000000000000000000015
:104BA00000001C08360822046304630263026302E7
:104BB000630163012201B61C9C36402240634063BE
:104BC000206320631063106310220836081C000065
:104BD00000000000000000000000000000000000D5
:104BE0000000F00098008C018C018C018C018C007D
:104BF000CC005C0038001C3E3C083208730863049B
:104C0000E304C3048303834306678C3E781C0000DF
:104C1000000000000000000000001C003C003C0000
:104C20003000300010000C00060000000000000002
:104C30000000000000000000000000000000000074
:104C40000000000000000000000000000000000064
:104C500000000000000000000000004000200010E4
:104C60000018000C0004000600020003000380018D
:104C7000800180018001800180018001800180012C
:104C800000030003000200060004000C00180010DE
:104C900000200040000000000000020004000800A6
:104CA00018003000200060004000C000C0008001FB
:104CB00080018001800180018001800180018001EC
:104CC000C000C000C00060002000300018000800D4
:104CD00004000200000000000000000000000000CE
:104CE0000000000000000003800380030C631C71BF
:104CF0003839600D80038003600D38391C718C6178
:104D0000800380038003000000000000000000001A
:104D10000000000000000000000000000000000093
:104D2000000000000000000000010001000100017F
:104D3000000100010001FC7F0001000100010001F1
:104D40000001000100010000000000000000000060
:104D50000000000000000000000000000000000053
:104D60000000000000000000000000000000000043
:104D70000000000000000000000000000000000033
:104D80000000000000001C003C003C00300030002F
:104D900010000C00060000000000000000000000F1
:104DA0000000000000000000000000000000000003
:104DB000000000000000FE7F000000000000000076
:104DC00000000000000000000000000000000000E3
:104DD00000000000000000000000000000000000D3
:104DE00000000000000000000000000000000000C3
:104DF00000000000000000000000000000000000B3
:104E000000000000000018003C003C0018000000FA
:104E100000000000000000000000000000400060F2
:104E200000200030001000180008000C00040006EC
:104E300000020003000180018000C000400060000B
:104E4000200030001000180008000C0004000600CC
:104E50000200000000000000000000000000000050
:104E60000000C0036004300C1818181818100C301B
:104E70000C300C300C300C300C300C300C300C3052
:104E80000C30181018181818300C6004C0030000FB
:104E90000000000000000000000000000000000012
:104EA000000000018001F801800180018001800183
:104EB00080018001800180018001800180018001EA
:104EC00080018001800180018001C003F81F000083
:104ED00000000000000000000000000000000000D2
:104EE0000000E007101C0818043004300C300C30AF
:104EF000003000180018000C000600038001C000FC
:104F000040002020102008200430FC1FFC1F00005F
:104F10000000000000000000000000000000000091
:104F20000000E00318060C0C0C180C180C180018E4
:104F30000018000C0006C003000E0018001000301E
:104F400000300C300C300C100C18180CE003000072
:104F50000000000000000000000000000000000051
:104F600000000006000600070007800680064006D5
:104F7000200620061006100608060C060406020687
:104F8000FE3F00060006000600060006C03F0000C7
:104F90000000000000000000000000000000000011
:104FA0000000F03FF03F080008000800080008007B
:104FB0000800C807280C181808100030003000300E
:104FC00000300C300C3004180418180CE0030000FA
:104FD00000000000000000000000000000000000D1
:104FE000000080076018301810181800080008002A
:104FF0000C00CC076C0C1C181C100C300C300C3046
:105000000C300C30183018103018700CC00700002D
:105010000000000000000000000000000000000090
:105020000000F83FF83F08100C08040804040004CE
:1050300000020002000200010001800080008000E8
:105040008000C000C000C000C000C000C000000060
:105050000000000000000000000000000000000050
:105060000000E007300C18180C300C300C301C30ED
:105070001C107818F004E003180F0C1E0C1C0638E6
:1050800006300630063006300C18180CE00300001D
:105090000000000000000000000000000000000010
:1050A0000000E00318040C080C1806100630063047
:1050B0000630063006300E380C341836F031003029
:1050C0000018001800080C0C0C060C03F00100007E
:1050D00000000000000000000000000000000000D0
:1050E00000000000000000000000000000000000C0
:1050F0008001C003C0038001000000000000000028
:105100000000000000008001C003C0038001000017
:10511000000000000000000000000000000000008F
:10512000000000000000000000000000000000007F
:105130000000C001C001C00100000000000000002C
:105140000000000000000000C001C001C00180019B
:10515000C000C000000000000000000000000000CF
:105160000000002000100008000400020001800080
:10517000400020001000080008001000200040003F
:105180008000000100020004000800100020000060
:10519000000000000000000000000000000000000F
:1051A00000000000000000000000000000000000FF
:1051B000FE7F00000000000000000000FE7F0000F5
:1051C00000000000000000000000000000000000DF
:1051D00000000000000000000000000000000000CF
:1051E00000000400080010002000400080000001C2
:1051F0000002000400080010001000080004000273
:1052000000018000400020001000080004000000A1
:10521000000000000000000000000000000000008E
:105220000000C0073018183008600C601C601C605B
:105230001C6000300018000E000300010001000196
:105240000001000000008001C003C00380010000D5
:10525000000000000000000000000000000000004E
:105260000000C0076008301018200C2B8C4D844CB7
:10527000C64CC64466446644664466466626662650
:105280006417CC0C0C40082018303018C007000000
:10529000000000000000000000000000000000000E
:1052A0000000C001C001C001C00120032003200391
:1052B000200330021006100610061004F80F080C28
:1052C000080C080C04180418041806381F7C000089
:1052D00000000000000000000000000000000000CE
:1052E0000000FE07181C1818183018301830183035
:1052F00018301818180CF8071818183018201860EB
:10530000186018601860186018301818FE0F000038
:10531000000000000000000000000000000000008D
:105320000000C0076038103018600C400C400C00C2
:10533000060006000600060006000600060006003D
:1053400006000C400C40082018103008C007000070
:10535000000000000000000000000000000000004D
:105360000000FE03180E18181810183018301860B6
:10537000186018601860186018601860186018606D
:10538000182018301830181818181806FE030000D6
:10539000000000000000000000000000000000000D
:1053A0000000FE3F18301820184018401800180060
:1053B00018081808180CF80F180C18081808180006
:1053C000180018001840184018201830FE3F000040
:1053D00000000000000000000000000000000000CD
:1053E0000000FE3F18381820184018401800180018
:1053F00018081808180CF80F180C180818081808BE
:105400001800180018001800180018007E0000008E
:10541000000000000000000000000000000000008C
:105420000000C003300C100818180C100C100400F9
:1054300006000600060006000600067E061806188E
:1054400004180C180C18081818183004E003000091
:10545000000000000000000000000000000000004C
:1054600000003FFC0C300C300C300C300C300C3099
:105470000C300C300C30FC3F0C300C300C300C304D
:105480000C300C300C300C300C300C303FFC000079
:10549000000000000000000000000000000000000C
:1054A0000000F81F800180018001800180018001DF
:1054B00080018001800180018001800180018001E4
:1054C000800180018001800180018001F81F0000BF
:1054D00000000000000000000000000000000000CC
:1054E0000000E07F00060006000600060006000639
:1054F000000600060006000600060006000600067C
:1055000000060006000600060006000600060E065D
:105510000E038E01FC0000000000000000000000EF
:1055200000007E3E180C1804180618021801180115
:1055300098009800D800B801B8011803180318069D
:105540001806180C180C180C181818187E7C000077
:10555000000000000000000000000000000000004B
:1055600000007E001800180018001800180018002D
:10557000180018001800180018001800180018006B
:10558000180018001840184018201830FE3F00007E
:10559000000000000000000000000000000000000B
:1055A00000000FF01C381C381C381C381C343434F4
:1055B00034343434343234326432643264326431F8
:1055C0004431C431C431C430C43084308FFC000055
:1055D00000000000000000000000000000000000CB
:1055E00000000FF81C201C2034203420642064208C
:1055F000C420C420842184210423042304260426F7
:10560000042C042C04380438043004301F2000001B
:10561000000000000000000000000000000000008A
:105620000000C003300C181808100C300C30062095
:10563000066006600660066006600660066006603A
:1056400004600C300C3008101818300CC003000037
:10565000000000000000000000000000000000004A
:105660000000FE0F181818301860186018601860D5
:105670001860186018301818F8071800180018007B
:105680001800180018001800180018007E0000000C
:10569000000000000000000000000000000000000A
:1056A0000000C003300C181808100C300C300660D5
:1056B00006600660066006600660066006600660BA
:1056C0000660E4211C331C36181E300EC007004C47
:1056D000003C003800000000000000000000000056
:1056E0000000FE07181C1818183018301830183031
:1056F00018301818180CF80718031803180618069D
:105700001806180C180C180C181818187E780000B9
:105710000000000000000000000000000000000089
:105720000000F013181E0C180618061006100600CC
:105730000E003C00F800E003800F001E0018003847
:1057400002300230063004300C181C0CE407000054
:105750000000000000000000000000000000000049
:105760000000FC3F8C2184618241824180018001E4
:105770008001800180018001800180018001800121
:10578000800180018001800180018001E00700002C
:105790000000000000000000000000000000000009
:1057A00000003F7C0C100C100C100C100C100C1096
:1057B0000C100C100C100C100C100C100C100C1009
:1057C0000C100C100C100C1018083804E00300002A
:1057D00000000000000000000000000000000000C9
:1057E00000003E78183018101810181030083008D3
:1057F0003008300830046004600460046002C002B5
:10580000C002C002C0018001800180008000000051
:105810000000000000000000000000000000000088
:105820000000CFF386618621842104210C238C2380
:105830008C238C138C138813481258165816580E44
:10584000380E300E300E300C3004100410040000FE
:105850000000000000000000000000000000000048
:1058600000003E7C18101808300830046004600204
:10587000C002C00180018001800180034003400616
:105880002006200E100C100C181808383E7C000062
:105890000000000000000000000000000000000008
:1058A00000007E7C1C1018101808300830083004E6
:1058B00060046004C002C002C00180018001800158
:1058C000800180018001800180018001E0070000EB
:1058D00000000000000000000000000000000000C8
:1058E0000000F87F383018300C180418000C00063F
:1058F00000060003000380018001C000C0006000BA
:1059000060003000184018600C200C38FE3F00008A
:10591000000000000000000000000000C03FC000C8
:10592000C000C000C000C000C000C000C000C00077
:10593000C000C000C000C000C000C000C000C00067
:10594000C000C000C000C000C000C000C000C00057
:10595000C03F000000000000000000000000000048
:1059600018001800100030002000600060004000A7
:10597000C0008000800180010001000300020006D9
:105980000006000C000C000C00180018003000305D
:10599000003000600000000000000000FC03000375
:1059A00000030003000300030003000300030003DF
:1059B00000030003000300030003000300030003CF
:1059C00000030003000300030003000300030003BF
:1059D000FC030000000000000000C003C0076004DA
:1059E000100800000000000000000000000000009F
:1059F00000000000000000000000000000000000A7
:105A00000000000000000000000000000000000096
:105A10000000000000000000000000000000000086
:105A20000000000000000000000000000000000076
:105A30000000000000000000000000000000000066
:105A40000000000000000000000000000000000056
:105A500000000000FFFF000000007800C00000010F
:105A60000000000000000000000000000000000036
:105A70000000000000000000000000000000000026
:105A80000000000000000000000000000000000016
:105A90000000000000000000000000000000000006
:105AA00000000000000000000000000000000000F6
:105AB000E007180C0C180C180C18001CE01B381808
:105AC0000C1806180618061806980C9EF8710000A7
:105AD00000000000000000000000000000000000C6
:105AE00010001E00180018001800180018001800F8
:105AF0009807581C381838301830183018301830BB
:105B000018301830183018103818380CC807000032
:105B10000000000000000000000000000000000085
:105B20000000000000000000000000000000000075
:105B3000C0077008301818180C180C000C000C0066
:105B40000C000C000C20182018103008C0070000B2
:105B50000000000000000000000000000000000045
:105B60000010001E00180018001800180018001877
:105B7000E01B301C181818180C180C180C180C18EE
:105B80000C180C180C180818181C307AE0090000C2
:105B90000000000000000000000000000000000005
:105BA00000000000000000000000000000000000F5
:105BB000C003300C101818100C300C300C30FC3FA7
:105BC0000C000C000C00182018107018C007000002
:105BD00000000000000000000000000000000000C5
:105BE0000000003E80618060C060C000C000C00056
:105BF000FC1FC000C000C000C000C000C000C0004A
:105C0000C000C000C000C000C000C000F80F00000D
:105C10000000000000000000000000000000000084
:105C20000000000000000000000000000000000074
:105C3000C077306C10181818181818181018300C75
:105C4000F00718001800F803F01F18380C300C305B
:105C50000C301818E00700000000000000000000F1
:105C600010001E0018001800180018001800180076
:105C70009807580C381818181818181818181818E1
:105C80001818181818181818181818187E7E0000F8
:105C90000000000000000000000000000000000004
:105CA00000008001C003800100000000000000012E
:105CB000F801800180018001800180018001800164
:105CC000800180018001800180018001F81F0000B7
:105CD00000000000000000000000000000000000C4
:105CE0000000001C001E000C000000000000000866
:105CF000C00F000C000C000C000C000C000C000C81
:105D0000000C000C000C000C000C000C000C000C33
:105D100018061802F001000000000000000000005A
:105D200010001E00180018001800180018001800B5
:105D3000183E180C1804180218019801D8017803AD
:105D400038031806180C180C181818387E7C000038
:105D50000000000000000000000000000000000043
:105D60000001F80180018001800180018001800133
:105D7000800180018001800180018001800180011B
:105D8000800180018001800180018001F81F0000F6
:105D90000000000000000000000000000000000003
:105DA00000000000000000000000000000000400EF
:105DB000F73C8E6386618661866186618661866155
:105DC000866186618661866186618661CFF30000A7
:105DD00000000000000000000000000000000000C3
:105DE00000000000000000000000000000000000B3
:105DF00090075E0C38181818181818181818181862
:105E00001818181818181818181818187E7E000076
:105E10000000000000000000000000000000000082
:105E20000000000000000000000000000000000072
:105E3000C003300C1018181808300C300C300C301F
:105E40000C300C300C3018181818300CC00300003F
:105E50000000000000000000000000000000000042
:105E60000000000000000000000000000000000032
:105E700090075E0C38181810183018301830183089
:105E800018301830183018183818780C980718007F
:105E9000180018007E000000000000000000000054
:105EA00000000000000000000000000000000000F2
:105EB000C013301E181C18180C180C180C180C18CD
:105EC0000C180C180C180818181C301EE0190018B3
:105ED00000180018007E0000000000000000000014
:105EE00000000000000000000000000000000000B2
:105EF00060387E666061E001E00060006000600084
:105F0000600060006000600060006000FE0700004C
:105F10000000000000000000000000000000000081
:105F20000000000000000000000000000000000071
:105F3000C02760383030302030207000E003800F00
:105F4000001E00380830083018303818C80F00001C
:105F50000000000000000000000000000000000041
:105F6000000000000000800080008000C000E00011
:105F7000FC1FC000C000C000C000C000C000C000C6
:105F8000C000C000C000C020C0208011000F000071
:105F90000000000000000000000000000000000001
:105FA00000000000000000000000000000001010D1
:105FB0001E1E181818181818181818181818181855
:105FC0001818181818181818181C307AE00900004A
:105FD00000000000000000000000000000000000C1
:105FE00000000000000000000000000000000000B1
:105FF0003E7C18301810181830083008200460044F
:106000006004C002C002C003800180018000000063
:106010000000000000000000000000000000000080
:106020000000000000000000000000000000000070
:10603000DFF3866184218C218C218C138813581303
:106040005812580E700E300E300C30042004000030
:106050000000000000000000000000000000000040
:106060000000000000000000000000000000000030
:106070007C3E300870086004C002C00280018001CC
:10608000800340062006200C101818183E7E0000E1
:106090000000000000000000000000000000000000
:1060A00000000000000000000000000000000000F0
:1060B0003E7C18181808100830082004600460049A
:1060C0004002C002800280018001800080008000C8
:1060D00040007C003C0000000000000000000000C8
:1060E00000000000000000000000000000000000B0
:1060F000FC1F0C1C0C0C0406040700038001C001EB
:10610000C00060007020302018300C18FC1F000008
:106110000000000000000000000000300008000443
:10612000000400040004000400040004000400044F
:1061300000040004000380010002000400040004C5
:10614000000400040004000400040004000400042F
:106150000008003000000001000100010001000102
:106160000001000100010001000100010001000127
:106170000001000100010001000100010001000117
:106180000001000100010001000100010001000107
:106190000001000100010000000018002000400084
:1061A00040004000400040004000400040004000EF
:1061B000400040008001000380004000400040009B
:1061C00040004000400040004000400040004000CF
:1061D00020001800000000007800C4008241024145
:1061E0000027001C0000000000000000000000006C
:1061F000000000000000000000000000000000009F
:10620000000000000000000000000000000000008E
:10621000000000000000000000000000000000007E
:10622000000000000000000000000000000000006E
:10623000000000000000000000000000000000005E
:1062400000000000000000000000000000006000EE
:10625000600060006000600060006000400020009E
:1062600020002000000000000000600060006000CE
:10627000000000000000000000006006600630031F
:1062800098018800440000000000000000000000A9
:1062900000000000000000000000000000000000FE
:1062A00000000000000000000000000000001002DC
:1062B000100210021002FE07FE0708020801080182
:1062C00008010801FE07FE0704010401040104019E
:1062D000000000000000000000000000400040003E
:1062E000F00158034C03CC034C0058007000E00050
:1062F000C001C00140034C035C034C034801F000A3
:1063000040004000000000000000000000000E01FE
:106310000A01910091009100510051003A00AE0332
:10632000A002500450044804480448048402840332
:106330000000000000000000000000000000380025
:106340006C006C006C006C006C002C0098071C0149
:106350001A01330133016301E300C308C6093C0796
:10636000000000000000000000000C001C001000F5
:106370001000080004000000000000000000000001
:10638000000000000000000000000000000000000D
:1063900000000000000000000000000400020001F6
:1063A00080008000400040002000200020002000ED
:1063B00020002000200040004000800080000001FC
:1063C00000020004000000000000020004000800B9
:1063D000100010002000200040004000400040005D
:1063E0004000400040002000200010001000080085
:1063F0000400020000000000000000000000000097
:1064000000004000C0004000460C4E0FD001F001DB
:106410005E0F460C400040004000000000000000FD
:10642000000000000000000000000000000000006C
:106430000000000040004000400040004000FE0F0F
:10644000400040004000400040000000000000000C
:10645000000000000000000000000000000000003C
:10646000000000000000000000000000000000002C
:10647000000000000000000000000C001C001000E4
:1064800010000800040000000000000000000000F0
:106490000000000000000000000000000000FE07F7
:1064A00000000000000000000000000000000000EC
:1064B00000000000000000000000000000000000DC
:1064C00000000000000000000000000000000000CC
:1064D000000000000000000000001C001C001C0068
:1064E00000000000000000000000000400060002A0
:1064F00000030001000180008000400040006000B7
:106500002000200010001000080008000C0004000B
:106510000600020000000000000000000000000073
:10652000F00098010C030C03060606060606060694
:1065300006060606060606060C030C039801F00084
:10654000000000000000000000000000000000004B
:1065500040007C006000600060006000600060003F
:106560006000600060006000600060006000FC038C
:10657000000000000000000000000000000000001B
:10658000F8008401020306030603000300018001F2
:10659000C000600020001000080204020602FE0392
:1065A00000000000000000000000000000000000EB
:1065B0007800C6008601860180018001C00070005D
:1065C0008001000100030003060306038601F800B2
:1065D00000000000000000000000000000000000BB
:1065E00080018001C001A001A00190018801880103
:1065F00084018201FE0F8001800180018001E0079B
:10660000000000000000000000000000000000008A
:10661000FC0304000400040004000400F4008C01E6
:106620000403000300030603060382018401F8004B
:10663000000000000000000000000000000000005A
:10664000E00118030C030C0004000600E601160329
:106650000E0606060606060604060C021803F000DF
:10666000000000000000000000000000000000002A
:10667000F8070C06040204010001000180008000FC
:10668000400040004000600060006000600060006A
:1066900000000000000000000000000000000000FA
:1066A000F8010C030606060606060C021C03F000A1
:1066B000C8010C0306060606060606060C03F001D2
:1066C00000000000000000000000000000000000CA
:1066D000F0000C010C030602060606060606060775
:1066E0008C0678060006000300030C018C0178007C
:1066F000000000000000000000000000000000009A
:1067000000000000000000000000E000E000E000E9
:1067100000000000000000000000E000E000E000D9
:106720000000000000000000000000000000000069
:106730000000000000000000000060006000000099
:106740000000000000000000000000006000600089
:1067500040002000200000000000000000000004B5
:10676000000200018000400020001000080004002A
:10677000080010002000400080000001000200041A
:106780000000000000000000000000000000000009
:1067900000000000000000000000FE0700000000F4
:1067A0000000FE07000000000000000000000000E4
:1067B00000000000000000000000000000000400D5
:1067C00008001000200040008000000100020004CA
:1067D00000020001800040002000100008000400BA
:1067E00000000000000000000000000000000000A9
:1067F000E0031806040C040C0C0C0C0C00078001C0
:1068000040004000400000000000E000E000E00028
:106810000000000000000000000000000000E00098
:1068200018030C02CC0564056605A605B604B6047B
:10683000B604B604B602E4010C040C021803F0001E
:106840000000000000000000000000000000000048
:10685000600060005000D000900090008800880127
:106860000801F801040304030402020202060F0FE8
:106870000000000000000000000000000000000018
:10688000FE008C030C030C030C030C038C01FC00B6
:106890000C030C020C060C060C060C060C03FE0185
:1068A00000000000000000000000000000000000E8
:1068B000E00318030C060C0404040600060006009E
:1068C00006000600060006040C040C021803F00083
:1068D00000000000000000000000000000000000B8
:1068E0007F008C010C030C030C060C060C060C0636
:1068F0000C060C060C060C060C030C038C017F0026
:106900000000000000000000000000000000000087
:10691000FF03060306040604060086008600FE0048
:106920008600860086000600060406040602FF03B1
:106930000000000000000000000000000000000057
:10694000FF03060306040604060086008600FE0018
:1069500086008600860006000600060006001F006E
:106960000000000000000000000000000000000027
:10697000F00018010C020C020402060006000600DA
:106980000600C60F060306030C030C031803F000F1
:1069900000000000000000000000000000000000F7
:1069A0000F0F060606060606060606060606FE077C
:1069B00006060606060606060606060606060F0F65
:1069C00000000000000000000000000000000000C7
:1069D000FC03600060006000600060006000600018
:1069E0006000600060006000600060006000FC0308
:1069F0000000000000000000000000000000000097
:106A0000F807C000C000C000C000C000C000C00047
:106A1000C000C000C000C000C000C000C000C00076
:106A2000C60066003C0000000000000000000000FE
:106A3000CF038601C60046002600160036002E0051
:106A40006E004600C60086008601060106038F0719
:106A50000000000000000000000000000000000036
:106A60001F000600060006000600060006000600DD
:106A70000600060006000600060406040602FF03E0
:106A80000000000000000000000000000000000006
:106A90000707860386038E038E034E034E034A03C5
:106AA0005A035A033A0332033203320312038707AD
:106AB00000000000000000000000000000000000D6
:106AC0008E0F0C021C021C023402340264026402A7
:106AD0004402C402840284038403040304031F02E7
:106AE00000000000000000000000000000000000A6
:106AF000F00098010C030C020606060606060606C0
:106B000006060606060606060C020C039801F000AF
:106B10000000000000000000000000000000000075
:106B2000FF00060306060606060606060606860398
:106B3000FE000600060006000600060006001F0014
:106B40000000000000000000000000000000000045
:106B5000F00098010C030C0206060606060606065F
:106B600006060606060676064C02CC039801F000DF
:106B7000800700030000000000000000000000008B
:106B8000FF01060306060606060606060603FE00C5
:106B90004600C600860086010603060306060F0EA1
:106BA00000000000000000000000000000000000E5
:106BB000F8020C030602060206000E003C00F80074
:106BC000E003800300070206020606060C03F0013C
:106BD00000000000000000000000000000000000B5
:106BE000FE076204610861086000600060006000E8
:106BF0006000600060006000600060006000F801FC
:106C00000000000000000000000000000000000084
:106C10001E070C020C020C020C020C020C020C02ED
:106C20000C020C020C020C020C020C021801F00007
:106C30000000000000000000000000000000000054
:106C40000F070602040104010C010C0188008800F2
:106C50009800980050005000700030002000200084
:106C60000000000000000000000000000000000024
:106C7000F70E620442044604460464026402E4021D
:106C8000E4029C029C019801980188018800880018
:106C900000000000000000000000000000000000F4
:106CA0009E070C01080118019000B0006000200050
:106CB00060006000D00090008801080104038E0786
:106CC00000000000000000000000000000000000C4
:106CD0000F0F060404020C0208011801B800B000EE
:106CE0007000600060006000600060006000F801FB
:106CF0000000000000000000000000000000000094
:106D0000FC070C02060302018001800040004000E5
:106D1000200020001000180008040C040402FE03E8
:106D200000000000000000000000E0032000200040
:106D30002000200020002000200020002000200053
:106D40002000200020002000200020002000200043
:106D50002000E0030000000000000000000004002C
:106D6000040008000800100010001000200020009F
:106D700040004000C00080008000000100010002CF
:106D8000000200020004000000007C0040004000FF
:106D900040004000400040004000400040004000F3
:106DA00040004000400040004000400040004000E3
:106DB00040007C000000000060009000080100001E
:106DC00000000000000000000000000000000000C3
:106DD00000000000000000000000000000000000B3
:106DE00000000000000000000000000000000000A3
:106DF0000000000000000000000000000000000093
:106E00000000000000000000000000000000000082
:106E100000000000FF0F00000000180060000000EC
:106E20000000000000000000000000000000000062
:106E30000000000000000000000000000000000052
:106E40000000000000000000000000000000000042
:106E500000000000000000000000F0010C030C0323
:106E60000003E0031C030E03060306038E0B7C0ED7
:106E7000000000000000000000000000000008000A
:106E80000E000C000C000C000C00CC013C031C0696
:106E90000C060C060C060C060C060C021C03E40186
:106EA00000000000000000000000000000000000E2
:106EB00000000000000000000000F0008C018C01C8
:106EC000860106000600060006020C020C01F00016
:106ED00000000000000000000000000000000002B0
:106EE000C003000300030003000378038C030C03BA
:106EF0000603060306030603060304038C07780152
:106F00000000000000000000000000000000000081
:106F100000000000000000000000E001180308026B
:106F20000C060C06FC070C000C0018041802E0010B
:106F30000000000000000000000000000000000051
:106F4000C0036006300630003000FE013000300023
:106F50003000300030003000300030003000FC01E4
:106F60000000000000000000000000000000000021
:106F700000000000000000000000F007D8068C01AF
:106F80008C018C019801F8000C00FC00CC03060376
:106F900006038E03F8000000000000000000080057
:106FA0000E000C000C000C000C00EC011C030C0388
:106FB0000C030C030C030C030C030C030C039E07C3
:106FC00000000000000000000000000000000000C1
:106FD000600060000000000040007C006000600075
:106FE0006000600060006000600060006000FC0302
:106FF0000000000000000000000000000000000091
:10700000C001C001000000000001F001800180010A
:107010008001800180018001800180018001800168
:107020008001CC007C00000000000000000008008F
:107030000E000C000C000C000C008C038C008C006B
:107040004C006C005C008C008C010C010C039E0752
:1070500000000000000000000000000000004000F0
:107060007C00600060006000600060006000600004
:107070006000600060006000600060006000FC0371
:107080000000000000000000000000000000000000
:10709000000000000000000000003707EE06660652
:1070A0006606660666066606660666066606FF0FDE
:1070B00000000000000000000000000000000000D0
:1070C00000000000000000000000EE011C030C03A3
:1070D0000C030C030C030C030C030C030C039E07A2
:1070E00000000000000000000000000000000000A0
:1070F00000000000000000000000F00098010C03F8
:10710000060606060606060606060C030C03F00035
:10711000000000000000000000000000000000006F
:1071200000000000000000000000EE011C030C063F
:107130000C060C060C060C060C060C031C03EC01DA
:107140000C000C003E0000000000000000000000E9
:107150000000000000000000000078028C030C0317
:107160000603060306030603060304038C037803E1
:1071700000030003C0070000000000000000000042
:10718000000000000000000000009F0358063806C1
:107190001800180018001800180018001800FF0048
:1071A00000000000000000000000000000000000DF
:1071B00000000000000000000000F0031C030C02AF
:1071C0000C023800F000C003040304038C03FC012C
:1071D00000000000000000000000000000000000AF
:1071E00000002000200030003000FE0130003000A0
:1071F0003000300030003000300030023002E0015A
:10720000000000000000000000000000000000007E
:10721000000000000000000008028E030C030C03B5
:107220000C030C030C030C030C030C039C077801E8
:10723000000000000000000000000000000000004E
:10724000000000000000000000001E070C02080102
:10725000080118019000B000B0006000600020003C
:10726000000000000000000000000000000000001E
:1072700000000000000000000000F70E6204460459
:1072800064026402EC029C019801980198010800D4
:1072900000000000000000000000000000000000EE
:1072A00000000000000000000000BC0718011001F1
:1072B000B00060006000E0009000080108039E0735
:1072C00000000000000000000000000000000000BE
:1072D000000000000000000000009E0708010801F7
:1072E000080190009000B000600060006000200085
:1072F000200024001C00000000000000000000002E
:1073000000000000000000000000FC018401C40037
:107310004400600020003000180208020C03FC0149
:10732000000000000000000000000003800080005A
:1073300080008000800080008000800040002000ED
:10734000400080008000800080008000800080007D
:10735000800000030000400040004000400040006A
:10736000400040004000400040004000400040001D
:10737000400040004000400040004000400040000D
:10738000400040004000000000000C001000100011
:10739000100010001000100010001000200040002D
:1073A000200010001000100010001000100010004D
:1073B00010000C00000000001C002204C204800326
:1073C00000000000000000000000000000000000BD
:1073D00000000000000000000000000000000000AD
:1073E000000000000000000000000000000000009D
:1073F000000000000000000000000000000000008D
:10740000000000000000000000000000000000007C
:10741000000000003000300030003000300020005C
:10742000200020002000200000000000300030007C
:107430000000000000000000D800D8006C0024000C
:10744000120000000000000000000000000000002A
:10745000000000000000000000000000000000002C
:10746000000000000000840084008400FF0184000C
:107470008400C60042004200FF0142004200420078
:107480000000000000000000000000002000F800E4
:1074900024012401A401280030006000A000200184
:1074A0002C0124012401F80020002000000000002D
:1074B0000000000000008600490049002900290062
:1074C0001900D60028012801280124012401C20046
:1074D00000000000000000000000000000000C00A0
:1074E000120012001200EA004600460025002900A2
:1074F000390011003201CC00000000000000000043
:107500000600060004000200010000000000000068
:10751000000000000000000000000000000000006B
:10752000000000000000000000018000400020007A
:1075300020002000100010001000100010001000AB
:10754000200020002000400080000001000000001A
:1075500001000200040008000800080010001000EC
:1075600010001000100010000800080008000400BF
:107570000200010000000000000000000000000008
:10758000200020002603AE0370007000AE03260327
:1075900020002000000000000000000000000000AB
:1075A000000000000000000010001000100010009B
:1075B000FF0110001000100010000000000000008B
:1075C00000000000000000000000000000000000BB
:1075D00000000000000000000000000000000000AB
:1075E0000000000006000600040002000100000088
:1075F000000000000000000000000000000000008B
:10760000FE03000000000000000000000000000079
:10761000000000000000000000000000000000006A
:10762000000000000000000000000000000000005A
:10763000000000000600060000000000000000003E
:1076400000020001000180008000C00040006000D6
:10765000200030001000180008000800040004009A
:1076600002000000000000000000000000007800A0
:1076700084008400020102010201020102010201F0
:107680000201840084007800000000000000000077
:1076900000000000000010001C001000100010008E
:1076A00010001000100010001000100010007C00EE
:1076B00000000000000000000000000000007C004E
:1076C000820002010201020180004000200010003F
:1076D000080004010201FE0100000000000000009B
:1076E0000000000000003C004200820082004000D8
:1076F00070008000000100010201020182007C0094
:1077000000000000000000000000000040004000F9
:107710006000500048004800440042004200FE0162
:10772000400040004000F0010000000000000000A8
:10773000000000000000FC0104000400040004003C
:1077400074008C00000100010201020182007C0033
:107750000000000000000000000000000000F00039
:1077600008010401040002007A00860002010201FF
:107770000201040184007800000000000000000005
:10778000000000000000FE018200420040002000D6
:107790001000100008000800080008000800080099
:1077A0000000000000000000000000000000780061
:1077B00084000201020102018400780084000201B9
:1077C00002010201840078000000000000000000B7
:1077D0000000000000007800840082000201020125
:1077E00002018401780100018000820042003C0017
:1077F0000000000000000000000000000000000089
:107800000000000030003000000000000000000018
:107810000000000030003000000000000000000008
:107820000000000000000000000000000000100048
:107830000000000000000000000000000000100038
:107840001000100010000000000000008000400048
:1078500020001000080004000200040008001000CE
:107860002000400080000000000000000000000038
:10787000000000000000000000000000FF01000008
:1078800000000000FF0100000000000000000000F8
:1078900000000000000000000000000002000400E2
:1078A0000800100020004000800040002000100070
:1078B00008000400020000000000000000000000BA
:1078C00000000000780084000201060106010001AA
:1078D0008000400020002000200000003000300028
:1078E0000000000000000000000000000000780020
:1078F000C400F20159014901450125012501A500F6
:10790000D90002018400780000000000000000009F
:1079100000000000000010001000280028002800CF
:107920002800440044007C00440082008200C7011B
:1079300000000000000000000000000000003F0008
:1079400042004200420022003E00420082008200CB
:107950008200820042003F000000000000000000A2
:107960000000000000007801840102010201010012
:107970000100010001000100010102018600780000
:1079800000000000000000000000000000003F00B8
:10799000C200820002010201020102010201020191
:1079A0000201820042003F000000000000000000D1
:1079B000000000000000FF008200020142004200BF
:1079C0007E00420042000200020002018200FF002D
:1079D0000000000000000000000000000000FF00A8
:1079E00082000201420042007E004200420002008A
:1079F000020002000200070000000000000000007A
:107A00000000000000007001880104010201020072
:107A10000200020082030201020104010C01F000D5
:107A20000000000000000000000000000000C7018E
:107A300082008200820082008200FE0082008200BA
:107A4000820082008200C7010000000000000000E8
:107A5000000000000000FE001000100010001000E8
:107A60001000100010001000100010001000FE00A8
:107A70000000000000000000000000000000FC0109
:107A800020002000200020002000200020002000F6
:107A9000200020002000210011000E000000000046
:107AA000000000000000E701420022002200120056
:107AB0001A00160022002200420042008200C70184
:107AC00000000000000000000000000000000700AF
:107AD0000200020002000200020002000200020096
:107AE000020002018200FF00000000000000000010
:107AF000000000000000C701C600C600C600AA00C2
:107B0000AA00AA00AA00AA00920092009200D7013F
:107B10000000000000000000000000000000C7019D
:107B200086008A008A008A0092009200A200A200C9
:107B3000C200C200C2008700000000000000000078
:107B40000000000000003800C600820001010101B1
:107B5000010101010101010101018200C60038009B
:107B600000000000000000000000000000007F0096
:107B7000820002010201020182007E000200020076
:107B800002000200020007000000000000000000E8
:107B90000000000000003800C60082000101010161
:107BA00001010101010101011901A600A6007800EF
:107BB0004001C000000000000000000000003F0085
:107BC00042008200820042003E0012002200220099
:107BD0004200420082008701000000000000000017
:107BE0000000000000007801840102010200020090
:107BF0000C007000800000010201020186007A0082
:107C00000000000000000000000000000000FE0076
:107C100011011101100010001000100010001000E0
:107C200010001000100038000000000000000000EC
:107C3000000000000000C701820082008200820074
:107C400082008200820082008200820044003800AC
:107C50000000000000000000000000000000C7015C
:107C600082008200440044004400440028002800B0
:107C70002800380010001000000000000000000084
:107C8000000000000000BB019200920092009200F0
:107C9000AA00AA00AA006A0044004400440044006C
:107CA0000000000000000000000000000000CE0105
:107CB00084004400480028003000100030002800F4
:107CC000480048008400CE010000000000000000D1
:107CD000000000000000C7018200440044002800AA
:107CE00028001000100010001000100010003800D4
:107CF0000000000000000000000000000000FC0187
:107D000084008200400040002000100010000800A5
:107D1000080004018400FE000000000000000000D4
:107D2000F0011000100010001000100010001000F2
:107D300010001000100010001000100010001000C3
:107D4000F001000000000000000002000400040038
:107D5000080008000800100010002000200020008B
:107D60004000400080008000800000010000000012
:107D70003E002000200020002000200020002000E5
:107D800020002000200020002000200020002000F3
:107D90003E00000000000000380028004400000001
:107DA00000000000000000000000000000000000D3
:107DB00000000000000000000000000000000000C3
:107DC00000000000000000000000000000000000B3
:107DD00000000000000000000000000000000000A3
:107DE00000000000FF030000180020000000000059
:107DF0000000000000000000000000000000000083
:107E00000000000000000000000000000000000072
:107E100000000000000000000000000000007C00E6
:107E200082008200F0008C0082008200C202BC034B
:107E3000000000000000000000000000000003003F
:107E40000200020002003A00460082008200820026
:107E50008200820046003A0000000000000000009E
:107E6000000000000000000000000000000078009A
:107E700084008200020002000200020184007800F7
:107E80000000000000000000000000000000C00032
:107E9000800080008000B800C40082008200820060
:107EA00082008200C400B801000000000000000051
:107EB000000000000000000000000000000078004A
:107EC00084000201FE010200020002018400780029
:107ED0000000000000000000000000000000E001C1
:107EE000100210001000FC00100010001000100024
:107EF000100010001000FC00000000000000000056
:107F00000000000000000000000000000000F80178
:107F10008400840084008400780004007C008401D4
:107F200002010201FC00000000000000000003004C
:107F30000200020002007A008600820082008200B5
:107F4000820082008200C7010000000000000000E3
:107F500000000000000018001800000000001C00D5
:107F600010001000100010001000100010007C0025
:107F700000000000000000000000000000006000A1
:107F80006000000000007000400040004000400021
:107F90004000400040004000400022001E00000061
:107FA0000000000000000300020002000200E200E6
:107FB000220012000A001600220042008200C701BF
:107FC00000000000000000000000000000001E0093
:107FD0001000100010001000100010001000100021
:107FE000100010001000FE00000000000000000063
:107FF00000000000000000000000000000007F0002
:108000009200920092009200920092009200B701BA
:108010000000000000000000000000000000000060
:108020000000000000007B008600820082008200C9
:10803000820082008200C7010000000000000000F2
:1080400000000000000000000000000000007800B8
:108050008400020102010201020102018400780091
:108060000000000000000000000000000000000010
:108070000000000000003B004600820082008200F9
:108080008200820046003A00020002000700000061
:108090000000000000000000000000000000B80028
:1080A000C40082008200820082008200C400B80006
:1080B00080008000C00100000000000000000000FF
:1080C000000000000000CE01280118000800080090
:1080D0000800080008003E0000000000000000004A
:1080E0000000000000000000000000000000BC00D4
:1080F000C200820006003800C000820086007A00BC
:10810000000000000000000000000000000000006F
:10811000100010001000FC001000100010001000F3
:10812000100010009000600000000000000000003F
:108130000000000000000000000000000000C3007C
:10814000820082008200820082008200C200BC01A4
:10815000000000000000000000000000000000001F
:10816000000000000000C7018200440044004400F9
:10817000280028001000100000000000000000008F
:108180000000000000000000000000000000BB0133
:10819000920092009200AA00AA0044004400440009
:1081A00000000000000000000000000000000000CF
:1081B000000000000000CE018400480030003000C4
:1081C000300048008400CE010000000000000000E4
:1081D0000000000000000000000000000000EE01B0
:1081E0008400880048004800500030002000100043
:1081F000100010000C000000000000000000000053
:10820000000000000000FE004200220020001000DC
:10821000080084008200FE00000000000000000052
:1082200080014000400040004000400040006000ED
:10823000100060004000400040004000400040004E
:1082400040008001000020002000200020002000CD
:10825000200020002000200020002000200020001E
:10826000200020002000200020002000200000002E
:1082700006000800080008000800080008001800B0
:108280002000180008000800080008000800080086
:108290000800060000001C0026022203C0010000A6
:1082A00000000000000000000000000000000000CE
:1082B00000000000000000000000000000000000BE
:1082C00000000000000000000000000000000000AE
:1082D00000080808080808080000181800000048EE
:1082E0006C241200000000000000000000000000EC
:1082F000002424247F1212127F12121200000000A8
:10830000081C2A2A0A0C1828282A2A1C08080000F7
:108310000022251515152A58545454220000000037
:10832000000C1212120A76252911916E0000000627
:1083300006040300000000000000000000000040F0
:10834000201010080808080808101020400000023B
:108350000408081010101010100808040200000093
:10836000000008086B1C1C6B0808000000000000DF
:108370000000080808087F0808080800000000003E
:1083800000000000000000000000060604030000DA
:10839000000000000000FE000000000000000000DF
:1083A00000000000000000000000060600000000C1
:1083B0008040402020101008080404020200000041
:1083C0000018244242424242424224180000000067
:1083D00000080E08080808080808083E0000000009
:1083E000003C4242422020100804427E000000006F
:1083F000003C4242201820404042221C0000000065
:1084000000203028242422227E2020780000000032
:10841000007E0202021A26404042221C0000000098
:1084200000382402021A26424242241800000000AA
:10843000007E22221010080808080808000000002A
:10844000003C4242422418244242423C00000000C8
:1084500000182442424264584040241C000000009E
:1084600000000000181800000000181800000000AC
:1084700000000000000800000000000808040000E0
:1084800000402010080402040810204000000000F2
:10849000000000007F0000007F00000000000000DE
:1084A0000002040810204020100804020000000010
:1084B000003C424246402010100018180000000006
:1084C000001C225A555555552D42221C0000000013
:1084D000000808181414243C224242E7000000005F
:1084E000001F2222221E22424242221F00000000C0
:1084F000007C4242010101010142221C00000000F7
:10850000001F2242424242424242221F000000001B
:10851000003F4212121E12120242423F00000000AF
:10852000003F4212121E1212020202070000000057
:10853000003C2222010101712122221C00000000C6
:1085400000E7424242427E42424242E700000000CF
:10855000003E0808080808080808083E0000000057
:10856000007C10101010101010101010110F0000CF
:10857000007722120A0E0A1212222277000000004F
:1085800000070202020202020202427F0000000013
:108590000077363636362A2A2A2A2A6B000000004F
:1085A00000E346464A4A52525262624700000000C7
:1085B000001C2241414141414141221C0000000078
:1085C000003F424242423E02020202070000000017
:1085D000001C2241414141414D53321C60000000CA
:1085E000003F4242423E1212222242C700000000D7
:1085F000007C4242020418204042423E000000003B
:10860000007F4908080808080808081C0000000046
:1086100000E74242424242424242423C00000000E5
:1086200000E7424222242414141808080000000025
:10863000006B494949495555362222220000000065
:1086400000E7422424181818242442E70000000000
:1086500000772222141408080808081C00000000F3
:10866000007E2120101008040442423F00000078E0
:108670000808080808080808080808087800000022
:108680000202040408080810102020204040001EA8
:108690001010101010101010101010101E000038C4
:1086A0004400000000000000000000000000000086
:1086B00000000000000000000000000000FF0006B5
:1086C00008000000000000000000000000000000A2
:1086D00000000000003C4278444242FC00000000E0
:1086E00000030202021A26424242261A000000003B
:1086F000000000000038440202024438000000007C
:108700000060404040784442424264D8000000008B
:1087100000000000003C427E0202423C00000000DB
:1087200000F08808087E08080808083E00000000DD
:1087300000000000007C22221C023C42423C00005F
:1087400000030202023A4642424242E700000000B1
:10875000000C0C00000E08080808083E000000008D
:10876000003030000038202020202020221E000071
:10877000000302020272120A1612227700000000A1
:10878000000E0808080808080808083E0000000055
:1087900000000000007F9292929292B700000000C9
:1087A00000000000003B4642424242E70000000059
:1087B00000000000003C42424242423C00000000F7
:1087C00000000000001B26424242221E0207000059
:1087D00000000000007844424242447840E000003B
:1087E0000000000000774C040404041F0000000097
:1087F00000000000007C42023C40423E00000000BD
:1088000000000008083E08080808083000000000C2
:108810000000000000634242424262DC00000000AF
:108820000000000000E742242414080800000000B3
:108830000000000000EB49495555222200000000CD
:1088400000000000007624181818246E00000000B4
:108850000000000000E74224241418080807000064
:1088600000000000007E22100808447E000000C0C6
:10887000202020202010202020202020C0001010A8
:108880001010101010101010101010101010000602
:1088900008080808081008080808080806000C322C
:1088A000C200000000000000000000000000000006
:1088B00000000000000000000000000004040404A8
:1088C00004040004000000140A0A00000000000074
:1088D0000000000014143F140A3F0A0A00000004BC
:1088E0001E1505060C14150F0400000012150D0AC4
:1088F000142C2A1200000000040A0A1E151509365D
:108900000000000202010000000000000000002042
:1089100010080808080808102000000204080808C9
:1089200008080804020000000004150E0E150400DB
:10893000000000000404041F040404000000000000
:108940000000000000000002020100000000001F03
:108950000000000000000000000000000000000215
:1089600000000010080808040402020201000000D0
:108970000E1111111111110E000000000406040463
:108980000404040E000000000E1111080402011F6F
:10899000000000000E11100C1010110E000000005D
:1089A000080C0A0A091E0818000000001F01010F28
:1089B0001010110E000000000E09010F1111110E10
:1089C000000000001F090804040404040000000063
:1089D0000E11110E1111110E000000000E111111D7
:1089E0001E10120E00000000000004000000000431
:1089F000000000000000000400000004040000204B
:108A000010080402040810200000000000001F00ED
:108A1000001F0000000000020408102010080402DB
:108A2000000000000E111108040400040000000002
:108A30000E111915151D011E0000000004040C0A7A
:108A40000A1E1233000000000F12120E1212120F33
:108A5000000000001E1101010101110E00000000C4
:108A60000F1212121212120F000000001F120A0E33
:108A70000A02121F000000001F120A0E0A0202075B
:108A8000000000001C1201013911120C000000004E
:108A90003312121E12121233000000001F040404CD
:108AA0000404041F000000003E0808080808080924
:108AB0000700000037120A060A0A123700000000F9
:108AC000070202020202223F000000001B1B1B1BC8
:108AD00015151515000000003B1216161A1A12176C
:108AE000000000000E1111111111110E0000000004
:108AF0000F12120E02020207000000000E111111E7
:108B00001117190E180000000F12120E0A12123758
:108B1000000000001E1101060810110F00000000E7
:108B20001F1504040404040E000000003312121286
:108B30001212120C000000003312120A0A0C040474
:108B4000000000001515150E0A0A0A0A00000000B0
:108B50001B0A0A04040A0A1B000000001B0A0A047C
:108B60000404040E000000001F0908040402121F80
:108B70000000001C04040404040404041C0000029B
:108B800002020404080808100000000E0808080883
:108B9000080808080E0000040A0000000000000099
:108BA000000000000000000000000000003F000482
:108BB0000000000000000000000000000000000CA9
:108BC000121C123C000000000302020E1212120ED0
:108BD000000000000000001C1202021C0000000047
:108BE0001810101C1212123C000000000000000CB3
:108BF000121E021C000000003804041E0404041E9F
:108C0000000000000000003C120C021E221C0000AC
:108C10000302020E121212370000000004000006C8
:108C20000404040E000000000800000C08080808F6
:108C3000080700000302023A0A0E12370000000083
:108C4000070404040404041F000000000000000FD7
:108C500015151515000000000000000F1212123744
:108C6000000000000000000C1212120C00000000B6
:108C70000000000F1212120E020700000000001C7C
:108C80001212121C103800000000001B060202071E
:108C9000000000000000001E020C101E000000007A
:108CA0000004040E04040418000000000000001B6F
:108CB0001212123C0000000000000037120A0C04DF
:108CC0000000000000000015150E0A0A0000000058
:108CD0000000001B0A040A1B00000000000000370F
:108CE000120A0C04040300000000001E0804041E05
:108CF00000000018080808040808080818000808F8
:108D000008080808080808080808000604040408F9
:108D100004040404060002251800000000000000FE
:108D200000000000000F00008007000000000000AD
:108D30001F0000C0070000000000003F0000E00727
:108D40000000000000007EE01FF0070000000000AF
:108D500000FCFCFFF903000000000000F8FFFFFF2B
:108D600001000000000000F0FFFFFF000000000015
:108D70000000F0FFFF7F00000000000000F8FFFF90
:108D80007F00000000000000FCFFFFFF010000006A
:108D9000000000FEFFFFFF03000000000000FEFFD8
:108DA000FFFF03000000000000FFFFFFFF070000BF
:108DB00000000080FFFFFFFF0F000000000080FFA9
:108DC000FCFFF90F0000000000C0FFFCFFF91F00CE
:108DD00000000000C0FFFCFFF91F0000000000E0E1
:108DE000FFFFFFFF1F0000000000E0FFFFFFFF3F4D
:108DF0000000000000E0FFFFFFFF3F000000000058
:108E0000E0FFFFFFFF3F0000000000E0FFFFFFFF6B
:108E10003F0000000000E0FFFFFFFF7F00000000B8
:108E200000F0FFFFFFFF7F0000000000E0FFFFFFFA
:108E3000FF7F0000000000000000000000000000B4
:108E40000000000000000000000000001CF0FFFF18
:108E5000FFFF7FE0000000FFF0FFFFFFFF7FF80350
:108E60000000FFF1FFFFFFFF7FFC070080FFF1FF25
:108E7000FFFFFF7FFC0F0080FFF3FFFFFFFF7FFC82
:108E80000F0080FFF3FFFFFFFF7FFE1F00C0FFF317
:108E9000FFFFFFFF7FFE1F00C0FFF3FFFFFFFF7F0D
:108EA000FE1F00C0FFF3FFFFFFFF7FFE1F00C0FF9C
:108EB000F3FFFFFFFF7FFE1F00C0FFF3FFFFFFFF79
:108EC0007FFE1F00C0FFF3FFFFFFFF7FFE1F00C0FC
:108ED000FFF3FFFFFFFF7FFE1F00C0FFF3FFFFFF59
:108EE000FF7FFE1F00C0FFF3FFFFFFFF7FFE1F009D
:108EF000C0FFF3FFFFFFFF7FFE1F00C0FFF3FFFF78
:108F0000FFFF7FFE1F00C0FFF3FFFFFFFF7FFE1F7D
:108F100000C0FFF3FFFFFFFF7FFE1F00C0FFF3FF56
:108F2000FFFFFF7FFE1F00C0FFF3FFFFFFFF7FFE7D
:108F30001F00C0FFF3FFFFFFFF7FFE1F00C0FFF316
:108F4000FFFFFFFF7FFE1F00C0FFF3FFFFFFFF7F5C
:108F5000FE1F00C0FFF3FFFFFFFF7FFE1F00C0FFEB
:108F6000F3FFFFFFFF7FFE1F00C0FFF3FFFFFFFFC8
:108F70007FFE1F00C0FFF3FFFFFFFF7FFE1F00C04B
:108F8000FFF3FFFFFFFF7FFE1F00C0FFF3FFFFFFA8
:108F9000FF7FFE1F0080FFF3FFFFFFFF7FFE1F002C
:108FA00080FFF3FFFFFFFF7FFC0F0080FFF1FFFF5B
:108FB000FFFF7FFC0F0000FFF1FFFFFFFF7FFC07BB
:108FC0000000FEF0FFFFFFFF7FF007000038F0FF1A
:108FD000FFFFFF7FC001000000E0FFFFFFFF7F00F9
:108FE00000000000E0FFFFFFFF3F0000000000C0A6
:108FF000FFFFFFFF1F000000000000F87FE0FF0000
:10900000000000000000F87FE0FF0000000000000A
:1090100000F87FE0FF00000000000000F87FE0FFA4
:1090200000000000000000F87FE0FF0000000000EA
:109030000000F87FE0FF00000000000000F87FE083
:10904000FF00000000000000F87FE0FF00000000CB
:10905000000000F87FE0FF00000000000000F87F43
:10906000E0FF00000000000000F87FE0FF000000CB
:1090700000000000F87FE0FF00000000000000F8A2
:109080003FE0FF00000000000000F03FE0FF0000B4
:109090000000000000F03FE07F0000000000000042
:1090A000E01FC07F00000000000000C00F801F0014
:1090B00000000000000000000000000000000000B0
:1090C00000000000000000000000000000000000A0
:1090D0000000000000000000000000000000000090
:1090E0000000000000000000000000000000000080
:1090F000000000000000E0FFFFFFFFFFFF1F000077
:1091000000FCFFFFFFFFFFFFFF010000FEFFFFFF6E
:10911000FFFFFFFF030000FFFFFFFFFFFFFFFF0751
:109120000080FFFFFFFFFFFFFFFF0F0080FFFFFF3B
:10913000FFFFFFFFFF0F0080FFFFFFFFFFFFFFFFAD
:109140000F0080FFFFFFFFFFFFFFFF1F0080FFFFFB
:10915000FFFFFFFFFFFF1F0080FFFFFFFFFFFFFF7D
:10916000FF1F0080FFFFFFFFFFFFFFFF1F0080FFCB
:10917000FFFFFFFFFFFFFF1F0080FFFFFFFFFFFF5D
:10918000FFFF1F0080FFFFFFFFFFFFFFFF1F0080AB
:10919000FFFFFFFFFFFFFFFF1F0080FF1F0000001A
:1091A00000C0FF1F0080FF1F00000000C0FF1F0065
:1091B00080FF1F00000000C0FF1F0080FF1F000095
:1091C0000000C0FF1F0080FF1F00000000C0FF1F45
:1091D0000080FF1F00000000C0FF1F0080FFFFFF96
:1091E000FFFFFFFFFF1F0080FFFFFFFFFFFFFFFFED
:1091F0001F0080FFFFFFFFFFFFFFFF1F0080FFFF3B
:10920000FFFFFFFFFFFF1F0080FFFFFFFFFFFFFFCC
:10921000FF1F0080FF1F00000000C0FF1F0080FF35
:109220001F00000000C0FF1F0080FF1F00000000A3
:10923000C0FF1F0080FF1F00000000C0FF1F008054
:10924000FF1F00000000C0FF1F0080FF1F00000084
:1092500000C0FF1F0080FFFFFFFFFFFFFFFF1F0099
:1092600080FFFFFFFFFFFFFFFF1F0080FFFFFFFFEB
:10927000FFFFFFFF1F0080FFFFFFFFFFFFFFFF1F3C
:109280000080FF1F00000000C0FF1F0080FF1F00C4
:10929000000000C0FF1F0080FF1F00000000C0FF93
:1092A0001F00C0FF1F00000000C0FF1F00C0FF1F05
:1092B00000000000C0FF1F00C0FF1F00000000C032
:1092C000FF1F00C0FFFFFFFFFFFFFFFF1F00C0FFEA
:1092D000FFFFFFFFFFFFFF1F00C0FFFFFFFFFFFFBC
:1092E000FFFF1F00C0FFFFFFFFFFFFFFFF1F00C0CA
:1092F000FFFFFFFFFFFFFFFF1F00C0FFFFFFFFFF9C
:10930000FFFFFF1F00C0FFFFFFFFFFFFFFFF1F006A
:10931000C0FFFFFFFFFFFFFFFF1F00C0FFFFFFFFBA
:10932000FFFFFFFF0F00C0FFFFFFFFFFFFFFFF0F6B
:1093300000C0FFFFFFFFFFFFFFFF0F00C0FFFFFFA9
:10934000FFFFFFFFFF0700C0FFFFFFFFFFFFFFFF63
:109350000700C0FFFFFFFFFFFFFFFF0100C0FFFF8F
:10936000FFFFFFFFFF7F0000C0FF0F0000000000B5
:10937000000000C0FF070000000000000000C0FF68
:10938000030000000000000000C0FF01000000001A
:1093900000000000C0FF000000000000000000C04E
:1093A0007F000000000000000000C03F000000003F
:1093B0000000000000C01F000000000000000000CE
:1093C000C00F000000000000000000C00700000007
:1093D000000000000000C0030000000000000000CA
:1093E00000C001000000000000000000C0000000FC
:1093F000000000000000000000000000000000006D
:10940000000000000000000000000000000000005C
:10941000000000000000000000000000000000004C
:10942000000000000000000000000000000000003C
:10943000000000000000000000000000000000002C
:10944000000000000000000000000000000000001C
:10945000000000000000000000000000000000000C
:10946000000000000000000000E003000000000019
:1094700000000000FC03000000000000000000FFEE
:10948000030000000000000000C0FF030000000017
:1094900000000000E0FF030000000000000000F0FA
:1094A000FF030000000000000000F8FF03000000C0
:1094B0000000000000FCFF030000000000000000AE
:1094C000FEFF030000000000000000FEFF0300009C
:1094D000000000000000FFFF03000000000000008B
:1094E00000FFFF030000000000000080FFFF0300FA
:1094F00000000000000080FFFF03000000000000EB
:109500000080FFFF0300000000000000C0FFFF0319
:1095100000000000000000C0FFFF0300000000008A
:109520000000C0FFFF0300000000000000C0FFFFBC
:109530000300000000000000C0FFFF0300FF000068
:10954000000000C0FFFF03E0FF0F00000000C0FFAD
:10955000FF03F8FF3F00000000C0FFFF03FEFF7F96
:1095600000000000C0FFFF03FFFFFF0100000080BC
:10957000FFFF83FFFFFF0300000080FFFFC3FFFF2B
:10958000FF0700000080FFFFE3FFFFFF0F00000068
:1095900000FFFFF3FFFFFF0F00000000FFFFF3FFDE
:1095A000FFFF1F00000000FEFFFBFFFFFF3F00006A
:1095B0000000FEFFFBFFFFFF3F00000000FCFFFF7D
:1095C000FFFFFF7F00000000F8FFFFFFFFFF7F00AD
:1095D000000000F0FFFFFFFFFF7F00000000E0FF42
:1095E000FFFFFFFFFF0000000080FFFFFFFFFFFF06
:1095F0000000000000FFFFFFFFFFFF000000000071
:10960000FCFFFFFFFFFF00F8FFFFFFFFFFFFFFFF73
:10961000FF00F8FFFFFFFFFF0100000000F8FFFF61
:10962000FFFFFF0700000000F8FFFFFFFFFF0F0034
:10963000000000F8FFFFFFFFFF3F00000000F0FF09
:10964000FFFFFFFF7F00000000F0FFFFFFFFFFFFB5
:1096500000000000F0FFFFFFFFFFFF01000000E03F
:10966000FFFFFFFFFEFF01000000E0FFFFFFFFFE26
:10967000FF03000000C0FFFFFF7FFEFF07000000A8
:10968000C0FFFFFF7FFEFF0700000080FFFFFF3FDE
:10969000FEFF0F00000000FFFFFF1FFEFF0F000096
:1096A0000000FEFFFF0FFEFF0F00000000FCFFFFA9
:1096B00007FEFF1F00000000F8FFFF03FEFF1F0072
:1096C000000000E0FFFF00FEFF1F0000000080FF21
:1096D0003F00FEFF1F0000000000FC0700FEFF1F10
:1096E0000000000000000000FEFF1F00000000005E
:1096F000000000FEFF1F0000000000000000FEFF51
:109700001F0000000000000000FEFF1F000000001E
:1097100000000000FEFF0F0000000000000000FE3F
:10972000FF0F0000000000000000FEFF0F0000001F
:109730000000000000FEFF07000000000000000025
:10974000FEFF070000000000000000FEFF03000015
:10975000000000000000FEFF030000000000000009
:1097600000FEFF010000000000000000FEFF0000FE
:1097700000000000000000FE7F000000000000006C
:109780000000FE3F000000000000000000FE1F007F
:109790000000000000000000FE07000000000000C4
:1097A000000000FE010000000000000000003E007C
:1097B00000000000000000000000000000000000A9
:1097C0000000000000000000000000000000000099
:1097D0000000000000000000000000000000000089
:1097E0000000000000000000000000000000000079
:1097F0000000000000000000000000000000000069
:109800000000000000000000000000000000000058
:1098100000000000000000000000F8FFFFFFFF1F35
:109820000000000000FFFFFFFFFFFF01000000C07D
:10983000FFFFFFFFFFFF03000000C0FFFFFFFFFF70
:10984000FF07000000E0FFFFFFFFFFFF0F00000029
:10985000E0FFFFFFFFFFFF0F000000E0FFFFFFFF43
:10986000FFFF0F000000F0FFFFFFFFFFFF1F0000E2
:1098700000F0FFFFFFFFFFFF1F000000F0FFFFFFF2
:10988000FFFFFF1F000000F0FFFFFFFFFFFF1F00B3
:109890000000F0FFFFFFFFFFFF1F000000F0FFFFD1
:1098A000FFFFFFFF1F000000F0FFFFFFFFFFFF1F94
:1098B00000803FF0FFFFFBFFFFFF1F00C03FF0FFF6
:1098C000FFF3FFFFFF1F00C03FF0FFFFE3FFFFFFBD
:1098D0001F00C03FF0FFFF83FFFFFF1F00C03FF0EE
:1098E000FFFF03FFFFFF1F00C03FF0FFFF03FEFF6E
:1098F000FF1F00C03FF0FFFF03F8FFFF1F00C03F46
:10990000F0FFFF03F0FFFF1F00C03FF0FFFF03E089
:10991000FFFF1F00C03FF0FFFF0380FFFF1F00C0DD
:109920003FF0FFFF0300FFFF1F00C03FF0FFFF03FA
:1099300000FEFF1F00C03FF0FFFF0300F8FF1F0005
:10994000C03FF0FFFF0300F0FF1F00C03FF0FFFF2C
:109950000300E0FF1F00C03FF0FFFF0300F0FF1F08
:1099600000C03FF0FFFF0300F8FF1F00C03FF0FF03
:10997000FF0300FEFF1F00C03FF0FFFF0300FFFFDB
:109980001F00C03FF0FFFF0380FFFF1F00C03FF03C
:10999000FFFF03E0FFFF1F00C03FF0FFFF03F0FFEA
:1099A000FF1F00C03FF0FFFF03F8FFFF1F00C03F95
:1099B000F0FFFF03FEFFFF1F00C03FF0FFFF03FFAC
:1099C000FFFF1F00C03FF0FFFF83FFFFFF1F00C02E
:1099D0003FF0FFFFE3FFFFFF1F00C03FF0FFFFF37B
:1099E000FFFFFF1F00C03FF0FFFFFBFFFFFF1F0057
:1099F000C03FF0FFFFFFFFFFFF1F00C03FF0FFFF72
:109A0000FFFFFFFF1F00C03FF0FFFFFFFFFFFF1F33
:109A100000C03FF0FFFFFFFFFFFF1F00C03FF0FF50
:109A2000FFFFFFFFFF1F00C03FF0FFFFFFFFFFFF33
:109A30001F00C03FF0FFFFFFFFFFFF1F00C03FE020
:109A4000FFFFFFFFFFFF0F00C03FE0FFFFFFFFFF33
:109A5000FF0F00C03FE0FFFFFFFFFFFF0F00C03F11
:109A6000C0FFFFFFFFFFFF0700C03FC0FFFFFFFF7A
:109A7000FFFF0700C03F00FFFFFFFFFFFF0100C027
:109A80003F00F8FFFFFFFF7F0000C03F0000000025
:109A90000000000000C03F000000000000000000C7
:109AA000C03F000000000000000000C03F000000B8
:109AB000000000000000C03F0000000000000000A7
:109AC00000C03F00000000000000000080FFFFFF1A
:109AD000FFFFFF7F00000080FFFFFFFFFFFF7F0011
:109AE000000080FFFFFFFFFFFF7F00000080FFFFFF
:109AF000FFFFFFFF7F00000000FFFFFFFFFFFF7F72
:109B000000000000FEFFFFFFFFFF7F00000000FCE1
:109B1000FFFFFFFFFF7F00000000C0FFFFFFFFFF10
:109B20007F000000000000000000000000000000B6
:109B30000000000000000000000000000000000025
:109B40000000000000000000000000000000000015
:109B50000000000000000000000000000000000005
:109B600000000000000030313233343536373839E8
:109B70004142434445464030580030313233343559
:109B800036373839616263646566403078000000BA
:109B9000B09B000800000020AC000000C4010008D9
:109BA0005C9C0008AC00002074060000E001000886
:109BB00000000000000000000000000000000000A5
:109BC000FE2400080C000C0018001400DE2600081B
:109BD00010001000200014005E290008140014007A
:109BE0003C0014000E2E0008180018004800410028
:109BF000564000082000200080001400564A00084B
:109C00001000200040000000166200080C00180040
:109C100030000000E67300080A001400280000006D
:109C2000BE8200080800100010000000AE88000886
:109C300006000C000C000000007A030A000000007F
:109C400000000000010203040607080900000000EC
:0C9C5000010203040102030406070809D6
:040000050800018965
:00000001FF
