:020000040800F2
:10000000400D00209D010008432A0008B512000899
:10001000412A00083D070008092E000800000000E2
:10002000000000000000000000000000252C000877
:100030003F07000800000000452A0008272C0008A0
:10004000B7010008B7010008B7010008B7010008B0
:10005000B7010008B7010008B7010008B7010008A0
:10006000B7010008B7010008B7010008B701000890
:10007000B7010008B7010008B7010008B701000880
:10008000B7010008B7010008B7010008B701000870
:10009000B7010008B7010008B7010008B701000860
:1000A000B7010008B7010008B7010008B701000850
:1000B000B7010008B7010008B7010008B701000840
:1000C000B7010008B7010008B7010008B701000830
:1000D000B7010008B7010008B7010008B701000820
:1000E000B7010008B7010008B7010008B701000810
:1000F000B7010008B7010008B7010008B701000800
:10010000B7010008B7010008B7010008B7010008EF
:10011000B7010008B7010008B7010008B7010008DF
:10012000B7010008B7010008B7010008B7010008CF
:10013000B7010008B7010008B7010008B7010008BF
:10014000B7010008B7010008B7010008B7010008AF
:10015000B7010008B7010008B7010008B70100089F
:10016000B7010008B7010008B7010008B70100088F
:10017000B7010008B7010008B7010008000000003F
:10018000B7010008B7010008DFF80CD000F0C4FA8E
:100190000048004731370008400D002006488047DE
:1001A00006480047FEE7FEE7FEE7FEE7FEE7FEE75C
:1001B000FEE7FEE7FEE7FEE7C52C00088901000820
:1001C0002DE9F05F0546002092469B46884606468C
:1001D000814640241BE0284641464746224600F01F
:1001E0007DF953465A46C01A914110D3114618461C
:1001F000224600F064F92D1A67EB01084F462246AB
:100200000120002100F05BF917EB00094E41201E90
:10021000A4F10104DFDC484631462A464346BDE8E6
:10022000F09FD2B201E000F8012B491EFBD27047CB
:100230000022F6E710B513460A4604461946FFF7B2
:10024000F0FF204610BD2DE9FE4F804681EA0300F5
:10025000C00F0C46009021F0004123F00045B8EBA0
:100260000200A94105D24046214690461C460B4655
:10027000024623F00040104347D0270DC7F30A0081
:10028000C3F30A510290401A019040286BDAC3F37D
:10029000130040F4801B0098924620B10023D2EB5B
:1002A000030A63EB0B0B01985946C0F1400250461C
:1002B00000F005F906460D4650465946019A00F0F1
:1002C0001DF910EB08006141002487EA115284EA0D
:1002D000E7731A4340D0009A62B3019A012A4FEAA9
:1002E000075215DC001B61EB02014FF0004202EAED
:1002F0000752CDE90042001C41F5801132462B46E1
:1003000000F01DF903B0BDE8F08F40462146F9E743
:10031000001B61EB0201001C41F5801300185B41DA
:100320002018A2F5001747EB030140EAD570B61973
:100330006D4111E06D084FEA360645EAC0754FEA97
:100340000752001B61EB0201001C41F580114908B6
:100350004FEA30000019514132462B4603B0BDE848
:10036000F04F00F0DDB80098012240000023D0EBF0
:10037000020263EBE073009821464FEAE074B8EBA9
:10038000000061EB0401E9E783F000435BE781F0E3
:10039000004158E72DE9FE4F81EA030404F00044D0
:1003A00021F0004100944FF0000B23F0004350EA8D
:1003B00001045ED052EA03045BD0C3F30A54C1F3D4
:1003C0000A552C44A4F2F3340194A0FB0254C1F367
:1003D000130141F48011C3F3130343F4801301FBB1
:1003E000024400FB034E840A970A44EA815447EA18
:1003F0008357A4FB076802958D0A05FB07854FEA22
:10040000932C04FB0C542705029D4FEA065847EA3B
:100410001637B5EB08056EEB070C870E920E47EA10
:10042000811742EA8312A7FB0201B6EB0B0164EBD2
:1004300000042B0D43EA0C335E1844EB1C50DA46E3
:100440005146E7FB0201C5F313044FEA0B3343EABD
:1004500014534FEA0432019C43EA0603A4F10C044E
:100460000294009CCDE900B400F069F803B0BDE847
:10047000F08F00200146F9E70EB540F233410291BA
:100480000021CDE900110A460B4600F058F803B0F0
:1004900000BD30B50B46014600202022012409E0B2
:1004A00021FA02F59D4205D303FA02F5491B04FA2D
:1004B00002F52844151EA2F10102F1DC30BD202A0C
:1004C00004DB203A00FA02F1002070479140C2F1AB
:1004D000200320FA03F3194390407047202A04DBDD
:1004E000203A21FA02F00021704721FA02F3D040AD
:1004F000C2F120029140084319467047202A06DBCA
:10050000CB17203A41FA02F043EAE07306E041FAE1
:1005100002F3D040C2F120029140084319467047CF
:1005200010B5141E73F1000408DA401C41F10001FB
:1005300092185B411A4301D120F0010010BD2DE952
:10054000F04D92469B4611B1B1FA81F202E0B0FA49
:1005500080F220329046FFF7B2FF04460F4640EA91
:100560000A0041EA0B0153465A46084313D011468C
:1005700053EA010019D0C8F140025046FFF7AEFF20
:1005800005460E46504659464246FFF798FF084337
:1005900005D0012004E020463946BDE8F08D00205A
:1005A000054346EAE0762C4337430A986305E40A9C
:1005B000A0EB08000022FD0A44EA47540A3002D5A5
:1005C00000200146E9E7010510196941DDE9084508
:1005D00000196941BDE8F04DA2E72DE9F04D81EA2F
:1005E000030404F0004B21F0004514464FF0000ACC
:1005F00023F0004150EA050220D054EA01021DD048
:10060000C5F30A570246C5F31303C1F31300C1F340
:100610000A5640F4801543F48013A7EB0608101B1C
:10062000D64608F2FD3873EB050002D308F1010845
:1006300001E092185B41B8F1000F03DA0020014697
:10064000BDE8F08D00204FF48011064684460EE090
:10065000171B73EB050705D3121B63EB050306435A
:100660004CEA010C49084FEA300092185B4150EA0D
:100670000107EDD152EA030012D082EA040083EAB6
:100680000501084305D0101BAB4106D2012200230F
:1006900006E000224FF0004302E06FF00102531029
:1006A0001AEB06004CEB085110EB0A0041EB0B0172
:1006B000BDE8F04DFFF734BFC1F30A52C1F3130197
:1006C00040F2FF3341F480119A4202DA00200146E1
:1006D000704740F233439A42A2F2334202DC524264
:1006E000FFF7FCBEFFF7EBBE30B5041E71F100044E
:1006F00004DB4FF00044404264EB0101141E73F12F
:10070000000405DB1C464FF00043524263EB040338
:10071000994208BF904230BD064C074D06E0E068A4
:1007200040F0010394E8070098471034AC42F6D338
:10073000FFF72EFDE4AD000804AE0008FEE77047A9
:1007400070B5044600F00CF90546601C02D0044860
:100750000078044400F004F9401BA042FAD370BDB5
:10076000800000202DE9F84FDFF8BCA10022012510
:1007700003264FF00F090AF1040BAAF1040E00BF83
:100780000B6805FA02F42340A34270D10F7907F0F9
:100790000307012F01D0022F16D187684FEA4208C4
:1007A00006FA08FC27EA0C07D1F80CC00CFA08FC82
:1007B0004CEA070CC0F808C04768A7430C79C4F39B
:1007C000001494403C4344600C79E443A4070AD0ED
:1007D000C4684FEA420C06FA0CF7BC438F6807FA6C
:1007E0000CF72743C7600C7904F00304022C12D1E4
:1007F000D40800EB840CDCF820405707FF0E09FA00
:1008000007F824EA0804D1F8108008FA07F848EA43
:100810000408CCF8208004684FEA420C06FA0CF772
:10082000BC430F7907F0030707FA0CF7274307606B
:100830004C6814F4403F70D03C4C276847F4804724
:100840002760246822F0030704F480440094384CA5
:1008500007EB040CDCF8084897074FEA177809FA09
:1008600008F7BC43334FB84202D1002724E054E0DC
:10087000314FB84201D101271EE0304FB84201D1BB
:10088000022719E02E4FB84201D1032714E02D4F63
:10089000B84201D104270FE02B4FB84201D1052700
:1008A0000AE02A4FB84201D1062705E0284FB84296
:1008B00001D1072700E0082707FA08F72743CCF8FB
:1008C0000878DAF800405746D1F804C09C435FEA44
:1008D000CC2C00D51C433C60DBF800405F46D1F8CF
:1008E00004C09C435FEA8C2C00D51C433C60DEF8BE
:1008F00000407746D1F804C09C435FEA8C3C00D5A9
:100900001C433C60084F083F3C68D1F804C09C433E
:100910005FEACC3C00D51C433C60521C102AFFF41B
:100920002FAFBDE8F88F0000083C0140443802407A
:100930000030014000000240000402400008024074
:10094000000C024000100240001402400018024057
:10095000001C02400AB1816170470904FBE70000F6
:1009600001488068704700008000002002488168CC
:100970000278114481607047800000200B4810B558
:10098000016841F400710160016841F48061016017
:10099000016841F480710160032000F061F80F20CC
:1009A00000F006F800F024F8002010BD003C0240E2
:1009B00070B50D4D04464FF47A712878B1FBF0F014
:1009C0000A490968B1FBF0F000F0EAFB48B9102CC5
:1009D00007D200222146501E00F022F800206C6051
:1009E00070BD012070BD0000800000208C00002040
:1009F0000A4808B5016841F480410160006800F4CC
:100A0000804000900548001F016841F0805101605E
:100A1000006800F08050009008BD0000443802409B
:100A2000F0B40E4B1B680C46C3F30223C3F1070559
:100A3000042D00D90425191D072901D2002300E047
:100A4000DB1E012606FA05F1491E214099409E4011
:100A5000761E16403143F0BC02F0ECB90CED00E01C
:100A6000064900F0070208684FF6FF03184040EA05
:100A70000220034A10430860704700000CED00E0BC
:100A80000000FA052DE9F0470E46050065D0DFF8B5
:100A90001481D8F80000F7B200F00700B04207D286
:100AA00088F80070D8F8000000F00700B04254D178
:100AB00028683D4C810712D5400703D5206840F4D3
:100AC000E05020602878000703D5206840F460409B
:100AD00020602068A96820F0F00008432060287892
:100AE000C0072DD0304968680839012812D0022883
:100AF00013D0032811D00968890700292DDA21684D
:100B000021F0030101432160FFF72AFF814641F2F2
:100B1000883A0EE009688903EFE709688901ECE784
:100B2000FFF71EFFA0EB0901514502D90320BDE8E4
:100B3000F0872068696800F00C00B0EB810FEFD1FE
:100B4000D8F80010404601F00701B14207D90770FC
:100B5000006800F00700B04201D00120E7E72878E4
:100B6000400705D52068E96820F4E050084320607C
:100B70002878000706D52068296920F4604040EAFB
:100B8000C100206000F038F82168084AC1F3031161
:100B9000515CC8400649086006480068FFF708FF36
:100BA0000020C4E7003C024008380240CAAD0008FB
:100BB0008C00002084000020044805490068096872
:100BC000044AC1F38221515CC84070478C00002068
:100BD00008380240DAAD0008044805490068096891
:100BE000044AC1F34231515CC84070478C00002078
:100BF00008380240DAAD0008154810B5006810F05A
:100C00000C02144813D04110042A0FD0082A0ED128
:100C10000F4C241F2268236802F03F025B0207D5B5
:100C20002068C0F38810A0FB010106E0084610BD53
:100C30002168C1F38811A1FB00010023FFF7C0FA6E
:100C40002168C1F30141491C4900B0FBF1F010BD1E
:100C5000083802400024F4002DE9F84F04006ED05B
:100C60002078DFF84C93C007A9F104054AD009F1B8
:100C700004000168C1F38101012908D00068C0F3B4
:100C8000810002280AD1D9F80000400206D5286860
:100C9000800337D560680028E1D033E06068B0F5A4
:100CA000803F10D0B0F5A02F286810D020F48030FD
:100CB0002860286820F4802028606068A8B1FFF7C9
:100CC0004FFE06460DE0286840F48030F4E740F41B
:100CD00080202860F7E700BFFFF742FE801B6428F2
:100CE00073D828688003F7D50CE0FFF739FE064675
:100CF00005E000BFFFF734FE801B6428F0D82868A9
:100D00008003F7D42078DFF8AC8280074FF0000A28
:100D10003ED5A748001D016811F00C0F08D00068EF
:100D2000C0F3810002280BD1D9F80000400207D49B
:100D30002868800716D5E068012800D112E033E169
:100D4000E068B8B10120C8F80000FFF709FE0646C8
:100D500005E000BFFFF704FE801B0228C0D828680A
:100D60008007F7D52868216920F0F80040EAC10023
:100D700028600DE0C8F800A0FFF7F2FD064604E089
:100D8000FFF7EEFD801B02281FD828688007F7D4E4
:100D90002078000722D5864F87486169703771B186
:100DA00001210160FFF7DCFD064604E0FFF7D8FDF6
:100DB000801B022809D838688007F7D50EE0C0F8F4
:100DC00000A0FFF7CDFD064605E082E0FFF7C8FD75
:100DD000801B02287DD838688007F7D42078400728
:100DE00068D5DFF8CCB100270BF13C0BDBF8000035
:100DF000C0000BD4DBF8001041F08051CBF800109C
:100E0000DBF80000012700F0805000906B4E306846
:100E1000C00510D4306840F480703060FFF7A0FD4A
:100E2000009005E0FFF79CFD0099401A022850D879
:100E30003068C005F6D55E4EA0686C3601280FD02C
:100E40000528306810D020F001003060306820F0B4
:100E500004003060A068B8B1FFF782FD00900FE099
:100E6000306840F00100F4E740F004003060F7E73C
:100E7000FFF776FD0099411A41F28830814266D829
:100E800030688007F4D50EE0FFF76AFD009007E0B8
:100E9000FFF766FD0099411A41F28830814256D829
:100EA00030688007F4D42FB1DBF8001021F08051B6
:100EB000CBF80010A069C8B33D49091D0968C1F30A
:100EC000810102294AD00228504607D0C8F86000A4
:100ED00000E03CE0FFF744FD04463BE04746C8F82D
:100EE0006000FFF73DFD064605E000BFFFF738FD57
:100EF000801B02282BD828688001F7D4D4E9070189
:100F00000843A16A2E4A490802EB0141626A41EA9C
:100F10008211084394F82C1040EA0161C9F80010CE
:100F200001203866FFF71CFD044606E03EE000BFE6
:100F3000FFF716FD001B022809D828688001F7D5A5
:100F400034E000BFFFF70CFD001B022802D903208C
:100F5000BDE8F88F28688001F4D427E00128F7D095
:100F6000D9F80000E26900F4800191421CD1226AA4
:100F700000F03F01914217D147F6C071626A01400B
:100F8000B1EB821F10D1A26A4FF0FF3300F4403161
:100F900003EB5202B1EB024F06D194F82C1000F093
:100FA0007060B0EB016F01D00120D1E70020CFE7E6
:100FB0000438024000004742800E47420070004063
:100FC0000000FFFF70B5040009D0606A002540B141
:100FD00025616561A56294F8510040B10CE00120E3
:100FE00070BD6068B0F5827FF4D0E561F2E784F807
:100FF0005050204600F044F8022084F85100206848
:10100000016821F040010160A088218900F482700C
:1010100001F404410843A18901F400610843217CE3
:1010200001F002010843217D01F001010843218BF9
:1010300001F400710843217F01F03801084394F85E
:10104000201001F080010843218D01F40051084374
:1010500021680860A069042101EA104094F8241076
:1010600001F010010843216848602068C16921F43B
:101070000061C1616565012084F85100002070BDE8
:101080002DE9F04F87B0044614216846FFF7D0F8E9
:101090003E492068884276D13D480024016841F4E9
:1010A00000410160006800F40040059038481038A5
:1010B000016841F002010160016801F0020105913F
:1010C000016841F002010160016801F0020105912F
:1010D000016841F001010160016801F00101059121
:1010E000016841F008010160016801F00801059103
:1010F000016841F0080101600068022500F0080065
:1011000005900820CDE900050320CDE90240062026
:10111000204E049069463046FFF724FB20200090C3
:1011200069463046FFF71EFBAF030126DFF868A0D3
:10113000CDE9007669465046CDE90245FFF712FB3E
:101140004FF48058CDF80080CDE90164DFF84CB051
:10115000694658460394FFF705FB4FF40059CDE963
:10116000009669465846CDE90245FFF7FBFA012291
:1011700049465846FFF7EEFBCAF818700022414670
:101180005846FFF7E7FB07B0BDE8F08F003C004092
:10119000403802400004024000000240000C0240BF
:1011A00010B5401EB0F1807F01D3012010BD4FF07B
:1011B000E02460610F21601701F03CFE0020A06177
:1011C00007202061002010BD70B5040004D094F801
:1011D0003D00002510B106E0012070BD84F83C50B0
:1011E000204600F023F8242084F83D002068C168E0
:1011F00021F40051C160204601F06CFD20680169B6
:1012000021F4904101612068416921F02A01416186
:101210002068C16841F40051C1602564202084F831
:101220003D0084F83E00002070BD000010B586B07F
:10123000044614216846FEF7FBFF1B4920688842DC
:1012400030D11A48016841F010010160006800F0D7
:101250001000059015481438016841F00101016043
:10126000016801F001010591016841F0010101608F
:1012700000680F4C00F0010005904FF400700090E2
:101280000220019001200290032003900720049087
:1012900069462046FFF766FA201500906946204609
:1012A000FFF760FA06B010BD00100140443802405C
:1012B00000000240FEE7000070B5224C0021A0892A
:1012C000401E83B26089401E82B2084600F0C0FC16
:1012D000A4F6580001680B684FF6BF7213400B600C
:1012E00001680B6843F400630B6001680B6843F00E
:1012F00040030B60144BD1079961002107E0066899
:101300006568F5600568AE68B607FCD5491C658957
:10131000A68975438D42F2D801688C682406FCD4F6
:101320004FF400449C610B6813400B6001680A682D
:101330004FF2FF731A400A600068016841F04001F3
:10134000016070BD2C090020000002402DE9F05F13
:101350000023203A02F0FF0B284A824689464FF0CC
:1013600000401C4619469061DFF894E0254EDEF8F7
:10137000000026E00768DFF890C00BFB0272BCF8A3
:101380000070BCF804C09D5C0022BFB21FFA8CFC48
:101390005FEAC57802D026F8147001E026F814C080
:1013A000641C491CB0F804806D0889B2A4B2884559
:1013B00001D1002103E0521C92B2082AE8D35B1C41
:1013C0009BB202899A42D5D8C288A9F10101114481
:1013D0008BB28188AAF10100084482B27446494662
:1013E000504600F035FC20688188C088BDE8F05F79
:1013F000414389B2034801F059BA0000000002409D
:10140000780000202C0100202C0900202DE9F05F3D
:10141000DFF8D08083468A46D8F804000023177886
:101420000589066819465C1C05FB04FC16F80CC00F
:10143000BC4508D104FB056492F801C0647864459A
:1014400001D1994604E09B1C44899BB29C42EAD896
:1014500000221346C646244E27E00768DFF88CC0FA
:1014600009FB0474BCF80070BCF804C01D5D0024C6
:10147000BFB21FFA8CFC00BF5FEAC57802D026F825
:10148000127001E026F812C0521C491CB0F804800A
:101490006D0889B292B2884501D1002103E0641C35
:1014A000A4B2082CE8D35B1C9BB204899C42D4D81C
:1014B000C288AAF1010111448BB28188ABF101000D
:1014C000084482B274465146584600F0C1FB606839
:1014D0008188C088BDE8F05F414389B2024801F0CD
:1014E000E5B90000780000202C0100202C09002024
:1014F00030B50546094887B00C46007A8DED000BE3
:1015000050B107A102A801F081FC02AA2146284699
:1015100000F02CF807B030BD03A1F3E72C09002040
:10152000252A2E2A6C66000025302A2E2A6C660099
:101530007FB51E46094B05460C46187A13463246BF
:1015400048B107A1684601F061FC6A462146284679
:1015500000F00CF87FBD03A1F4E700002C09002087
:10156000252A640025302E2A640000002DE9F04170
:101570001546884604460A4F0A4E08E04146204672
:10158000FFF7E4FE38686D1C8088204484B27089BF
:10159000A04202D92A78002AF0D1BDE8F0810000EB
:1015A000780000202C0900202DE9F04114460F4658
:1015B00005460E4E15E07F2A09D839462846FFF722
:1015C000C5FE3068641C8088284485B209E0224644
:1015D00039462846FFF71AFF7068A41C8088284403
:1015E00085B22278002AE6D1BDE8F081780000209B
:1015F0002DE9F84F81465542002602201E4F8846AD
:1016000000EB4504A9EB05003A6808EB060A0090D8
:101610001FFA8AF180B200F04BFA09EB050B1FFAB2
:101620008AF11FFA8BF03A6800F042FAA8EB060A3A
:101630001FFA8AF11FFA8BF03A6800F039FA009825
:101640001FFA8AF13A6880B200F032FA2046B442BA
:1016500008DC761C00EB4604641CF54202D1A8426B
:1016600000DC0020A84203DD6D1C04EB4504641C73
:10167000002DC7DDBDE8F88F2C0900202DE9F05FB3
:1016800000EE102A80465742F8EEC00A00EE103AEB
:10169000022000EB4704B8EEC00A00256C480E4655
:1016A0002DED028B9A4267DD80EE808A4FEA0009B9
:1016B00000EE105AA8EB070BD9F80020B8EEC00ACC
:1016C000C0EE080ABCEEE00A10EE100A304481B207
:1016D0001FFA8BF000F0ECF900EE105A08EB070A45
:1016E000D9F80020B8EEC00AC0EE080ABCEEE00A45
:1016F00010EE100A304481B21FFA8AF000F0D8F9D7
:1017000000EE105AD9F80020B8EEC00AC0EE080A60
:10171000BCEEE00A10EE100A301A81B21FFA8AF00D
:1017200000F0C6F900EE105AD9F80020B8EEC00A51
:10173000C0EE080ABCEEE00A10EE100A301A81B2C0
:101740001FFA8BF000F0B4F92046AC4208DC6D1CA7
:1017500000EB4504641CEF4202D1B84200DC0020DB
:10176000B84203DD7F1C04EB4704641C002F9FDD9F
:10177000BDEC028BBDE8F09F80EE208A5F42002521
:10178000814600BF00EE105A06EB070A1FFA8AF1E5
:10179000B8EEC00AD9F80020C0EE080ABCEEE00A94
:1017A00010EE100AA8EB000080B200F081F900EE04
:1017B000105A1FFA8AF1D9F80020B8EEC00AC0EE1C
:1017C000080ABCEEE00A10EE100A404480B200F0B5
:1017D0006FF900EE105AA6EB070A1FFA8AF1B8EE6D
:1017E000C00AD9F80020C0EE080ABCEEE00A10EEEC
:1017F000100A404480B200F05BF900EE105A1FFA64
:101800008AF1D9F80020B8EEC00AC0EE080ABCEE92
:10181000E00A10EE100AA8EB000080B200F048F9D0
:101820002046AC4209DC6D1C05EB45010C18641C1C
:10183000EF4202D1B84200DC0020B84204DD7F1C38
:1018400007EB47000444641C002F9BDD90E7000079
:101850002C0900202DE9FF4F83B007460646049867
:101860009B464FF480610090B1FBFBF0DDF84090A7
:101870001446019038194FF0000A401E5546029058
:101880006EE00020F4EE000A27E000BF374B99F825
:101890000020A3F5006EB3F800C09B8800211FFA5A
:1018A0008CFC9BB25FEAC27802D02EF815C001E032
:1018B0002EF81530761CB6B26D1C5208A6EB070840
:1018C000ADB2A04501D13E4603E0491C89B20829CA
:1018D000E8D3401C09F1010980B200EE104AB8EECD
:1018E000400A20EE201A00EE100AB8EE400AB4EECC
:1018F000C01AF1EE10FAC9DC01986043A84216D173
:10190000DDE9000100EB0108A8F1010083B20298B3
:10191000002582B23846009900F09AF90198604398
:1019200081B2134800F0C2FF1FFA88F000900AF15C
:101930000108D84512D1049902988A4482B21FFA4C
:101940008AF33846009900F083F90099AAEB010068
:10195000401C604381B2064800F0A8FF1FFA88FAD5
:10196000DA458ED307B0BDE8F08F00002C090020C7
:101970002C0100202DE9FE4F0027141A002C00DC5A
:10198000841A0FFA84F85C1A002C00DCCC1A0FFAC7
:1019900084FC06B20DB24FF0FF34824203D3012023
:1019A0008246019001E0A24601948B4203D30120BC
:1019B0008146009001E0A1460094E0454FF0000010
:1019C00008DB8146019008EBD870C3464410CDF87F
:1019D00008C026E0824600200090E3460CEBDC7055
:1019E000CDF808804410D8461BE01048A9B2026820
:1019F000B0B200F05DF80298204404B25C4508DB08
:101A0000A4EB0B0004B20198304406B200982844BD
:101A100005B206EB0A0006B205EB09007F1C05B211
:101A20003FB24745E1DDBDE8FE8F00002C090020F4
:101A300070B514460C4A0B46A2F5006512880021C9
:101A400092B203E025F81120491C89B2A142F9D3D2
:101A50000119491E8AB2194600F0FAF82146BDE87C
:101A60007040024800F022BF2C0900202C01002009
:101A700070B50D4B1446A3F500651B8800229BB280
:101A800004E000BF25F81230521C92B2A242F9D3F2
:101A90000A19521E93B2024600F0DAF82146BDE858
:101AA0007040024800F002BF2C0900202C010020E9
:101AB00010B50B46024600F0CBF8094C4FF0004041
:101AC000A0610848008880B200F052FF0648006814
:101AD00081680906FCD44FF40040A06110BD0000ED
:101AE000000002402C090020D40000202DE9F04124
:101AF0001C4616460D460746FFF79AFF2819401E5A
:101B000081B232463846FFF793FF224629463846CF
:101B1000FFF7AEFFB81922462946BDE8F041401E46
:101B200080B2FFF7A5BF2DE9F84F8B460321904601
:101B30000746A1EB4806002415464FF6FF7931E031
:101B40008DB1ABEB050081B2009009EA4502381B6C
:101B5000924680B2FFF78CFF0098524681B2381946
:101B600080B2FFF785FF8CB1ABEB040081B200902F
:101B700009EA4402781B924680B2FFF779FF009889
:101B8000524681B2781980B2FFF772FF002E03DA55
:101B900006EB8406B61D04E0601B06EB80066D1E96
:101BA0000A36641CAC42CBD9424659463846BDE899
:101BB000F84FFFF71DBD00002DE9F0411D4614460A
:101BC0004A19521E93B20219521E92B200F040F806
:101BD0001D4801680B684FF6BF7213400B60016827
:101BE0000B6843F400630B6001680B6843F040032B
:101BF0000B60164BD1079961002100F658066C4323
:101C000008E007683568FD600568AF68BF07FCD568
:101C1000491C89B28C42F4DC01688C682406FCD42F
:101C20004FF400449C610B6813400B6001680A6824
:101C30004FF2FF731A400A600068016841F04001EA
:101C40000160BDE8F0810000D400002000000240E7
:101C50002DE9F047194D80464FF000409946164651
:101C60000F46A8612A2000F05FFE154CA17B01EB16
:101C7000080080B200F07CFEA07B304480B200F00F
:101C800077FE2B2000F050FEE07B384480B200F05D
:101C90006FFEE17B01EB090080B200F069FE2C20B1
:101CA00000F042FEA4F65800006881680906FCD4E2
:101CB0004FF40040A861BDE8F0870000000002403A
:101CC0002C090020014908607047000078000020BE
:101CD0004FF478414FF4FC6201EA102102EA5012FD
:101CE000C0F3C40011430143014841607047000044
:101CF0002C0900204FF478414FF4FC6201EA1021D6
:101D000002EA5012C0F3C4001143014301480160CC
:101D1000704700002C0900202DE9F0411E4CDFF82F
:101D20007C804FF000426072C8F818200026F02531
:101D300038B102280AD0502701281CD0032822D00D
:101D40000EE0362000F0F0FD702003E0362000F0B9
:101D5000EBFD002000F01CFEA673E6736581A581F3
:101D60000F48006881680906FCD44FF40041C8F8A8
:101D70001810BDE8F081362000F0D6FDA02000F05C
:101D800007FEA773E9E7362000F0CEFDC02000F083
:101D9000FFFDA673E773E1E72C0900200000024075
:101DA000D40000200C494860808814280FD005DC3E
:101DB0000C280AD0102807D1084804E0182808D0B9
:101DC000202801D10648086070470648FBE706480E
:101DD000F9E70648F7E700007800002060000020DF
:101DE0003C0000206C00002054000020480000202F
:101DF00001490872704700002C0900202DE9F05FAE
:101E000000242548FFF7CEFF0020FFF773FFDFF81F
:101E10009090DFF888B0214D214E224FDFF8888066
:101E2000DFF888A009F17F090BF17F0B082C0AD29B
:101E3000DFE804F004062426282A2C2E284600E099
:101E40003046FFF745FFFFF737FA19A246210D206C
:101E5000FFF7AAFB1AA26A210D20FFF7A5FB1DA21E
:101E60008E210D20FFF7A0FB4FF47A70FEF768FC7F
:101E7000641CE4B2082CD9D3BDE8F09F3846E0E7F3
:101E80004046DEE74846DCE75046DAE75846D8E702
:101E90006FF07F40D5E70000240000208080FF0025
:101EA00080FF8000FF80800080FFFF00A3A3A300CD
:101EB00053544D333220CBA2C6C1B2E2CAD4000083
:101EC000C6C1C4BBB7D6B1E6C2CA3A3234302A3230
:101ED00034300000BFD8D6C6C6F73A535437373827
:101EE0003900000070B50020FFF7F2FEFFF7E4F9BB
:101EF0005948FFF757FF6FF07F40FFF7FBFE0021C7
:101F000056A20846FFF750FB00244FF47F0500BFA0
:101F1000A5EB0440FFF7EEFE0A2214212046FFF74E
:101F2000A7FD641CA4B2F02CF2D300244FF47F452B
:101F3000A5EB0420FFF7DEFE0A2223212046FFF74F
:101F400097FD641CA4B2F02CF2D30024C4F1FF006E
:101F5000FFF7D0FE0A2232212046FFF789FD641CDC
:101F6000A4B2F02CF2D346243F48FFF7C3FE4B2126
:101F70000A235A229620FFF71FFE3CA2214600208A
:101F8000FFF7F4FA3C48FFF7B5FE5F210A235A2217
:101F90009620FFF711FE5A2138A20020FFF7E6FA3B
:101FA0003A48FFF7A7FE73210A235A229620FFF72B
:101FB00003FE6E2136A20020FFF7D8FA3848FFF75B
:101FC00099FE87210A235A229620FFF7F5FD8221E8
:101FD00034A20020FFF7CAFA48F28000FFF78AFE19
:101FE0009B210A235A229620FFF7E6FD962130A274
:101FF0000020FFF7BBFA4FF08010FFF77BFEAF2108
:102000000A235A229620FFF7D7FDAA212BA20020EF
:10201000FFF7ACFA2D48FFF76DFEC3210A235A22C1
:102020009620FFF7C9FDBE2129A20020FFF79EFAE6
:102030002A48FFF75FFED7210A235A229620FFF78E
:10204000BBFDD22126A20020FFF790FABDE8704028
:102050004FF4FA60FEF774BB18000020524742C8E4
:10206000FDBBF9C9AB3A0000FFFF80004C4947486F
:10207000545F4359414E0000FF80FF004C494748E0
:10208000545F4D4147454E544100000080FFFF0022
:102090004C494748545F59454C4C4F57000000008D
:1020A000A3A3A3004C494748545F47524559000039
:1020B0004441524B5F4359414E0000004441524B52
:1020C0005F4D4147454E54410000000000808000B4
:1020D0004441524B5F59454C4C4F570040404000E3
:1020E0004441524B5F475245590000002DE9F843E7
:1020F000294E2A4F2A4DDFF8AC8000244FF47A791C
:102100000020FFF7E5FDFFF7D7F82748FFF74AFE65
:102110003046FFF7EFFD34B1012C09D0022C31D04D
:10212000032C0DD133E00220FFF7F6FD1FA203E0E0
:102130000020FFF7F1FD20A214210846FFF734FA32
:102140003846FFF7D7FD53231A4650211320009538
:10215000FFF780FB1B48FFF725FE4046FFF7CAFD4F
:1021600019A25A218220FFF71FFA822118A20846DD
:10217000FFF71AFA4846FEF7E3FA641C042CBFDBAB
:10218000BDE8F8830320FFF7C7FD13A2D4E70120C1
:10219000FFF7C2FD15A2CFE7FBF9DFFF8DE5F6FFE4
:1021A000869F0008A8D39DFF240000204469726523
:1021B0006374696F6E5F5600446972656374696F1A
:1021C0006E5F480030000020C2B9D0A1B0E000002E
:1021D000BFC6BCBC00000000446972656374696FCF
:1021E0006E5F565F466C697000000000446972655E
:1021F0006374696F6E5F485F466C69700000000031
:1022000010B50020FFF764FDFFF756F86FF07F4030
:10221000FFF770FDF02300211A460846FFF766FC21
:102220004FF47F00FFF766FD1E2232218C20FFF75E
:102230007AFC4FF47F40FFF75DFD1E223221AA2079
:10224000FFF771FCFF20FFF755FD1E223221C82049
:10225000FFF769FC2948FFF74DFD1A214023712241
:102260000846FFF787FB51236A2216212320FFF738
:1022700081FB64235D2214212D20FFF77BFB6C235F
:10228000452210213420FFF775FB6C232C221021EE
:102290003E20FFF76FFB1A48FFF72CFD1E22AA21F4
:1022A0007820FFF7A5F91422AA217820FFF7A0F9DA
:1022B0001448FFF71FFD28235A22AA217820FFF790
:1022C000DDF928234622AA217820FFF7D7F90D4807
:1022D0007F30FFF70FFD32236422AA217820FFF719
:1022E000CDF93C236E22AA217820FFF7C7F9BDE87B
:1022F00010404FF4FA60FEF723BA000000FFFF0021
:10230000FFFF80008080FF0008B50020FFF7E0FCA1
:10231000FEF7D2FF1848FFF7EDFC18485323009052
:102320001A4615211320FFF795FA1548FFF7E2FC2E
:102330001448532300901A4615218D20FFF78AFA7E
:102340001148FFF7D7FC1148532300901A468C21FF
:102350001320FFF77FFA0E48FFF7CCFC0D485323FC
:1023600000901A468C218D20FFF774FABDE80840D2
:102370004FF4FA60FEF7E4B98DE5F6FF869F00089A
:10238000FBF9DFFF17A30008A8D39DFFA8A600084C
:102390005387FFFF39AA000870B50020FFF798FCAB
:1023A000FEF78AFF6FF07F442046FFF7A3FC5648F4
:1023B000FFF788FC002155A20846FFF7D7F85748D9
:1023C000FFF780FC56A220210020FFF7CFF85A48E3
:1023D000FFF778FC59A238210020FFF7C7F85E48C4
:1023E000FFF770FC5DA24C210020FFF7BFF86348A7
:1023F000FFF768FC62A25C210020FFF7B7F820120B
:10240000FFF778FC5D48FFF75DFC68A268210020BB
:10241000FFF7ACF85048FFF755FC6FA2742100207D
:10242000FFF7A4F84448FFF74DFC73A28421002075
:10243000FFF79CF83948FFF745FC76A29821002069
:10244000FFF794F83048FFF73DFC78A2B021002058
:10245000FFF78CF87948FFF7A5FC7948FFF74AFCAD
:1024600078A2D8210020FFF79FF84FF4FA6528469C
:10247000FEF766F9FEF720FF7548FFF793FC7548F5
:10248000FFF738FC74A20A210E20FFF78DF876487A
:10249000FFF788FC7548FFF72DFC75A21E210E2062
:1024A000FFF782F87648FFF77DFC7648FFF722FCBD
:1024B00075A23C210E20FFF777F86048FFF772FC09
:1024C0007548FFF717FC75A25A210E20FFF76CF82C
:1024D0007648FFF767FC7648FFF70CFC75A282216F
:1024E0000E20FFF761F85548FFF75CFC2046FFF728
:1024F00001FC74A2B4210E20FFF756F82846BDE86F
:102500007040FEF71DB900003C0000202123242765
:1025100028292A2B2C2D2E30313233004800002060
:102520002123242728292A2B2C2D2E3031323334F5
:1025300035363738000000005400002021232427BE
:1025400028292A2B2C2D2E3031323334353637388A
:10255000393A3B3C00000000600000202123242782
:1025600028292A2B2C2D2E3031323334353637386A
:10257000393A3B3C3D3E3F40414200006C00002068
:102580002123242728292A2B2C2D2E303132333495
:1025900035363738393A3B3C3D3E3F404142434473
:1025A00045464748494A4B4C000000002123262756
:1025B00028292A2B2C2D2E3031323334353637381A
:1025C000393A3B3C3D3E3F40414243444546474803
:1025D000494A4B4C000000002123262728292A2B9A
:1025E0002C2D2E303132333435363738393A3B3CA6
:1025F0003D3E3F40414200002123262728292A2B27
:102600002C2D2E303132333435363738393A3B3C85
:10261000000000002123262728292A2B2C2D2E30CC
:102620003132333435363738000000002123262775
:1026300028292A2B2C2D2E30313233002400002063
:1026400000FFFF004153434949D7D6B7FBBCAF0059
:1026500000000020D1C68A00313231323AC2B9D0EE
:10266000A1B0E0BFC6BCBC000C000020A5E1C500C5
:10267000313631363AC2B9D0A1B0E0BFC6BCBC00D9
:102680001800002049B5FF00323032303AC2B9D0CC
:10269000A1B0E0BFC6BCBC005D58FF00323432348C
:1026A0003AC2B9D0A1B0E0BFC6BCBC003000002027
:1026B000B9B6FF00333233323AC2B9D0A1B0E0BF6D
:1026C000C6BCBC00D6D0CEC4CFD4CABE0000000069
:1026D0002DE9F05F4FF000082DED088B4646474688
:1026E0009FED599B9FED5A8B4046FFF7F1FAFEF79D
:1026F000E3FD5948FFF756FB5848FFF7FBFA58A28D
:102700000A210020FEF750FF57A228210020FEF7E3
:102710004BFFDFF85C914846FFF7ECFA55A25021D9
:102720000020FEF741FF56A26E210020FEF73CFF7D
:10273000DFF854A15046FFF7DDFA54A2962100209D
:10274000FEF732FF53A2B4210020FEF72DFF002434
:10275000CB469FED52AB9FED53BB4048FFF7CAFA03
:102760000120FFF745FB04EB840006EB4002042345
:102770000A215020FEF7DCFE604200EB800007EBF0
:102780004002042328215020FEF7D2FE5846FFF7CE
:10279000B1FA0120FFF72CFBC4EB041000EB80051D
:1027A00008EB4502082350218220FEF7C1FE0020DD
:1027B000FFF71EFB06EB450208236E218220FEF781
:1027C000B7FE5046FFF796FA0120FFF711FB2046AF
:1027D000FDF752FE894649EC100B054653EC1A2BC7
:1027E00051EC100BFDF7D6FD53EC192BFDF72BFD2B
:1027F00041EC100B0323062296216420FEF778FE9D
:1028000049EC105B53EC1B2B51EC100BFDF7C2FD98
:1028100053EC182BFDF717FD41EC100B04230B2292
:10282000B4216420FEF764FE0F20FDF789FF641CCD
:10283000A4B2642C91D3BDEC088B40F6C410BDE863
:10284000F05FFDF77DBF00004AD8124DFB21094023
:102850004ED1915C7E4893C024000020FFFF800091
:10286000D5FDCAFD3A000000B8BACAFD3A00000022
:1028700080FFFF00CCEEB3E4BFD5B8F13A00000012
:10288000CCEEB3E4303A00008080FF00D5FDD0A14B
:10289000CAFD3A00B8BAD0A1CAFD3A009A999999EE
:1028A0009999B93F7B14AE47E17A843FF0B51C4A51
:1028B00013681D684FF6BF7425401D6013681D68BE
:1028C00045F400651D6013681D6845F040051D60F6
:1028D000144DE307AB61002309E000BF176830F82F
:1028E0001360FE601668B768BF07FCD55B1C8B429F
:1028F000F4D3106881680906FCD44FF40041A96143
:10290000016821400160106801684FF2FF731940AF
:1029100001601068016841F040010160F0BD0000F5
:10292000D4000020000002402DE9F0410E4C074683
:10293000206881680906FCD40C4E4FF40055002233
:1029400029463046FEF706F82068C760226890687E
:102950008007FCD590680006FCD429463046BDE8C7
:10296000F0410122FDF7F6BFD4000020000C024028
:102970000649020A0B68DA600A6893689B07FCD56F
:10298000D060086881688907FCD57047D4000020B2
:1029900003490A68D060086881688907FCD57047D8
:1029A000D400002030B587B014216846FDF740FC04
:1029B0000D480024016841F00401016000680B4DDE
:1029C00000F004000590224601212846FDF7C2FFD1
:1029D00001210091CDE90114694628460394FDF7D1
:1029E000C1FE07B030BD0000303802400008024090
:1029F00010B5124C10484FF4007120604FF48270F3
:102A000060604FF40040A0600020E0602061C4E9F5
:102A10000501E06120626062A062E0622046FEF78C
:102A2000D1FA2068016841F0400101602068016826
:102A300041F48041016010BD003C0040D400002002
:102A4000FEE7FEE77047000010B5FFF7D1FF0A2050
:102A5000FDF776FE6D4C4FF00040A0613620FFF789
:102A600063FF0020FFF794FF3A20FFF75DFF05208A
:102A7000FFF78EFFB220FFF757FF0C20FFF788FF0C
:102A80000C20FFF785FF0020FFF782FF3320FFF7C0
:102A90007FFF3320FFF77CFFB720FFF745FF35208E
:102AA000FFF776FFBB20FFF73FFF1920FFF770FF0E
:102AB000C020FFF739FF2C20FFF76AFFC220FFF785
:102AC00033FF0120FFF764FFC320FFF72DFF122023
:102AD000FFF75EFFC420FFF727FF2020FFF758FF16
:102AE000C620FFF721FF0F20FFF752FFD020FFF78E
:102AF0001BFFA420FFF74CFFA120FFF749FFE020B8
:102B0000FFF712FFD020FFF743FF0420FFF740FF3D
:102B10000D20FFF73DFF1120FFF73AFF1320FFF7CD
:102B200037FF2B20FFF734FF3F20FFF731FF542002
:102B3000FFF72EFF4C20FFF72BFF1820FFF728FF91
:102B40000D20FFF725FF0B20FFF722FF1F20FFF7C7
:102B50001FFF2320FFF71CFFE120FFF7E5FED02039
:102B6000FFF716FF0420FFF713FF0C20FFF710FFFD
:102B70001120FFF70DFF1320FFF70AFF2C20FFF7AE
:102B800007FF3F20FFF704FF4420FFF701FF51201C
:102B9000FFF7FEFE2F20FFF7FBFE1F20FFF7F8FEDA
:102BA0001F20FFF7F5FE2020FFF7F2FE2320FFF79E
:102BB000EFFE2120FFF7B8FE1120FFF7B5FE7820C9
:102BC000FDF7BEFD2920FFF7AFFE114800688168C0
:102BD0000906FCD44FF40040A0610220FFF79CF8E6
:102BE0000020FFF775F86FF07F40FFF783F8FEF7DE
:102BF00063FB094907480122086008490020087260
:102C0000BDE8104011030648FDF7A4BE00000240D5
:102C1000D400002048000020780000202C0900206B
:102C2000000C02407047FDF7A1BE000030B593B024
:102C300030216846FDF7FCFA14210CA8FDF7F8FADC
:102C40001E480025016841F080510160006800F0D5
:102C5000805011901A48016841F480410160006879
:102C6000022400F4804011900120009000040190A3
:102C70008001CDE90640082008904FF4A870CDE906
:102C8000090404200B906846FDF7E6FF08B172B610
:102C9000FEE70CA90F2081E831004FF4A0500F90FF
:102CA0004FF48050109005210CA8FDF7EBFE002892
:102CB00001D072B6FEE713B030BD000040380240CC
:102CC000007000400248016841F4700101607047E3
:102CD00088ED00E070B5044600680169E26821F4FF
:102CE0004051114301612169A068E26908436169AB
:102CF000114308432168CA6849F20C639A430243AE
:102D0000CA6020684169A26921F4407111434161A0
:102D100031492068884202D03049884202D1FDF70B
:102D20005BFF01E0FDF748FFE269002319216425FC
:102D30003226B2F5004F626828D0A0FB0101930F44
:102D40009200FDF73DFA0146B0FBF5F06FF0180276
:102D5000504301EB800006EB0010B0FBF5F000F0F3
:102D6000F002B1FBF5F002EB0012B1FBF5F06FF0F1
:102D70001803584301EB800006EB0010B0FBF5F0A0
:102D800000F00F0021681044886070BDA0FB0101B5
:102D900092185B41FDF714FA0146B0FBF5F0020111
:102DA000B1FBF5F06FF01803584301EB800006EB20
:102DB000C000B0FBF5F000F0F80002EB4002B1FB00
:102DC000F5F0584301EB800006EBC000B0FBF5F0D6
:102DD00000F00700D6E70000001001400014014099
:102DE0000848074901604FF4E131416000218160EA
:102DF0000822C160C0E904128161C161FEF7E4B933
:102E00000010014090000020FEE700000FB4084BC6
:102E100010B504A902AA039800F0EEF8044602A92E
:102E2000002000F080FC204610BC5DF814FB000080
:102E3000273700080907090E002804DB00F1E0200D
:102E400080F80014704700F00F0000F1E02080F8D7
:102E5000141D704702E008C8121F08C1002AFAD1E9
:102E600070477047002001E001C1121F002AFBD10A
:102E7000704700002DE9FF5F82B00021DDE90430DA
:102E8000020DDDF840B0034318D044F61050A2F212
:102E9000FF3242431514119801281FD0A5EB0B00F7
:102EA000401C5FEA000A4FF000064E4FDFF83891F1
:102EB000B046504615D5CAF1000413E0119801241C
:102EC0004AA3012801D16FEA0B010298119AC0E9C7
:102ED0000031C0E9024206B0BDE8F09FCBF100002E
:102EE000DFE704460021404A491842EB0450CDE98F
:102EF000001012E0E00707D032463B464046494604
:102F0000FDF748FA8046894632463B461046194648
:102F1000FDF740FA06460F466410002CEAD1DDE9C1
:102F20000401DDE90023BAF1000F06DAFDF732FAF9
:102F300042464B46FDF72EFA05E0FDF74EFB4246B2
:102F40004B46FDF74AFB04460E460022284BFDF790
:102F5000CBFB03D84FF0FF30014607E00022254BA2
:102F600020463146FDF76FF9FDF7A6FB102409E076
:102F7000002C0ADB0A220023FDF722F9039B3032E2
:102F80001A55641E50EA0102F2D1641C039AC4F17E
:102F900011031444119A012A03D0012208430DD1D0
:102FA0000AE0084304D000204FF0110B119072E7A3
:102FB000A3EB0B056D1E0DE05B4504DD4FF0000239
:102FC00005F1010504E003DA4FF00002A5F1010567
:102FD000002AECD002981199C0E90231C0E90045FD
:102FE00079E70000000014400000F03F30000000CE
:102FF0000000F0430000E03F2DE9FF4F95B09B46F5
:103000008946064600250FE2252877D10024274669
:10301000F84A0121059400E0044316F8013F203BE3
:1030200001FA03F01042F7D130782A2811D06FF05E
:103030002F033078A0F13002092A16D8059A44F0FF
:10304000020402EB820203EB42021044761C05905C
:10305000EFE759F8042B0592002A03DA504244F4B2
:103060000054059044F00204761C30782E2816D1C6
:1030700016F8010F44F004042A280DD06FF02F0237
:103080003078A0F13003092B09D807EB870302EB56
:103090004303C718761CF3E759F8047B761C307895
:1030A0006C280FD006DC4C2817D068280DD06A2871
:1030B00014D104E0742810D07A280FD10DE044F424
:1030C00000140AE044F4801401E044F440147278DF
:1030D000824202D104F58014761C761C3078662872
:1030E0000BD013DC582877D009DC002875D0452890
:1030F000F6D04628F4D047281AD19DE118E063287D
:1031000035D0642879D0652812D195E1702873D024
:1031100008DC6728F1D069286FD06E280DD06F28A1
:1031200006D1B5E073282CD0752875D0782874D0D6
:103130005A46179990476D1C75E1C4F30250022856
:1031400009D003280DD0D9F8001004280DD00D6047
:1031500009F1040967E1D9F80010EA17C1E9005242
:10316000F6E7D9F800100D80F2E70D70F0E719F8D6
:10317000041B8DF8001000208DF80100EA460120A4
:1031800003E059F804AB4FF0FF3061074FF0000146
:1031900002D40DE008F101018846B9420FDA8045FA
:1031A000F8DB1AF808100029F4D108E008F1010151
:1031B00088468142FADB1AF808100029F6D10598F2
:1031C0005B46A0EB080721463846179A00F094FAB0
:1031D000284400EB080507E04DE029E10DE01AF86E
:1031E000010B5A4617999047B8F10108F7D25B4690
:1031F00021463846179A13E142E00A220092C4F3AE
:1032000002524FF0000A022A08D059F804CB032AD0
:103210004FEAEC710AD00DE029E02AE009F107013C
:1032200021F00702F2E802C1914609E00FFA8CFC96
:103230004FEAEC71042A03D14FFA8CFC4FEAEC718F
:10324000002907DA0A460021DCF1000C61EB0201DB
:103250002D2202E0220504D52B228DF80420012224
:1032600003E0E20701D02022F7E7904659E00A2167
:1032700002E010220DE010214FF0000A00910BE057
:1032800010224FF0000A44F004040827009203E0E3
:1032900008224FF0000A0092C4F30252022A05D01D
:1032A00059F804CB0021032A08D009E009F10701ED
:1032B00021F00702F2E802C1914605E01FFA8CFCFA
:1032C000042A01D10CF0FF0C4FF00008220728D58A
:1032D000702806D0009B83F0100353EA0A0305D040
:1032E0000EE040228DF80420012208E05CEA010291
:1032F00006D030228DF804208DF805000222904679
:10330000009B83F0080353EA0A030AD15CEA010236
:1033100001D1620705D530228DF804204FF0010855
:103320007F1E582804D034A003900EA802900DE010
:1033300036A0F9E753466046009AFCF741FF844601
:103340000398825C0298401E029002705CEA0100C1
:10335000F0D1029806A9081A00F1200A600702D5E8
:1033600024F4803400E00127574502DDA7EB0A0072
:1033700000E0002000EB0A01009005984144401A4B
:103380000590E00306D45B462146179A059800F0A5
:10339000B3F90544002706E001A85A46C05D179915
:1033A00090476D1C7F1C4745F6DBE0030CD55B4660
:1033B0002146179A059800F09FF9054404E0302053
:1033C0005A46179990476D1C0099481E0090002995
:1033D000F5DC08E0029802995A460078491C0291EF
:1033E000179990476D1CBAF10001AAF1010AF1DCAE
:1033F00065E10000092801003031323334353637B9
:103400003839616263646566000000003031323330
:1034100034353637383941424344454600000000D0
:1034200000F058F90544761C307800287FF4ECADA4
:1034300019B02846BDE8F08F620700D4062709F1CD
:10344000070222F0070CFCE80223E14603F00048E3
:103450005FEA080C02D00FF2702C0DE05FEA045C0A
:1034600002D50FF2682C07E05FEAC47C02D00FF2AD
:10347000602C01E0AFF2700C4FF0FF3823F00043F6
:10348000CDF850C065280CD006DC452809D0462868
:103490001DD047283DD13DE0662818D067287ED151
:1034A00038E00021112F01DB112000E0781CCDE96C
:1034B000000106A90EA8FFF7DDFCDDE90F010E9A59
:1034C00003910021009207F1010A04914DE04FF0B1
:1034D00000400097CDE9011006A90EA8FFF7CAFC2D
:1034E000DDE90F0203920E9B11990022DDF80CA07A
:1034F0000093049211B9791C00EB010AB7EB0A00A2
:1035000004D4C0F1FF3007F1010A0490AAEB0700D0
:10351000019044E0012F00DA01270021112F01DD85
:10352000112000E03846CDE9000106A90EA8FFF7FA
:10353000A1FCDDE90F010E9A039100210491009294
:10354000BA4621070CD40399514500DA8A46BAF1EC
:10355000010F05DD009AAAF10101515C302908D064
:10356000B84202DA10F1040F06DA0121CDE90110A8
:1035700015E0AAF10101E9E7002805DC04990144FE
:103580000491AAEB000102E0411C514500DD8A468E
:103590000499401A401C01904FF00040029020070F
:1035A00004D40198504501DBCDF8048000208DF84B
:1035B0004F0002980DF14F07B0F1004F25D02B209E
:1035C0000E9002984FF0020800280CDA4042029058
:1035D0002D200E9007E00A210298FCF75AFF3031A7
:1035E000029007F8011DB8F10001A8F10108F2DC12
:1035F00002980028EFD1791E0E980870307800F0FC
:10360000200040F0450007F8020D12A8C01B00F191
:1036100007081498007800B1012000EB0A01019816
:1036200001EBE07105984144401A401E0590E0030B
:1036300006D45B462146179A059800F05DF80544CC
:103640001498007818B15A46179990476D1CE003FA
:1036500024D55B462146179A059800F04DF805449D
:103660001CE00498002807DBDDE90301884203DD44
:103670000098405C179901E0179930205A4690470E
:10368000049805F10105401C04900198401E01902A
:1036900004D12E205A46179990476D1CBAF10001AB
:1036A000AAF1010ADDDC05E017F8010B5A4617996B
:1036B00090476D1CB8F10001A8F10108F4DC5B46ED
:1036C0002146179A0598ABE62D0000002B0000005C
:1036D000200000002DE9F041044600251E46174653
:1036E000880404D405E039462020B0476D1C641ED0
:1036F000F9D52846BDE8F0812DE9F04104460025C2
:103700001E469046C80301D5302700E020278804D4
:1037100004D505E041463846B0476D1C641EF9D516
:103720002846BDE8F0810A68531C0B601070704792
:10373000FDF724F9FFF77AFAFFF734F9FFF750FBAA
:10374000FFF782F9FEF75AFBFEF726FEFEF7C0FFF1
:10375000FEF7C8FBFEF754FDFEF7D6FDFEF7C6FCEC
:10376000F0E74000FE079200FE079204FE07020009
:103770008A04BA028A01AA041907C2B9200000000B
:103780000000000000000000000000000000000039
:10379000000020002000200020002401240222023A
:1037A00022042104200020003800D0A120000000C5
:1037B0000000000000000000000000000000000009
:1037C00000002000A70722012A012A012F01AA07D1
:1037D0002601220116011301C807B0E020000000F5
:1037E00000000000000000000000000000000000D9
:1037F000000008012701440104013F0144010E01BA
:103800001607E501040104010401BFC62000000001
:1038100000000000000000000000000000000000A8
:10382000000084008400F4078F008400F4032C025D
:1038300027024401840044013606BCBC200000007D
:103840000000000000000000000000000000000078
:103850000000000000000000000000000000000068
:103860000000000000000000000000000000000058
:103870000000000000000000000000000000000048
:103880000000000000000000000000000000000038
:103890000000000000000000000000000000000028
:1038A0000000000000000000000000000000000018
:1038B0000000000000000000000000000000000008
:1038C00000000000000000000000000000000000F8
:1038D00000000000000000000000000000000000E8
:1038E00000000000000000000000000000000000D8
:1038F00000000000000000000000000000000000C8
:1039000000000000000000000000000000000000B7
:1039100000000000000000000000000000000000A7
:103920000000000000000000000000000000000097
:103930000000000000000000000000000000000087
:10394000000080000001FC7F44044404FC3F442448
:103950004424FC3F14021422F41A12061222D1222B
:10396000303CC2B920000000000000000000000050
:103970000000000000000000000000000000000047
:10398000000080008000800080008000880888108F
:103990008820842084408240814080008000A000F4
:1039A0004000D0A120000000000000000000000046
:1039B0000000000000000000000000000000000007
:1039C0000000000100011F7D441144114411441105
:1039D0005F7D4411241104119C108710427C20004B
:1039E0001000B0E020000000000000000000000017
:1039F00000000000000000000000000000000000C7
:103A000000001008B8080F0908090808BF080809CD
:103A10001C092C080A78CA0F0908080808080808B1
:103A20000808BFC6200000000000000000000000E1
:103A30000000000000000000000000000000000086
:103A40000000080408040804C87F3F0408040804B0
:103A5000A83F18210C110B12080A0804080A8A1141
:103A60006460BCBC200000000000000000000000FA
:103A70000000000000000000000000000000000046
:103A80000000000000000000000000000000000036
:103A90000000000000000000000000000000000026
:103AA0000000000000000000000000000000000016
:103AB0000000000000000000000000000000000006
:103AC00000000000000000000000000000000000F6
:103AD00000000000000000000000000000000000E6
:103AE00000000000000000000000000000000000D6
:103AF00000000000000000000000000000000000C6
:103B000000000000000000000000000000000000B5
:103B100000000000000000000000000000000000A5
:103B20000000000000000000000000000000000095
:103B30000000000000000000000000000000000085
:103B40000000000000000000000000000000000075
:103B50000000000000000000000000000000000065
:103B60000000000000000000000000000000000055
:103B70000000000000000000000000000000000045
:103B80000000000000000000000000000000000035
:103B90000000000000000000000000000000000025
:103BA0000000000000000000000000000000000015
:103BB0000000000000000000000000000000000005
:103BC0000000000000000400000C00F8EE030811E3
:103BD00000081100F8FF01081101081101F8F701B0
:103BE000080801C81001489001C873004810024835
:103BF0001402441302C4F003020000000000C2B922
:103C00002000000000000000000000000000000094
:103C100000000000000000000000000000000000A4
:103C20000000000000000000000000000000000094
:103C30000000000000000000000000000000040080
:103C400000040000040000040000040040040060C0
:103C5000240020C400208401100403080403080485
:103C600002040402000400000400000400800700B5
:103C7000000200000000D0A12000000000000000B1
:103C80000000000000000000000000000000000034
:103C90000000000000000000000000000000000024
:103CA0000000000000000000000000000000000014
:103CB0000000000000000400EC040010BC031044ED
:103CC00000104400104400104500FC450010E503BE
:103CD000904400104400104400D042003042000ED6
:103CE000410082F807400000300000000000B0E012
:103CF00020000000000000000000000000000000A4
:103D000000000000000000000000000000000000B3
:103D100000000000000000000000000000000000A3
:103D20000000000000000000000000000000800013
:103D3000C081003C8000208800209000209000FC82
:103D40008100208000608800B0900030810728F951
:103D50000024870022800020800020800020800036
:103D6000208000000000BFC620000000000000000E
:103D70000000000000000000000000000000000043
:103D80000000000000000000000000000000000033
:103D90000000000000000000000000000000000023
:103DA0000000000000101000302000202000202023
:103DB00000FCFF03202000202000202000E0F8016C
:103DC000380401268400208800204800207000204C
:103DD00030002048003C8603900102000000BCBC7B
:103DE00020000000000000000000000000000000B3
:103DF00000000000000000000000000000000000C3
:103E000000000000000000000000000000000000B2
:103E100000000000000000000000000000000000A2
:103E2000000000000000000000FCFF030000000094
:103E30000000000000000000F8FF0100000000008A
:103E400000000000000000000000FEFF070000006E
:103E5000000000000000C8FD20000000000000007D
:103E60000000000000000000000000000000000052
:103E70000000000000000000000000000000000042
:103E80000000000000000000000000000000000032
:103E90000000000000000000000000000000000022
:103EA00000102000FEFF01102000F03F0010200055
:103EB000F03F00102000FFFF03102100FCFF000373
:103EC0000103FEFF01000000000000000000BBF93C
:103ED00020000000000000000000000000000000C2
:103EE00000000000000000000000000000000000D2
:103EF00000000000000000000000000000000000C2
:103F000000000000000000000000000000000000B1
:103F1000000000000000000000400000F01F00183A
:103F20001800040C00FFFF00048200048200FCFF64
:103F300000048000040000040002F8FF01000000FB
:103F4000000000000000C9AB2000000000000000DD
:103F50000000000000000000000000000000000061
:103F60000000000000000000000000000000000051
:103F70000000000000000000000000000000000041
:103F80000000000000000000000000000000000031
:103F90000000000000000000000000000000000021
:103FA0000000000000000000000000000000000011
:103FB0000000000000000000000000000000000001
:103FC00000000000000000000000000000000000F1
:103FD00000000000000000000000000000000000E1
:103FE00000000000000000000000000000000000D1
:103FF00000000000000000000000000000000000C1
:1040000000000000000000000000000000000000B0
:1040100000000000000000000000000000000000A0
:104020000000000000000000000000000000000090
:104030000000000000000000000000000000000080
:104040000000000000000000000000000000000070
:104050000000000000000000000000000000000060
:104060000000000000000000000000000000000050
:104070000000000000001000003010F0FF3F104270
:1040800000104200104200F0FF1F104208104208CA
:10409000104208F0FF0F10200890C00090410890D7
:1040A000410E904F0398C100884110884910844701
:1040B0003084C13F020000000000C2B920000000AF
:1040C00000000000000000000000000000000000F0
:1040D00000000000000000000000000000000000E0
:1040E00000000000000000000000000000000000D0
:1040F00000000000000000000000000000000000C0
:10410000000000000000000000180000180000106F
:1041100000001000001000001000809000801101CD
:10412000C0100240100460101C301018101030082D
:1041300010300410200010000010000010000019C2
:1041400000001E00000C00000000D0A120000000B4
:10415000000000000000000000000000000000005F
:10416000000000000000000000000000000000004F
:10417000000000000000000000000000000000003F
:10418000000000000000000000000000000000002F
:104190000000000000001000003000FED13F2010A1
:1041A00002201002201002201002201402FC15022E
:1041B00020140220D63F201202201202201002A05A
:1041C00009026008021C080206040200020200F153
:1041D0003FC00000200000000000B0E02000000010
:1041E00000000000000000000000000000000000CF
:1041F00000000000000000000000000000000000BF
:1042000000000000000000000000000000000000AE
:10421000000000000000000000000000000000009E
:10422000000000000000000400070CF80004C000BB
:1042300004C06004C0C004C00004FE0704C0000441
:10424000C02004E06004E04304F04624D04474C875
:10425000800FC87804C40404C20004C00004C00075
:1042600004C00004C00004400004BFC620000000D9
:10427000000000000000000000000000000000003E
:10428000000000000000000000000000000000002E
:10429000000000000000000000000000000000001E
:1042A000000000000000000000000000000000000E
:1042B00000000000002080006080016080006080BD
:1042C00000608000FEFF3F60800060800060800032
:1042D000608200E0FD1F7010086E100C6420046006
:1042E000200660400260400360800160400364304B
:1042F0000E780C7C200310000000BCBC20000000E5
:1043000000000000000000000000000000000000AD
:10431000000000000000000000000000000000009D
:10432000000000000000000000000000000000008D
:10433000000000000000000000000000000000007D
:10434000000000000000000000000000000000006D
:10435000C0F8FFC018C0CC18C0CCF8FFCC18C0CC37
:10436000180CCC180CCCD8FFCCD8CCCCD8CCCCD812
:10437000CCCCCCCCC0CCCCC004FCC0060C7E0000A5
:1043800000000000000000000000CBA220000000A0
:10439000000000000000000000000000000000001D
:1043A000000000000000000000000000000000000D
:1043B00000000000000000000000000000000000FD
:1043C00000000000000000000000000000000000ED
:1043D00000000000000000000000000000000000DD
:1043E00000F8FF7F180060180060F8FF7F1806666D
:1043F000180C06180803D8FF7F180C06180C06F8CE
:10440000FFFF0C0C060C0C0604060606030603014F
:1044100006000000000000000000C6C120000000EF
:10442000000000000000000000000000000000008C
:10443000000000000000000000000000000000007C
:10444000000000000000000000000000000000006C
:10445000000000000000000000000000000000005C
:10446000000000000000000000000000000002004A
:10447000C084FFCC9CC1CC88C1CC80D9CC83D9CCA2
:104480008ED9CC98D9CC80D9CC80D9CC88D9CC98AD
:10449000CDCC0C0CCC0C36C00C63C0C6C1C0748033
:1044A0007D000000000000000000B2E220000000DB
:1044B00000000000000000000000000000000000FC
:1044C00000000000000000000000000000000000EC
:1044D00000000000000000000000000000000000DC
:1044E00000000000000000000000000000000000CC
:1044F00000000000000000000000000000000200BA
:104500001B0C007318004338000380FFFF000003FA
:104510001F000318000398FF0318180218180698C4
:104520001806D8188678188C38F88D9C0F980800D3
:10453000F0000000000000000000CAD420000000CD
:10454000000000000000000000000000000000006B
:10455000000000000000000000000000000000005B
:10456000000000000000000000000000000000004B
:10457000000000000000000000000000000000003B
:1045800000000000000000000000000000000083A8
:1045900001FEFFFF008301F0FF3F300030F0FF3FDE
:1045A000300030F0FF3F300C30000600FEFFFFC04F
:1045B000300CF8FF7F67309860301860301F003093
:1045C00000000000000000000000C4BB200000004C
:1045D00000000000000000000000000000000000DB
:1045E00000000000000000000000000000000000CB
:1045F00000000000000000000000000000000000BB
:1046000000000000000000000000000000000000AA
:104610000000000000000000000000000000006337
:104620000080C100C0800160000330000618001C3B
:104630000E00700200C0F8FF0F00030E00030E8092
:104640000106800106C0000660000738FC030E006A
:1046500000000000000000000000B7D620000000AD
:10466000000000000000000000000000000000004A
:10467000000000000000000000000000000000003A
:10468000000000000000000000000000000000002A
:10469000000000000000000000000000000000001A
:1046A000000000000000000000000018600C3060F6
:1046B00018306010FEE1FF00600082EDC1C46C6341
:1046C0006C6C36FE65FF306618306618306018FE78
:1046D000B1FF3030183818181C1C180E0E180202C2
:1046E00018000000000000000000B1E620000000FB
:1046F00000000000000000000000000000000000BA
:1047000000000000000000000000000000000000A9
:104710000000000000000000000000000000000099
:104720000000000000000000000000000000000089
:104730000000000000000000000000000000003841
:1047400000007000FFFFFF003800064E608C6338E9
:10475000D03F08001C00202604F8C31CCFFFF10244
:104760003041003000FFFFFF00300000300000301B
:1047700000000000000000000000C2CA200000008D
:104780000000000000000000000000000000000029
:104790000000000000000000000000000000000019
:1047A0000000000000000000000000000000000009
:1047B00000000000000000000000000000000000F9
:1047C0000000000000000000000000308000308089
:1047D0000130000330FEFFFE06C03086C4304018B2
:1047E000303030301860F00FC03EF87F30000330BA
:1047F000000330000330000330000330FFFF1E00D1
:1048000000000000000000000000BFD820000000F1
:104810000000000000000000000000000000000098
:104820000000000000000000000000000000000088
:104830000000000000000000000000000000000078
:104840000000000000000000000000000000000068
:1048500000000000000000000000000000008001D7
:10486000609801608C0163FC3F6386016382016391
:10487000FFFF63800163800163FC7F638C61638C55
:1048800061638C61608C61608C3D6080013F0000E1
:1048900000000000000000000000D6C6200000005C
:1048A0000000000000000000000000000000000008
:1048B00000000000000000000000000000000000F8
:1048C00000000000000000000000000000000000E8
:1048D00000000000000000000000000000000000D8
:1048E00000000000000000000000000000000000C8
:1048F00000FCC77F0CC6600CC660FCC77F0CC6609E
:10490000003006FEFFFF006E0000C701F0010F1F20
:1049100000F8FCC77F0CC6600CC660FCC77F0CC6E5
:1049200060000000000000000000C6F7200000004A
:104930000000000000000000000000000000000077
:104940000000000000000000000000000000000067
:104950000000000000000000000000000000000057
:104960000000000000000000000000000000000047
:104970000000000000000000000000000800001817
:1049800000003000FEFFFF0600C00600C0E0FF0F81
:1049900000000700800100E000003000FFFFFF0082
:1049A0003000003000003000003000801F000000A8
:1049B00000000000000000000000D7D6200000002A
:1049C00000000000000000000000000000000000E7
:1049D00000000000000000000000000000000000D7
:1049E00000000000000000000000000000000000C7
:1049F00000000000000000000000000000000000B7
:104A0000000000000000000000000020800130C015
:104A100000F8DFFFC8600684710C0239080110003D
:104A200060000C70000CB8FFFF3C000C36040C3228
:104A30000C0C30180C30100C30000C30000C30E036
:104A400007000000000000000000B7FB200000008D
:104A50000000000000000000000000000000000056
:104A60000000000000000000000000000000000046
:104A70000000000000000000000000000000000036
:104A80000000000000000000000000000000000026
:104A90000000000000000000000000000000C03026
:104AA0000060E000F0FFFF386000F6FFFF336000B9
:104AB000F0FFFF306000F0FFFF300000003000002A
:104AC0003000FEFFFF00FE018031077030380F30EC
:104AD000C0000000000000000000BCAF200000008B
:104AE00000000000000000000000000000000000C6
:104AF00000000000000000000000000000000000B6
:104B000000000000000000000000000000000000A5
:104B10000000000000000000000000000000000095
:104B2000000000000000000000000000000000186D
:104B300000001800001800001800FCFF7F0C18602F
:104B40000C18600C18600C18600C1860FCFF7F0CCF
:104B50001860001800001800001800001800001865
:104B600000000000000000000000D6D0200000007F
:104B70000000000000000000000000000000000035
:104B80000000000000000000000000000000000025
:104B90000000000000000000000000000000000015
:104BA0000000000000000000000000000000000005
:104BB0000000000000000000000000001C000038A1
:104BC00000006000FFFFFF60000C60000CC00006EA
:104BD000C0000680010300830100C700006C0000D4
:104BE000380000EE00C0830778003C0600E00000BB
:104BF00000000000000000000000CEC42000000003
:104C000000000000000000000000000000000000A4
:104C10000000000000000000000000000000000094
:104C20000000000000000000000000000000000084
:104C30000000000000000000000000000000000074
:104C40000000000000000000000000000000000064
:104C500000F8FF3F180030180030F8FF3F18003010
:104C6000180030F8FF3F18003004C62008C630187E
:104C7000C63830C61820C60800C600FEFFFF000078
:104C800000000000000000000000CFD42000000061
:104C90000000000000000000000000000000000014
:104CA0000000000000000000000000000000000004
:104CB00000000000000000000000000000000000F4
:104CC00000000000000000000000000000000000E4
:104CD00000000000000000000000000000000000D4
:104CE00000FCFF7F0000000000000000000000004A
:104CF000FFFFFF00300020300430300C383018182F
:104D000030300C30600630C0023080003000801F30
:104D100000000000000000000000CABE20000000EB
:104D20000000000000000000000000000000000083
:104D30000000000000000000000000000000000073
:104D40000000000000000000000000000000000063
:104D50000000000000000000000000000000000053
:104D60000000000000000000000000000000000043
:104D700000FEFFFF00300000300000300030300047
:104D800030300030300030F07F30300030300030D4
:104D90003000303000303000303000FFFFFF0000C6
:104DA00000000000000000000000D5FD2000000011
:104DB00000000000000000000000000000000000F3
:104DC00000000000000000000000000000000000E3
:104DD00000000000000000000000000000000000D3
:104DE00000000000000000000000000000000000C3
:104DF00000000000000000000000000000000003B0
:104E000000800100C0FF076000033880010C6000D3
:104E1000F4FF3F3000303030303030303030303020
:104E2000303030303030F83000980300070EE001A9
:104E3000781E00C0000000000000B8BA200000008A
:104E40000000000000000000000000000000000062
:104E50000000000000000000000000000000000052
:104E60000000000000000000000000000000000042
:104E70000000000000000000000000000000000032
:104E800000000000000000000000000000000030F2
:104E90000000300000300000300060300630300C80
:104EA00030301C1830381830300C30600E30E006CE
:104EB00030C0023080003000003000C01F00000011
:104EC00000000000000000000000D0A12000000051
:104ED00000000000000000000000000000000000D2
:104EE00000000000000000000000000000000000C2
:104EF00000000000000000000000000000000000B2
:104F000000000000000000000000000000000000A1
:104F10000000000000000000000000000000C000D1
:104F200003C60C01C48601C080FFFECF60E0C060F4
:104F3000F8E360CCFE31C39831308031FF0F1B0C99
:104F40000C1B06060E3C070EE0031BE0C3313C764B
:104F5000E0071880000000000000CAFD20000000EB
:104F60000000000000000000000000000000000041
:104F70000000000000000000000000000000000031
:104F80000000000000000000000000000000000021
:104F90000000000000000000000000000000000011
:104FA00000000000000000000000000000003000D1
:104FB0000330000330FEFF300003300003FFFD7FAD
:104FC000300C6030FC7F300C6030FC7F300C60B007
:104FD000FD7F780C6007FFFF00601C001CF0800361
:104FE00000000000000000000000CCEE20000000E7
:104FF00000000000000000000000000000000000B1
:1050000000000000000000000000000000000000A0
:105010000000000000000000000000000000000090
:105020000000000000000000000000000000000080
:105030000000000000000000000000000000000868
:1050400000001800003800FFFFFF000E0080830101
:10505000C0000770000CFCFF3F00C32000C30080AD
:10506000C10080C1C0E0C0C038C0C007807F000060
:1050700000000000000000000000B3E42000000079
:105080000000000000000000000000000000000020
:105090000000000000000000000000000000000010
:1050A0000000000000000000000000000000000000
:1050B00000000000000000000000000000000000F0
:1050C00000000000000000000000000000000038A8
:1050D00000007000FEFFFF0600C00686C3C0011E70
:1050E0003800700600C0000000F8FF3F0018000004
:1050F0001800001800001800001800FEFFFF000054
:1051000000000000000000000000BFD520000000EB
:10511000000000000000000000000000000000008F
:10512000000000000000000000000000000000007F
:10513000000000000000000000000000000000006F
:10514000000000000000000000000000000000005F
:1051500000000000000000000000000000003060BF
:105160000030300030F07F307870FF5B3830CC0C8E
:10517000F88007B8C10F3C7A78360EC033F87F311B
:10518000186030186030186030186030F87F3018C0
:1051900060000000000000000000B8F120000000E6
:1051A00000000000000000000000000000000000FF
:1051B00000000000000000000000000000000000EF
:1051C00000000000000000000000000000000000DF
:1051D00000000000000000000000000000000000CF
:1051E00000000000000000000000000000000000BF
:1051F00000000000000000000000000000000000AF
:10520000000000000000000000000000000000009E
:10521000000000000000000000000000000000008E
:10522000000000000000000000000000000000007E
:10523000000000000000000000000000000000006E
:10524000000000000000000000000000000000005E
:10525000000000000000000000000000000000004E
:10526000000000000000000000000000000000003E
:10527000000000000000000000000000000000002E
:10528000000000000000000000000000000000001E
:10529000000000000000000000000000000000000E
:1052A00000000000000000000000000000000000FE
:1052B00000000000000000000000000000000000EE
:1052C0000000008000000000030000000300200038
:1052D000020CE0FFFF1F60300C0060300C006030FB
:1052E0000C04E0FFFF0F60300C0460300C046030F1
:1052F0000C0460300C04E0FFFF0760000004600055
:10530000040060041C00600C0C0460040C0F60C4FA
:105310008C0320FCED0020041C0030040C00100461
:105320000D0810C40C0808340C18081E1838040C9A
:10533000F81F0200000000000000C2B920000000B9
:10534000000000000000000000000000000000005D
:10535000000000000000000000000000000000004D
:10536000000000000000000000000000000000003D
:10537000000000000000000000000000000000002D
:10538000000000000000000000000000000000001D
:10539000000000000000000000000000000000000D
:1053A00000000000000000000000000000000000FD
:1053B00000000000000000000000000000000000ED
:1053C00000000080000000800700008001000080D5
:1053D00001000080010000800100008001000080C9
:1053E000010000820100008E21000086410000873C
:1053F0008100008381018081010380810106C080DA
:10540000010E4080011C6080011C3080011810805A
:105410000118088001100480010000800100008054
:10542000010000800100008C010000F0010000E09C
:1054300000000040000000000000D0A1200000009B
:10544000000000000000000000000000000000005C
:10545000000000000000000000000000000000004C
:10546000000000000000000000000000000000003C
:10547000000000000000000000000000000000002C
:10548000000000000000000000000000000000001C
:10549000000000000000000000000000000000000C
:1054A00000000000000000000000000000000000FC
:1054B00000000000000000000000000000000000EC
:1054C00000000000010000000700000C0318FC1F92
:1054D000FF3FC0008301C0008301C0008301C00002
:1054E0008301C0008301C0008301C0248301FC2F1D
:1054F0008301C0208309C020FF1FC0308301C01872
:105500008101C0008101C0008101C0908101C08C77
:105510008101C0838001F0C080013E4080010C20E9
:105520008001003080110008FE3F000600000001ED
:105530000000C000000000000000B0E020000000FB
:10554000000000000000000000000000000000005B
:10555000000000000000000000000000000000004B
:10556000000000000000000000000000000000003B
:10557000000000000000000000000000000000002B
:10558000000000000000000000000000000000001B
:10559000000000000000000000000000000000000B
:1055A00000000000000000000000000000000000FB
:1055B00000000000000000000000000000000000EB
:1055C00000000000000100300007003C0003E0077D
:1055D00000031C0300030003060300030C03000385
:1055E00018030003180300230003FC7F00030003DB
:1055F00000030003020380030603800F0C03C03B7B
:105600000803403300336023003F2023F00310835E
:105610000F030863000304030003020300030003F5
:105620000003000300030003000300030003000362
:1056300000030001000100000000BFC620000000C0
:10564000000000000000000000000000000000005A
:10565000000000000000000000000000000000004A
:10566000000000000000000000000000000000003A
:10567000000000000000000000000000000000002A
:10568000000000000000000000000000000000001A
:10569000000000000000000000000000000000000A
:1056A00000000000000000000000000000000000FA
:1056B00000000000000000000000000000000000EA
:1056C0000000800010008003700080013000800125
:1056D0003000800130008001300080193018FCFF5C
:1056E000FF3F8001300080013000800130008001E8
:1056F00030008031300480CDFF0F80030106F001BF
:105700000106BC0102038C010203800186018001B5
:1057100084018001CC00800168008001700080015C
:1057200078008001EC008001C703F881011FE0715F
:10573000003E400C000000000000BCBC2000000047
:105740000000000000000000000000000000000059
:105750000000000000000000000000000000000049
:105760000000000000000000000000000000000039
:105770000000000000000000000000000000000029
:105780000000000000000000000000000000000019
:105790000000000000000000000000000000000009
:1057A00000000000000000000000000000000000F9
:1057B00000000000000000000000000000000000E9
:1057C00000000000000000000000000000000000D9
:1057D00000000000000000000000000000000000C9
:1057E00000000000000000000000000000000000B9
:1057F00000000000000000000000000000000000A9
:105800000000000000000000000000000000000098
:105810000000000000000000000000000000000088
:105820000000000000000000000000000000000078
:105830000000000000000000000000000000000068
:105840000000000000000000000000000000000058
:105850000000000000000000000000000000000048
:105860000000000000000000000000000000000038
:105870000000000000000000000000000000000028
:105880000000000000000000000000000000000018
:105890000000000000000000000000000000000008
:1058A00000000000000000000000000000000000F8
:1058B00000000000000000000000000000000000E8
:1058C00000000000000000000000000000000000D8
:1058D00000000000000000000000000000000000C8
:1058E00000000000000000000000000000000000B8
:1058F00000000000000000000000000000000000A8
:105900000000000000000000000000000000000097
:105910000000000000000000000000000000000087
:105920000000000000000000000000000000000077
:105930000000000000000000000000000000000067
:105940000000000000000000000000000000000057
:105950000000000000000000000000000000000047
:105960000000000000000000000000000000000037
:105970000000000000000000000000000000000027
:105980000000000000000000000000000000000017
:105990000000000000000000000000000000000007
:1059A00000000000000000000000000000000000F7
:1059B00000000000000000000000000000000000E7
:1059C00000000000000000000000000000000000D7
:1059D00000000000000000000000000000000000C7
:1059E00000000000000000000000000000000000B7
:1059F00000000000000000000000000000000000A7
:105A00000000000000000000000000000000000096
:105A10000000000000000000000000000000000086
:105A20000000000000000000000000000000000076
:105A30000000000000000000000000000000000066
:105A40000000000000000000000000000000000056
:105A50000000000000000000000000000000000046
:105A60000000000000000000000000000000000036
:105A70000000000000000000000000000000000026
:105A80000000000000000000000000000000000016
:105A90000000000000000000000000000000000006
:105AA00000000000000000000000000000000000F6
:105AB00000000000000000000000000000000000E6
:105AC00000000000000000000000000000000000D6
:105AD00000000000000000000000000000000000C6
:105AE00000000000000000000000000000000000B6
:105AF00000000000000000000000000000000000A6
:105B00000000000000000000000000000000000095
:105B10000000000000000000000000000000000085
:105B20000000000000000000000000000000000075
:105B30000000000000000000000000000000000065
:105B40000000000000000000000000000000000055
:105B50000000000000000000000000000000000045
:105B60000000000000000000000000000000000035
:105B70000000000000000000000000000000000025
:105B80000000000000000000000000000000000015
:105B90000000000000000000000000000000000005
:105BA00000000000000000000000000000000000F5
:105BB00000000000000000000000000000000000E5
:105BC00000000000000000000000000000000000D5
:105BD00000000000000000000000000000000000C5
:105BE00000000000000000000000000000000000B5
:105BF00000000000000000000000000000000000A5
:105C00000000000000000000000000000000000094
:105C10000000000000000000000000000000000084
:105C20000000000000000000000000000000000074
:105C30000000000000000000000000000000000064
:105C40000000000000000000000000000000000054
:105C50000000000000000000000000000000000044
:105C60000000000000000000000000000000000034
:105C70000000000000000000000000000000000024
:105C80000000000000000000000000000000000014
:105C90000000000000000000000000000000000004
:105CA00000000000000000000000000000000000F4
:105CB00000000000000000000000000000000000E4
:105CC00000000000000000000000000000000000D4
:105CD00000000000000000000000000000000000C4
:105CE00000000000000000000000000000000000B4
:105CF00000000000000000000000000000000000A4
:105D0000000000000000C003C003C003C003C003C4
:105D1000C003800380018001800180018001800137
:105D2000800180010000000000008001C003C0036A
:105D30008001000000000000000000000000C0180A
:105D4000E01CE01C700E300618038C01840000007B
:105D50000000000000000000000000000000000043
:105D60000000000000000000000000000000000033
:105D70000000000000000000000000000000000023
:105D80000000000000002010201020102010201023
:105D9000FE7FFE7FFE7F1008100810081008100814
:105DA0001008FE7FFE7FFE7F180C0804080408041C
:105DB00008040000000000000000000000000000D7
:105DC000000080008000C003B00C90189818981C48
:105DD000981CB800B000F000E000C0038007800FFE
:105DE000800C801C80189C189C188C188C0C9806B1
:105DF000E003800080008000000000000000000040
:105E00000000000000001C0836082204630463023E
:105E100063026302630163012201B61C9C364022C7
:105E200040634063206320631063106310220836D0
:105E3000081C00000000000000000000000000003E
:105E4000000000000000F00098008C018C018C0123
:105E50008C018C00CC005C0038001C3E3C083208F1
:105E600073086304E304C3048303834306678C3E1F
:105E7000781C0000000000000000000000001C0072
:105E80003C003C003000300010000C000600000018
:105E90000000000000000000000000000000000002
:105EA00000000000000000000000000000000000F2
:105EB00000000000000000000000000000000040A2
:105EC000002000100018000C00040006000200036F
:105ED0000003800180018001800180018001800138
:105EE0008001800100030003000200060004000C92
:105EF0000018001000200040000000000000020018
:105F00000400080018003000200060004000C000BD
:105F1000C00080018001800180018001800180013A
:105F200080018001C000C000C0006000200030007F
:105F3000180008000400020000000000000000003B
:105F40000000000000000000000000038003800348
:105F50000C631C713839600D80038003600D383983
:105F60001C718C618003800380030000000000002E
:105F70000000000000000000000000000000000021
:105F8000000000000000000000000000000100010F
:105F900000010001000100010001FC7F000100017F
:105FA00000010001000100010001000000000000EC
:105FB00000000000000000000000000000000000E1
:105FC00000000000000000000000000000000000D1
:105FD00000000000000000000000000000000000C1
:105FE000000000000000000000001C003C003C001D
:105FF0003000300010000C0006000000000000001F
:106000000000000000000000000000000000000090
:1060100000000000000000000000FE7F0000000003
:106020000000000000000000000000000000000070
:106030000000000000000000000000000000000060
:106040000000000000000000000000000000000050
:106050000000000000000000000000000000000040
:106060000000000000000000000018003C003C00A0
:106070001800000000000000000000000000000008
:106080000040006000200030001000180008000CE4
:106090000004000600020003000180018000C0002F
:1060A00040006000200030001000180008000C00C4
:1060B00004000600020000000000000000000000D4
:1060C000000000000000C0036004300C181818180D
:1060D00018100C300C300C300C300C300C300C30F4
:1060E0000C300C300C30181018181818300C6004D4
:1060F000C0030000000000000000000000000000DD
:1061000000000000000000018001F8018001800112
:106110008001800180018001800180018001800177
:106120008001800180018001800180018001C00325
:10613000F81F000000000000000000000000000048
:10614000000000000000E007101C081804300430B4
:106150000C300C30003000180018000C0006000352
:106160008001C00040002020102008200430FC1FC7
:10617000FC1F000000000000000000000000000004
:10618000000000000000E00318060C0C0C180C18AE
:106190000C1800180018000C0006C003000E0018B0
:1061A0000010003000300C300C300C100C18180CA3
:1061B000E0030000000000000000000000000000FC
:1061C000000000000000000600060007000780062F
:1061D00080064006200620061006100608060C065B
:1061E00004060206FE3F0006000600060006000642
:1061F000C03F0000000000000000000000000000A0
:10620000000000000000F03FF03F08000800080018
:10621000080008000800C807280C181808100030EB
:106220000030003000300C300C3004180418180C0A
:10623000E00300000000000000000000000000007B
:1062400000000000000080076018301810181800C7
:10625000080008000C00CC076C0C1C181C100C303B
:106260000C300C300C300C30183018103018700C0A
:10627000C007000000000000000000000000000057
:10628000000000000000F83FF83F08100C08040868
:10629000040400040002000200020001000180006A
:1062A000800080008000C000C000C000C000C000AE
:1062B000C00000000000000000000000000000001E
:1062C000000000000000E007300C18180C300C3003
:1062D0000C301C301C107818F004E003180F0C1E52
:1062E0000C1C063806300630063006300C18180C28
:1062F000E0030000000000000000000000000000BB
:10630000000000000000E00318040C080C18061040
:10631000063006300630063006300E380C3418369B
:10632000F03100300018001800080C0C0C060C03AB
:10633000F00100000000000000000000000000006C
:10634000000000000000000000000000000000004D
:10635000000000008001C003C003800100000000B5
:10636000000000000000000000008001C003C00326
:10637000800100000000000000000000000000009C
:10638000000000000000000000000000000000000D
:10639000000000000000C001C001C00100000000BA
:1063A000000000000000000000000000C001C0016B
:1063B000C0018001C000C00000000000000000001B
:1063C000000000000000002000100008000400028F
:1063D00000018000400020001000080008001000AC
:1063E00020004000800000010002000400080010AE
:1063F000002000000000000000000000000000007D
:10640000000000000000000000000000000000008C
:1064100000000000FE7F00000000000000000000FF
:10642000FE7F0000000000000000000000000000EF
:10643000000000000000000000000000000000005C
:1064400000000000000004000800100020004000D0
:106450008000000100020004000800100010000885
:10646000000400020001800040002000100008002D
:106470000400000000000000000000000000000018
:10648000000000000000C0073018183008600C60E1
:106490001C601C601C6000300018000E000300012E
:1064A000000100010001000000008001C003C003E2
:1064B000800100000000000000000000000000005B
:1064C000000000000000C0076008301018200C2BEE
:1064D0008C4D844CC64CC64466446644664466464D
:1064E000662666266417CC0C0C400820183030183D
:1064F000C0070000000000000000000000000000D5
:10650000000000000000C001C001C001C001200364
:10651000200320032003300210061006100610048A
:10652000F80F080C080C080C041804180418063896
:106530001F7C0000000000000000000000000000C0
:10654000000000000000FE07181C18181830183052
:106550001830183018301818180CF8071818183098
:106560001820186018601860186018601830181823
:10657000FE0F00000000000000000000000000000E
:10658000000000000000C0076038103018600C40A8
:106590000C400C000600060006000600060006007F
:1065A0000600060006000C400C40082018103008B9
:1065B000C007000000000000000000000000000014
:1065C000000000000000FE03180E18181810183004
:1065D000183018601860186018601860186018602B
:1065E0001860186018201830183018181818180675
:1065F000FE0300000000000000000000000000009A
:10660000000000000000FE3F18301820184018401D
:106610001800180018081808180CF80F180C18089B
:1066200018081800180018001840184018201830D2
:10663000FE3F00000000000000000000000000001D
:10664000000000000000FE3F1838182018401840D5
:106650001800180018081808180CF80F180C18085B
:10666000180818081800180018001800180018005A
:106670007E0000000000000000000000000000009C
:10668000000000000000C003300C100818180C10A7
:106690000C10040006000600060006000600067E38
:1066A0000618061804180C180C18081818183004C6
:1066B000E0030000000000000000000000000000F7
:1066C0000000000000003FFC0C300C300C300C309F
:1066D0000C300C300C300C300C30FC3F0C300C30DB
:1066E0000C300C300C300C300C300C300C300C30CA
:1066F0003FFC00000000000000000000000000005F
:10670000000000000000F81F80018001800180016E
:106710008001800180018001800180018001800171
:106720008001800180018001800180018001800161
:10673000F81F000000000000000000000000000042
:10674000000000000000E07F0006000600060006D2
:106750000006000600060006000600060006000609
:1067600000060006000600060006000600060006F9
:1067700000060E060E038E01FC0000000000000063
:106780000000000000007E3E180C180418061802D5
:106790001801180198009800D800B801B801180332
:1067A000180318061806180C180C180C18181818C6
:1067B0007E7C0000000000000000000000000000DF
:1067C0000000000000007E001800180018001800EB
:1067D00018001800180018001800180018001800F9
:1067E0001800180018001800184018401820183019
:1067F000FE3F00000000000000000000000000005C
:106800000000000000000FF01C381C381C381C3839
:106810001C343434343434343432343264326432F8
:10682000643264314431C431C431C430C430843042
:106830008FFC0000000000000000000000000000CD
:106840000000000000000FF81C201C203420342021
:1068500064206420C420C4208421842104230423D0
:1068600004260426042C042C043804380430043094
:106870001F200000000000000000000000000000D9
:10688000000000000000C003300C181808100C3085
:106890000C30062006600660066006600660066032
:1068A0000660066004600C300C3008101818300CBC
:1068B000C003000000000000000000000000000015
:1068C000000000000000FE0F181818301860186053
:1068D000186018601860186018301818F807180049
:1068E00018001800180018001800180018001800E8
:1068F0007E0000000000000000000000000000001A
:10690000000000000000C003300C181808100C3004
:106910000C30066006600660066006600660066071
:10692000066006600660E4211C331C36181E300E1B
:10693000C007004C003C00380000000000000000D0
:10694000000000000000FE07181C1818183018304E
:106950001830183018301818180CF80718031803D6
:10696000180618061806180C180C180C1818181801
:106970007E78000000000000000000000000000021
:10698000000000000000F013181E0C180618061076
:10699000061006000E003C00F800E003800F001E09
:1069A0000018003802300230063004300C181C0C7D
:1069B000E4070000000000000000000000000000EC
:1069C000000000000000FC3F8C2184618241824174
:1069D00080018001800180018001800180018001AF
:1069E000800180018001800180018001800180019F
:1069F000E0070000000000000000000000000000B0
:106A00000000000000003F7C0C100C100C100C105B
:106A10000C100C100C100C100C100C100C100C1096
:106A20000C100C100C100C100C100C101808380462
:106A3000E003000000000000000000000000000073
:106A40000000000000003E781830181018101810D0
:106A500030083008300830083004600460046004F6
:106A60006002C002C002C002C0018001800180003B
:106A70008000000000000000000000000000000096
:106A8000000000000000CFF38661862184210421EC
:106A90000C238C238C238C138C13881348125816C8
:106AA0005816580E380E300E300E300C30041004CC
:106AB00010040000000000000000000000000000C2
:106AC0000000000000003E7C181018083008300458
:106AD00060046002C002C001800180018001800367
:106AE000400340062006200E100C100C1818083821
:106AF0003E7C0000000000000000000000000000DC
:106B00000000000000007E7C1C10181018083008DF
:106B10003008300460046004C002C002C00180017B
:106B2000800180018001800180018001800180015D
:106B3000E00700000000000000000000000000006E
:106B4000000000000000F87F383018300C180418DE
:106B5000000C000600060003000380018001C00055
:106B6000C000600060003000184018600C200C3835
:106B7000FE3F0000000000000000000000000000D8
:106B8000C03FC000C000C000C000C000C000C000C6
:106B9000C000C000C000C000C000C000C000C000F5
:106BA000C000C000C000C000C000C000C000C000E5
:106BB000C000C000C03F0000000000000000000056
:106BC00000000000180018001000300020006000D5
:106BD00060004000C00080008001800100010003CF
:106BE000000200060006000C000C000C0018001843
:106BF00000300030003000600000000000000000A5
:106C0000FC03000300030003000300030003000370
:106C1000000300030003000300030003000300035C
:106C2000000300030003000300030003000300034C
:106C300000030003FC030000000000000000C0038C
:106C4000C007600410080000000000000000000001
:106C50000000000000000000000000000000000034
:106C60000000000000000000000000000000000024
:106C70000000000000000000000000000000000014
:106C80000000000000000000000000000000000004
:106C900000000000000000000000000000000000F4
:106CA00000000000000000000000000000000000E4
:106CB0000000000000000000FFFF0000000078005E
:106CC000C000000100000000000000000000000003
:106CD00000000000000000000000000000000000B4
:106CE00000000000000000000000000000000000A4
:106CF0000000000000000000000000000000000094
:106D00000000000000000000000000000000000083
:106D100000000000E007180C0C180C180C18001CE0
:106D2000E01B38180C1806180618061806980C9E52
:106D3000F8710000000000000000000000000000EA
:106D40000000000010001E001800180018001800B5
:106D5000180018009807581C3818383018301830A8
:106D60001830183018301830183018103818380CFF
:106D7000C807000000000000000000000000000044
:106D80000000000000000000000000000000000003
:106D900000000000C0077008301818180C180C000C
:106DA0000C000C000C000C000C20182018103008EF
:106DB000C00700000000000000000000000000000C
:106DC000000000000010001E001800180018001835
:106DD00000180018E01B301C181818180C180C1894
:106DE0000C180C180C180C180C180818181C307AF1
:106DF000E0090000000000000000000000000000AA
:106E00000000000000000000000000000000000082
:106E100000000000C003300C101818100C300C30AB
:106E20000C30FC3F0C000C000C00182018107018DF
:106E3000C00700000000000000000000000000008B
:106E4000000000000000003E80618060C060C00063
:106E5000C000C000FC1FC000C000C000C000C000D7
:106E6000C000C000C000C000C000C000C000C00022
:106E7000F80F00000000000000000000000000000B
:106E80000000000000000000000000000000000002
:106E900000000000C077306C101818181818181867
:106EA0001018300CF00718001800F803F01F1838FD
:106EB0000C300C300C301818E00700000000000007
:106EC0000000000010001E00180018001800180034
:106ED000180018009807580C38181818181818189F
:106EE0001818181818181818181818181818181822
:106EF0007E7E000000000000000000000000000096
:106F00000000000000008001C003800100000000BC
:106F100000000001F80180018001800180018001F2
:106F20008001800180018001800180018001800159
:106F3000F81F00000000000000000000000000003A
:106F4000000000000000001C001E000C00000000FB
:106F500000000008C00F000C000C000C000C000C1E
:106F6000000C000C000C000C000C000C000C000CC1
:106F7000000C000C18061802F001000000000000D0
:106F80000000000010001E00180018001800180073
:106F900018001800183E180C18041802180198015F
:106FA000D801780338031806180C180C181818386C
:106FB0007E7C0000000000000000000000000000D7
:106FC000000000000001F8018001800180018001C3
:106FD00080018001800180018001800180018001A9
:106FE0008001800180018001800180018001800199
:106FF000F81F00000000000000000000000000007A
:107000000000000000000000000000000000000080
:1070100000000400F73C8E638661866186618661AC
:107020008661866186618661866186618661866128
:10703000CFF300000000000000000000000000008E
:107040000000000000000000000000000000000040
:107050000000000090075E0C38181818181818184F
:1070600018181818181818181818181818181818A0
:107070007E7E000000000000000000000000000014
:107080000000000000000000000000000000000000
:1070900000000000C003300C1018181808300C3025
:1070A0000C300C300C300C300C3018181818300C18
:1070B000C00300000000000000000000000000000D
:1070C00000000000000000000000000000000000C0
:1070D0000000000090075E0C3818181018301830A7
:1070E0001830183018301830183018183818780C34
:1070F00098071800180018007E000000000000002B
:10710000000000000000000000000000000000007F
:1071100000000000C013301E181C18180C180C18A2
:107120000C180C180C180C180C180818181C301E09
:10713000E019001800180018007E00000000000090
:10714000000000000000000000000000000000003F
:107150000000000060387E666061E001E0006000D1
:10716000600060006000600060006000600060001F
:10717000FE0700000000000000000000000000000A
:1071800000000000000000000000000000000000FF
:1071900000000000C0276038303030203020700000
:1071A000E003800F001E003808300830183038180F
:1071B000C80F0000000000000000000000000000F8
:1071C000000000000000000000008000800080003F
:1071D000C000E000FC1FC000C000C000C000C00034
:1071E000C000C000C000C000C000C020C02080118E
:1071F000000F000000000000000000000000000080
:10720000000000000000000000000000000000007E
:10721000000010101E1E1818181818181818181822
:10722000181818181818181818181818181C307A60
:10723000E009000000000000000000000000000065
:10724000000000000000000000000000000000003E
:10725000000000003E7C1830181018183008300864
:10726000200460046004C002C002C00380018001E9
:10727000800000000000000000000000000000008E
:1072800000000000000000000000000000000000FE
:1072900000000000DFF3866184218C218C218C1397
:1072A000881358135812580E700E300E300C3004DC
:1072B00020040000000000000000000000000000AA
:1072C00000000000000000000000000000000000BE
:1072D000000000007C3E300870086004C002C0025C
:1072E00080018001800340062006200C1018181829
:1072F0003E7E0000000000000000000000000000D2
:10730000000000000000000000000000000000007D
:10731000000000003E7C18181808100830082004EF
:10732000600460044002C00280028001800180008D
:107330008000800040007C003C0000000000000055
:10734000000000000000000000000000000000003D
:1073500000000000FC1F0C1C0C0C040604070003BA
:107360008001C001C00060007020302018300C186F
:10737000FC1F0000000000000000000000000030C2
:1073800000080004000400040004000400040004D9
:107390000004000400040004000380010002000453
:1073A00000040004000400040004000400040004BD
:1073B000000400040008003000000001000100018A
:1073C00000010001000100010001000100010001B5
:1073D00000010001000100010001000100010001A5
:1073E0000001000100010001000100010001000195
:1073F0000001000100010001000100000000180070
:10740000200040004000400040004000400040009C
:107410004000400040004000800100038000400028
:10742000400040004000400040004000400040005C
:107430004000400020001800000000007800C40058
:10744000824102410027001C0000000000000000F3
:10745000000000000000000000000000000000002C
:10746000000000000000000000000000000000001C
:10747000000000000000000000000000000000000C
:1074800000000000000000000000000000000000FC
:1074900000000000000000000000000000000000EC
:1074A00000000000000000000000000000000000DC
:1074B000000060006000600060006000600060002C
:1074C00040002000200020000000000000006000BC
:1074D0006000600000000000000000000000600686
:1074E000600630039801880044000000000000009E
:1074F000000000000000000000000000000000008C
:10750000000000000000000000000000000000007B
:1075100000001002100210021002FE07FE0708020F
:107520000801080108010801FE07FE070401040123
:107530000401040100000000000000000000000041
:1075400040004000F00158034C03CC034C005800AD
:107550007000E000C001C00140034C035C034C0319
:107560004801F00040004000000000000000000062
:1075700000000E010A01910091009100510051009C
:107580003A00AE03A00250045004480448044804E2
:1075900084028403000000000000000000000000DE
:1075A000000038006C006C006C006C006C002C005B
:1075B00098071C011A01330133016301E300C3087A
:1075C000C6093C07000000000000000000000C009D
:1075D0001C00100010000800040000000000000063
:1075E000000000000000000000000000000000009B
:1075F0000000000000000000000000000000000487
:1076000000020001800080004000400020002000B7
:1076100020002000200020002000400040008000CA
:1076200080000001000200040000000000000200D1
:10763000040008001000100020002000400040005E
:1076400040004000400040004000200020001000AA
:10765000100008000400020000000000000000000C
:107660000000000000004000C0004000460C4E0F2B
:10767000D001F0015E0F460C4000400040000000C9
:1076800000000000000000000000000000000000FA
:1076900000000000000000004000400040004000EA
:1076A0004000FE0F4000400040004000400000004D
:1076B00000000000000000000000000000000000CA
:1076C00000000000000000000000000000000000BA
:1076D00000000000000000000000000000000C009E
:1076E0001C00100010000800040000000000000052
:1076F000000000000000000000000000000000008A
:107700000000FE0700000000000000000000000074
:107710000000000000000000000000000000000069
:107720000000000000000000000000000000000059
:1077300000000000000000000000000000001C002D
:107740001C001C00000000000000000000000004FD
:1077500000060002000300010001800080004000DC
:107760004000600020002000100010000800080009
:107770000C000400060002000000000000000000F1
:1077800000000000F00098010C030C03060606063A
:107790000606060606060606060606060C030C0383
:1077A0009801F00000000000000000000000000050
:1077B0000000000040007C0060006000600060008D
:1077C00060006000600060006000600060006000B9
:1077D0006000FC030000000000000000000000004A
:1077E00000000000F8008401020306030603000302
:1077F00000018001C00060002000100008020402A7
:107800000602FE030000000000000000000000006F
:10781000000000007800C60086018601800180011A
:10782000C00070008001000100030003060306038E
:107830008601F800000000000000000000000000C9
:107840000000000080018001C001A001A0019001A2
:107850008801880184018201FE0F8001800180017E
:107860008001E007000000000000000000000000B0
:1078700000000000FC0304000400040004000400F5
:10788000F4008C01040300030003060306038201D5
:107890008401F8000000000000000000000000006B
:1078A00000000000E00118030C030C0004000600B7
:1078B000E60116030E0606060606060604060C0278
:1078C0001803F000000000000000000000000000AD
:1078D00000000000F8070C0604020401000100018A
:1078E00080008000400040004000600060006000B8
:1078F00060006000000000000000000000000000C8
:1079000000000000F8010C030606060606060C023D
:107910001C03F000C8010C03060606060606060650
:107920000C03F00100000000000000000000000057
:1079300000000000F0000C010C030602060606061B
:10794000060606078C0678060006000300030C01F5
:107950008C01780000000000000000000000000022
:107960000000000000000000000000000000E00037
:10797000E000E00000000000000000000000E00067
:10798000E000E00000000000000000000000000037
:107990000000000000000000000000000000600087
:1079A0006000000000000000000000000000000077
:1079B0006000600040002000200000000000000087
:1079C00000000004000200018000400020001000C0
:1079D00008000400080010002000400080000001A2
:1079E0000002000400000000000000000000000091
:1079F0000000000000000000000000000000FE0782
:107A0000000000000000FE07000000000000000071
:107A10000000000000000000000000000000000066
:107A20000000040008001000200040008000000159
:107A3000000200040002000180004000200010004D
:107A4000080004000000000000000000000000002A
:107A500000000000E0031806040C040C0C0C0C0CD5
:107A60000007800140004000400000000000E000EE
:107A7000E000E00000000000000000000000000046
:107A80000000E00018030C02CC0564056605A6059D
:107A9000B604B604B604B604B602E4010C040C0243
:107AA0001803F000000000000000000000000000CB
:107AB00000000000600060005000D00090009000C6
:107AC000880088010801F80104030403040202028B
:107AD00002060F0F00000000000000000000000080
:107AE00000000000FE008C030C030C030C030C03CD
:107AF0008C01FC000C030C020C060C060C060C0698
:107B00000C03FE0100000000000000000000000067
:107B100000000000E00318030C060C040404060037
:107B20000600060006000600060006040C040C020F
:107B30001803F0000000000000000000000000003A
:107B4000000000007F008C010C030C030C060C06E7
:107B50000C060C060C060C060C060C060C030C039B
:107B60008C017F0000000000000000000000000009
:107B700000000000FF03060306040604060086005A
:107B80008600FE00860086008600060006040604C5
:107B90000602FF03000000000000000000000000DB
:107BA00000000000FF03060306040604060086002A
:107BB0008600FE008600860086000600060006009D
:107BC00006001F0000000000000000000000000090
:107BD00000000000F00018010C020C020402060074
:107BE000060006000600C60F060306030C030C037E
:107BF0001803F0000000000000000000000000007A
:107C0000000000000F0F060606060606060606061A
:107C10000606FE070606060606060606060606060B
:107C200006060F0F0000000000000000000000002A
:107C300000000000FC036000600060006000600065
:107C40006000600060006000600060006000600034
:107C50006000FC03000000000000000000000000C5
:107C600000000000F807C000C000C000C000C00055
:107C7000C000C000C000C000C000C000C000C00004
:107C8000C000C000C60066003C000000000000000C
:107C900000000000CF038601C60046002600160043
:107CA00036002E006E004600C600860086010601E2
:107CB00006038F0700000000000000000000000025
:107CC000000000001F000600060006000600060077
:107CD000060006000600060006000600060406046C
:107CE0000602FF030000000000000000000000008A
:107CF000000000000707860386038E038E034E03F1
:107D00004E034A035A035A033A033203320332033F
:107D100012038707000000000000000000000000C0
:107D2000000000008E0F0C021C021C023402340200
:107D3000640264024402C4028402840384030403D0
:107D400004031F020000000000000000000000000B
:107D500000000000F00098010C030C020606060665
:107D60000606060606060606060606060C020C03AE
:107D70009801F0000000000000000000000000007A
:107D800000000000FF0006030606060606060606BB
:107D900006068603FE000600060006000600060032
:107DA00006001F00000000000000000000000000AE
:107DB00000000000F00098010C030C020606060605
:107DC0000606060606060606060676064C02CC03DE
:107DD0009801F00080070003000000000000000090
:107DE00000000000FF01060306060606060606065A
:107DF0000603FE004600C600860086010603060351
:107E000006060F0E00000000000000000000000049
:107E100000000000F8020C030602060206000E0035
:107E20003C00F800E0038003000702060206060695
:107E30000C03F00100000000000000000000000042
:107E400000000000FE076204610861086000600035
:107E50006000600060006000600060006000600022
:107E60006000F801000000000000000000000000B9
:107E7000000000001E070C020C020C020C020C0297
:107E80000C020C020C020C020C020C020C020C0282
:107E90001801F000000000000000000000000000D9
:107EA000000000000F070602040104010C010C0190
:107EB0008800880098009800500050007000300042
:107EC0002000200000000000000000000000000072
:107ED00000000000F70E62044204460446046402F7
:107EE0006402E402E4029C029C019801980188016A
:107EF0008800880000000000000000000000000072
:107F0000000000009E070C01080118019000B0005D
:107F10006000200060006000D0009000880108012F
:107F200004038E07000000000000000000000000B5
:107F3000000000000F0F060404020C0208011801E3
:107F4000B800B00070006000600060006000600079
:107F50006000F801000000000000000000000000C8
:107F600000000000FC070C020603020180018000F3
:107F700040004000200020001000180008040C04FD
:107F80000402FE0300000000000000000000E00307
:107F900020002000200020002000200020002000E1
:107FA00020002000200020002000200020002000D1
:107FB000200020002000E00300000000000000007E
:107FC0000000040004000800080010001000100069
:107FD0002000200040004000C00080008000000120
:107FE00000010002000200020004000000007C000A
:107FF0004000400040004000400040004000400081
:108000004000400040004000400040004000400070
:108010004000400040007C00000000006000900034
:108020000801000000000000000000000000000047
:108030000000000000000000000000000000000040
:108040000000000000000000000000000000000030
:108050000000000000000000000000000000000020
:108060000000000000000000000000000000000010
:108070000000000000000000FF0F000000001800DA
:108080006000000000000000000000000000000090
:1080900000000000000000000000000000000000E0
:1080A00000000000000000000000000000000000D0
:1080B0000000000000000000000000000000F001CF
:1080C0000C030C030003E0031C030E03060306036A
:1080D0008E0B7C0E0000000000000000000000007D
:1080E000000008000E000C000C000C000C00CC017D
:1080F0003C031C060C060C060C060C060C060C02B7
:108100001C03E4010000000000000000000000006B
:108110000000000000000000000000000000F0006F
:108120008C018C01860106000600060006020C0286
:108130000C01F00000000000000000000000000042
:1081400000000002C00300030003000300037803E3
:108150008C030C030603060306030603060304034D
:108160008C07780100000000000000000000000003
:108170000000000000000000000000000000E0011E
:10818000180308020C060C06FC070C000C0018046F
:108190001802E001000000000000000000000000E4
:1081A00000000000C0036006300630003000FE0111
:1081B000300030003000300030003000300030003F
:1081C0003000FC0100000000000000000000000082
:1081D0000000000000000000000000000000F007A8
:1081E000D8068C018C018C019801F8000C00FC0071
:1081F000CC03060306038E03F80000000000000015
:10820000000008000E000C000C000C000C00EC013B
:108210001C030C030C030C030C030C030C030C03D6
:108220000C039E070000000000000000000000009A
:1082300000000000600060000000000040007C00C2
:10824000600060006000600060006000600060002E
:108250006000FC03000000000000000000000000BF
:1082600000000000C001C001000000000001F0019A
:1082700080018001800180018001800180018001F6
:10828000800180018001CC007C0000000000000023
:10829000000008000E000C000C000C000C008C0309
:1082A0008C008C004C006C005C008C008C010C017C
:1082B0000C039E070000000000000000000000000A
:1082C000000040007C006000600060006000600012
:1082D000600060006000600060006000600060009E
:1082E0006000FC030000000000000000000000002F
:1082F0000000000000000000000000000000370740
:10830000EE06660666066606660666066606660685
:108310006606FF0F000000000000000000000000E3
:108320000000000000000000000000000000EE015E
:108330001C030C030C030C030C030C030C030C03B5
:108340000C039E0700000000000000000000000079
:108350000000000000000000000000000000F0002D
:1083600098010C03060606060606060606060C031A
:108370000C03F000000000000000000000000000FE
:108380000000000000000000000000000000EE01FE
:108390001C030C060C060C060C060C060C060C0343
:1083A0001C03EC010C000C003E000000000000006B
:1083B0000000000000000000000000000000780243
:1083C0008C030C03060306030603060306030403DB
:1083D0008C03780300030003C007000000000000C6
:1083E00000000000000000000000000000009F03EB
:1083F0005806380618001800180018001800180051
:108400001800FF0000000000000000000000000055
:108410000000000000000000000000000000F00369
:108420001C030C020C023800F000C0030403040318
:108430008C03FC01000000000000000000000000B0
:108440000000000000002000200030003000FE018D
:10845000300030003000300030003000300030029A
:108460003002E001000000000000000000000000F9
:1084700000000000000000000000000008028E0361
:108480000C030C030C030C030C030C030C030C0374
:108490009C077801000000000000000000000000C0
:1084A00000000000000000000000000000001E07A7
:1084B0000C020801080118019000B000B000600033
:1084C000600020000000000000000000000000002C
:1084D0000000000000000000000000000000F70E97
:1084E0006204460464026402EC029C019801980153
:1084F00098010800000000000000000000000000DB
:108500000000000000000000000000000000BC07A8
:1085100018011001B00060006000E0009000080148
:1085200008039E070000000000000000000000009B
:1085300000000000000000000000000000009E0796
:1085400008010801080190009000B0006000600080
:1085500060002000200024001C000000000000003B
:108560000000000000000000000000000000FC010E
:108570008401C4004400600020003000180208029A
:108580000C03FC01000000000000000000000003DC
:1085900080008000800080008000800080008000DB
:1085A00040002000400080008000800080008000AB
:1085B0008000800080000003000040004000400078
:1085C00040004000400040004000400040004000AB
:1085D000400040004000400040004000400040009B
:1085E00040004000400040004000000000000C003F
:1085F00010001000100010001000100010001000FB
:10860000200040002000100010001000100010009A
:108610001000100010000C00000000001C002204DC
:10862000C204800300000000000000000000000001
:10863000000000000000000000000000000000003A
:10864000000000000000000000000000000000002A
:10865000000000000000000000000000000000001A
:10866000000000000000000000000000000000000A
:10867000000000000000000030003000300030003A
:10868000300020002000200020002000000000001A
:10869000300030000000000000000000D800D800CA
:1086A0006C00240012000000000000000000000028
:1086B00000000000000000000000000000000000BA
:1086C000000000000000000000008400840084001E
:1086D000FF0184008400C60042004200FF01420006
:1086E0004200420000000000000000000000000006
:1086F0002000F80024012401A401280030006000BB
:10870000A00020012C0124012401F80020002000F9
:108710000000000000000000000086004900490041
:10872000290029001900D600280128012801240168
:108730002401C20000000000000000000000000052
:1087400000000C00120012001200EA004600460071
:1087500025002900390011003201CC000000000082
:1087600000000000060006000400020001000000F6
:1087700000000000000000000000000000000000F9
:108780000000000000000000000000000001800068
:1087900040002000200020001000100010001000F9
:1087A0001000100020002000200040008000000188
:1087B000000000000100020004000800080008009A
:1087C0001000100010001000100010000800080039
:1087D000080004000200010000000000000000008A
:1087E00000000000200020002603AE03700070008F
:1087F000AE0326032000200000000000000000005F
:108800000000000000000000000000001000100048
:1088100010001000FF0110001000100010000000F8
:108820000000000000000000000000000000000048
:108830000000000000000000000000000000000038
:108840000000000000000000060006000400020016
:108850000100000000000000000000000000000017
:1088600000000000FE030000000000000000000007
:1088700000000000000000000000000000000000F8
:1088800000000000000000000000000000000000E8
:1088900000000000000000000600060000000000CC
:1088A0000000000000020001000180008000C00004
:1088B0004000600020003000100018000800080090
:1088C000040004000200000000000000000000009E
:1088D000000078008400840002010201020102010C
:1088E00002010201020184008400780000000000FF
:1088F0000000000000000000000010001C0010003C
:1089000010001000100010001000100010001000E7
:1089100010007C00000000000000000000000000CB
:1089200000007C0082000201020102018000400080
:1089300020001000080004010201FE0100000000F8
:10894000000000000000000000003C004200820027
:10895000820040007000800000010001020102015D
:1089600082007C0000000000000000000000000009
:1089700040004000600050004800480044004200B1
:108980004200FE01400040004000F00100000000F5
:1089900000000000000000000000FC0104000400D2
:1089A0000400040074008C000001000102010201B7
:1089B00082007C00000000000000000000000000B9
:1089C0000000F00008010401040002007A008600A3
:1089D000020102010201040184007800000000008D
:1089E00000000000000000000000FE0182004200C4
:1089F00040002000100010000800080008000800D7
:108A00000800080000000000000000000000000056
:108A10000000780084000201020102018400780055
:108A200084000201020102018400780000000000BD
:108A300000000000000000000000780084008200B8
:108A4000020102010201840178010001800082001C
:108A500042003C0000000000000000000000000098
:108A600000000000000000003000300000000000A6
:108A70000000000000000000300030000000000096
:108A800000000000000000000000000000000000E6
:108A900000001000000000000000000000000000C6
:108AA0000000100010001000100000000000000086
:108AB00080004000200010000800040002000400B4
:108AC00008001000200040008000000000000000AE
:108AD0000000000000000000000000000000000096
:108AE000FF01000000000000FF0100000000000086
:108AF0000000000000000000000000000000000076
:108B00000200040008001000200040008000400027
:108B10002000100008000400020000000000000017
:108B2000000000000000000078008400020106013F
:108B3000060100018000400020002000200000000D
:108B400030003000000000000000000000000000C5
:108B500000007800C400F2015901490145012501D6
:108B60002501A500D9000201840078000000000062
:108B700000000000000000000000100010002800AD
:108B8000280028002800440044007C0044008200A3
:108B90008200C7010000000000000000000000008B
:108BA00000003F0042004200420022003E0042001E
:108BB000820082008200820042003F00000000002C
:108BC00000000000000000000000780184010201A4
:108BD0000201010001000100010001000101020188
:108BE0008600780000000000000000000000000087
:108BF00000003F00C20082000201020102010201E6
:108C0000020102010201820042003F000000000058
:108C100000000000000000000000FF0082000201D0
:108C2000420042007E0042004200020002000201B7
:108C30008200FF00000000000000000000000000B3
:108C40000000FF0082000201420042007E0042005C
:108C500042000200020002000200070000000000C3
:108C60000000000000000000000070018801040105
:108C7000020102000200020082030201020104015B
:108C80000C01F000000000000000000000000000E7
:108C90000000C70182008200820082008200FE0084
:108CA00082008200820082008200C7010000000072
:108CB00000000000000000000000FE001000100096
:108CC0001000100010001000100010001000100024
:108CD0001000FE0000000000000000000000000086
:108CE0000000FC01200020002000200020002000C7
:108CF00020002000200020002000210011000E0094
:108D000000000000000000000000E7014200220017
:108D1000220012001A001600220022004200420027
:108D20008200C701000000000000000000000000F9
:108D30000000070002000200020002000200020020
:108D400002000200020002018200FF000000000099
:108D500000000000000000000000C701C600C600BF
:108D6000C600AA00AA00AA00AA00AA0092009200C7
:108D70009200D70100000000000000000000000089
:108D80000000C70186008A008A008A0092009200D3
:108D9000A200A200C200C200C200870000000000C2
:108DA000000000000000000000003800C600820043
:108DB0000101010101010101010101010101820023
:108DC000C6003800000000000000000000000000A5
:108DD00000007F00820002010201020182007E0089
:108DE0000200020002000200020007000000000072
:108DF000000000000000000000003800C6008200F3
:108E00000101010101010101010101011901A60096
:108E1000A60078004001C000000000000000000033
:108E200000003F0042008200820042003E0012002B
:108E30002200220042004200820087010000000060
:108E40000000000000000000000078018401020121
:108E5000020002000C00700080000001020102010B
:108E600086007A0000000000000000000000000002
:108E70000000FE0011011101100010001000100090
:108E8000100010001000100010003800000000005A
:108E900000000000000000000000C7018200820006
:108EA00082008200820082008200820082008200B2
:108EB0004400380000000000000000000000000036
:108EC0000000C701820082004400440044004400C6
:108ED00028002800280038001000100000000000C2
:108EE00000000000000000000000BB0192009200A2
:108EF00092009200AA00AA00AA006A00440044005E
:108F000044004400000000000000000000000000D9
:108F10000000CE018400440048002800300010000A
:108F200030002800480048008400CE010000000006
:108F300000000000000000000000C70182004400A3
:108F4000440028002800100010001000100010003D
:108F500010003800000000000000000000000000C9
:108F60000000FC018400820040004000200010004E
:108F700010000800080004018400FE00000000004A
:108F800000000000F00110001000100010001000A0
:108F90001000100010001000100010001000100051
:108FA00010001000F00100000000000000000200AE
:108FB0000400040008000800080010001000200051
:108FC0002000200040004000800080008000000160
:108FD000000000003E0020002000200020002000B3
:108FE0002000200020002000200020002000200081
:108FF000200020003E000000000000003800280093
:10900000440000000000000000000000000000001C
:109010000000000000000000000000000000000050
:109020000000000000000000000000000000000040
:109030000000000000000000000000000000000030
:109040000000000000000000FF03000018002000E6
:109050000000000000000000000000000000000010
:109060000000000000000000000000000000000000
:1090700000000000000000000000000000000000F0
:1090800000007C0082008200F0008C0082008200E0
:10909000C202BC030000000000000000000000004D
:1090A000000003000200020002003A0046008200B5
:1090B000820082008200820046003A000000000028
:1090C00000000000000000000000000000000000A0
:1090D0000000780084008200020002000200020109
:1090E0008400780000000000000000000000000084
:1090F0000000C000800080008000B800C400820032
:109100008200820082008200C400B80100000000DA
:10911000000000000000000000000000000000004F
:109120000000780084000201FE010200020002013A
:109130008400780000000000000000000000000033
:109140000000E001100210001000FC0010001000F0
:1091500010001000100010001000FC0000000000C3
:1091600000000000000000000000000000000000FF
:109170000000F8018400840084008400780004006A
:109180007C00840102010201FC00000000000000DC
:10919000000003000200020002007A008600820044
:1091A00082008200820082008200C701000000006D
:1091B000000000000000000000001800180000007F
:1091C00000001C0010001000100010001000100023
:1091D00010007C0000000000000000000000000003
:1091E00000006000600000000000700040004000CF
:1091F000400040004000400040004000400022008D
:109200001E00000000000000000003000200020039
:109210000200E200220012000A00160022004200B2
:109220008200C701000000000000000000000000F4
:1092300000001E00100010001000100010001000B0
:1092400010001000100010001000FE0000000000D0
:10925000000000000000000000000000000000000E
:1092600000007F0092009200920092009200920013
:109270009200B701000000000000000000000000A4
:10928000000000000000000000007B00860082005B
:1092900082008200820082008200C701000000007C
:1092A00000000000000000000000000000000000BE
:1092B00000007800840002010201020102010201A3
:1092C00084007800000000000000000000000000A2
:1092D000000000000000000000003B00460082008B
:1092E000820082008200820046003A0002000200F2
:1092F0000700000000000000000000000000000067
:109300000000B800C4008200820082008200820057
:10931000C400B80080008000C00100000000000010
:1093200000000000000000000000CE01280118002D
:10933000080008000800080008003E0000000000C7
:10934000000000000000000000000000000000001D
:109350000000BC00C200820006003800C00082008D
:1093600086007A00000000000000000000000000FD
:1093700000000000100010001000FC0010001000A1
:1093800010001000100010009000600000000000AD
:1093900000000000000000000000000000000000CD
:1093A0000000C300820082008200820082008200EE
:1093B000C200BC010000000000000000000000002E
:1093C00000000000000000000000C701820044000F
:1093D0004400440028002800100010000000000095
:1093E000000000000000000000000000000000007D
:1093F0000000BB01920092009200AA00AA00440063
:1094000044004400000000000000000000000000D4
:1094100000000000000000000000CE0184004800B1
:1094200030003000300048008400CE010000000011
:10943000000000000000000000000000000000002C
:109440000000EE0184008800480048005000300011
:1094500020001000100010000C00000000000000B0
:1094600000000000000000000000FE00420022009A
:1094700020001000080084008200FE0000000000B0
:10948000000000008001400040004000400040001B
:1094900040006000100060004000400040004000BC
:1094A000400040004000800100002000200020001B
:1094B00020002000200020002000200020002000AC
:1094C000200020002000200020002000200020009C
:1094D000200000000600080008000800080008003E
:1094E0000800180020001800080008000800080004
:1094F000080008000800060000001C0026022203E5
:10950000C00100000000000000000000000000009A
:10951000000000000000000000000000000000004B
:10952000000000000000000000000000000000003B
:1095300000000000000808080808080800001818C3
:10954000000000486C241200000000000000000031
:1095500000000000002424247F1212127F12121235
:1095600000000000081C2A2A0A0C1828282A2A1C95
:10957000080800000022251515152A5854545422B5
:1095800000000000000C1212120A76252911916EBB
:1095900000000006060403000000000000000000B8
:1095A00000000040201010080808080808101020CB
:1095B00040000002040808101010101010080804E1
:1095C00002000000000008086B1C1C6B080800006B
:1095D000000000000000080808087F0808080800CC
:1095E000000000000000000000000000000006066F
:1095F00004030000000000000000FE000000000066
:10960000000000000000000000000000000006064E
:1096100000000000804040202010100808040402D0
:1096200002000000001824424242424242422418F2
:109630000000000000080E08080808080808083E96
:1096400000000000003C4242422020100804427EFC
:1096500000000000003C4242201820404042221CF2
:109660000000000000203028242422227E202078C0
:1096700000000000007E0202021A26404042221C26
:109680000000000000382402021A26424242241838
:1096900000000000007E22221010080808080808B8
:1096A00000000000003C4242422418244242423C56
:1096B0000000000000182442424264584040241C2C
:1096C000000000000000000018180000000018183A
:1096D000000000000000000000080000000000087A
:1096E0000804000000402010080402040810204074
:1096F00000000000000000007F0000007F0000006C
:10970000000000000002040810204020100804029D
:1097100000000000003C4242464020101000181893
:1097200000000000001C225A555555552D42221CA0
:1097300000000000000808181414243C224242E7EC
:1097400000000000001F2222221E22424242221F4D
:1097500000000000007C4242010101010142221C84
:1097600000000000001F2242424242424242221FA9
:1097700000000000003F4212121E12120242423F3D
:1097800000000000003F4212121E121202020207E5
:1097900000000000003C2222010101712122221C54
:1097A0000000000000E7424242427E42424242E75D
:1097B00000000000003E0808080808080808083EE5
:1097C00000000000007C101010101010101010107D
:1097D000110F0000007722120A0E0A1212222277BD
:1097E0000000000000070202020202020202427FA1
:1097F000000000000077363636362A2A2A2A2A6BDD
:109800000000000000E346464A4A52525262624754
:1098100000000000001C2241414141414141221C05
:1098200000000000003F424242423E0202020207A4
:1098300000000000001C2241414141414D53321CB7
:1098400060000000003F4242423E1212222242C704
:1098500000000000007C4242020418204042423EC8
:1098600000000000007F4908080808080808081CD4
:109870000000000000E74242424242424242423C73
:109880000000000000E742422224241414180808B3
:1098900000000000006B49494949555536222222F3
:1098A0000000000000E7422424181818242442E78E
:1098B0000000000000772222141408080808081C81
:1098C00000000000007E2120101008040442423FE6
:1098D00000000078080808080808080808080808B0
:1098E000780000000202040408080810102020205C
:1098F0004040001E1010101010101010101010100A
:109900001E000038440000000000000000000000BD
:109910000000000000000000000000000000000047
:1099200000FF00060800000000000000000000002A
:109930000000000000000000003C4278444242FC6D
:109940000000000000030202021A26424242261AC8
:109950000000000000000000003844020202443809
:10996000000000000060404040784442424264D819
:109970000000000000000000003C427E0202423C69
:109980000000000000F08808087E08080808083E6B
:109990000000000000000000007C22221C023C426B
:1099A000423C000000030202023A4642424242E7C1
:1099B00000000000000C0C00000E08080808083E1B
:1099C000000000000030300000382020202020203F
:1099D000221E0000000302020272120A16122277EF
:1099E00000000000000E0808080808080808083EE3
:1099F0000000000000000000007F9292929292B757
:109A00000000000000000000003B4642424242E7E6
:109A10000000000000000000003C42424242423C84
:109A20000000000000000000001B26424242221EEF
:109A300002070000000000000078444242424478DF
:109A400040E000000000000000774C040404041F04
:109A50000000000000000000007C42023C40423E4A
:109A60000000000000000008083E08080808083050
:109A7000000000000000000000634242424262DC3D
:109A8000000000000000000000E742242414080841
:109A9000000000000000000000EB4949555522225B
:109AA0000000000000000000007624181818246E42
:109AB000000000000000000000E742242414180801
:109AC0000807000000000000007E22100808447E05
:109AD000000000C020202020201020202020202056
:109AE000C0001010101010101010101010101010D6
:109AF00010100006080808080810080808080808D8
:109B000006000C32C200000000000000000000004F
:109B10000000000000000000000000000000000045
:109B20000404040404040004000000140A0A0000F1
:109B3000000000000000000014143F140A3F0A0A4D
:109B4000000000041E1505060C14150F040000008B
:109B500012150D0A142C2A1200000000040A0A1E15
:109B60001515093600000002020100000000000087
:109B70000000002010080808080808102000000253
:109B80000408080808080804020000000004150E74
:109B90000E150400000000000404041F0404040067
:109BA00000000000000000000000000202010000B0
:109BB0000000001F00000000000000000000000086
:109BC000000000020000001008080804040202025D
:109BD000010000000E1111111111110E0000000002
:109BE000040604040404040E000000000E11110811
:109BF0000402011F000000000E11100C1010110EC5
:109C000000000000080C0A0A091E081800000000E5
:109C10001F01010F1010110E000000000E09010FAE
:109C20001111110E000000001F09080404040404AF
:109C3000000000000E11110E1111110E00000000A5
:109C40000E1111111E10120E000000000000040081
:109C500000000004000000000000000400000004F8
:109C60000400002010080402040810200000000076
:109C700000001F00001F0000000000020408102068
:109C800010080402000000000E1111080404000472
:109C9000000000000E111915151D011E0000000026
:109CA00004040C0A0A1E1233000000000F12120EE8
:109CB0001212120F000000001E1101010101110E0D
:109CC000000000000F1212121212120F000000000A
:109CD0001F120A0E0A02121F000000001F120A0EB5
:109CE0000A020207000000001C1201013911120CC7
:109CF000000000003312121E121212330000000086
:109D00001F0404040404041F000000003E080808A7
:109D1000080808090700000037120A060A0A123765
:109D200000000000070202020202223F00000000C1
:109D30001B1B1B1B15151515000000003B121616EA
:109D40001A1A1217000000000E1111111111110E34
:109D5000000000000F12120E0202020700000000B5
:109D60000E1111111117190E180000000F12120E0A
:109D70000A121237000000001E1101060810110F10
:109D8000000000001F1504040404040E000000007D
:109D9000331212121212120C000000003312120AB7
:109DA0000A0C0404000000001515150E0A0A0A0A20
:109DB000000000001B0A0A04040A0A1B000000003D
:109DC0001B0A0A040404040E000000001F09080412
:109DD0000402121F0000001C040404040404040410
:109DE0001C00000202020404080808100000000E13
:109DF00008080808080808080E0000040A00000007
:109E00000000000000000000000000000000000052
:109E1000003F0004000000000000000000000000FF
:109E20000000000C121C123C000000000302020E95
:109E30001212120E000000000000001C1202021C90
:109E4000000000001810101C1212123C000000004C
:109E50000000000C121E021C000000003804041E4A
:109E60000404041E000000000000003C120C021E4E
:109E7000221C00000302020E121212370000000022
:109E8000040000060404040E000000000800000C9A
:109E900008080808080700000302023A0A0E1237F1
:109EA00000000000070404040404041F0000000074
:109EB0000000000F15151515000000000000000F30
:109EC00012121237000000000000000C1212120CD7
:109ED000000000000000000F1212120E0207000026
:109EE0000000001C1212121C103800000000001BA1
:109EF00006020207000000000000001E020C101EF7
:109F0000000000000004040E040404180000000017
:109F10000000001B1212123C00000000000000377D
:109F2000120A0C040000000000000015150E0A0AB9
:109F3000000000000000001B0A040A1B00000000D3
:109F400000000037120A0C04040300000000001E89
:109F50000804041E0000001808080804080808087F
:109F60001800080808080808080808080808000673
:109F70000404040804040404060002251800000078
:109F80000000000000000000000F0000800700003B
:109F9000000000001F0000C0070000000000003F9C
:109FA0000000E0070000000000007EE01FF0070056
:109FB0000000000000FCFCFFF903000000000000AE
:109FC000F8FFFFFF01000000000000F0FFFFFF00AE
:109FD000000000000000F0FFFF7F00000000000014
:109FE00000F8FFFF7F00000000000000FCFFFFFF03
:109FF00001000000000000FEFFFFFF030000000062
:10A000000000FEFFFFFF03000000000000FFFFFF55
:10A01000FF07000000000080FFFFFFFF0F000000AF
:10A02000000080FFFCFFF90F0000000000C0FFFCF3
:10A03000FFF91F0000000000C0FFFCFFF91F000037
:10A04000000000E0FFFFFFFF1F0000000000E0FF36
:10A05000FFFFFF3F0000000000E0FFFFFFFF3F00A9
:10A0600000000000E0FFFFFFFF3F0000000000E0F5
:10A07000FFFFFFFF3F0000000000E0FFFFFFFF7F4A
:10A080000000000000F0FFFFFFFF7F000000000065
:10A09000E0FFFFFFFF7F0000000000000000000065
:10A0A00000000000000000000000000000000000B0
:10A0B0001CF0FFFFFFFF7FE0000000FFF0FFFFFF4D
:10A0C000FF7FF8030000FFF1FFFFFFFF7FFC0700A9
:10A0D00080FFF1FFFFFFFF7FFC0F0080FFF3FFFF1A
:10A0E000FFFF7FFC0F0080FFF3FFFFFFFF7FFE1FDE
:10A0F00000C0FFF3FFFFFFFF7FFE1F00C0FFF3FF65
:10A10000FFFFFF7FFE1F00C0FFF3FFFFFFFF7FFE8B
:10A110001F00C0FFF3FFFFFFFF7FFE1F00C0FFF324
:10A12000FFFFFFFF7FFE1F00C0FFF3FFFFFFFF7F6A
:10A13000FE1F00C0FFF3FFFFFFFF7FFE1F00C0FFF9
:10A14000F3FFFFFFFF7FFE1F00C0FFF3FFFFFFFFD6
:10A150007FFE1F00C0FFF3FFFFFFFF7FFE1F00C059
:10A16000FFF3FFFFFFFF7FFE1F00C0FFF3FFFFFFB6
:10A17000FF7FFE1F00C0FFF3FFFFFFFF7FFE1F00FA
:10A18000C0FFF3FFFFFFFF7FFE1F00C0FFF3FFFFD5
:10A19000FFFF7FFE1F00C0FFF3FFFFFFFF7FFE1FDB
:10A1A00000C0FFF3FFFFFFFF7FFE1F00C0FFF3FFB4
:10A1B000FFFFFF7FFE1F00C0FFF3FFFFFFFF7FFEDB
:10A1C0001F00C0FFF3FFFFFFFF7FFE1F00C0FFF374
:10A1D000FFFFFFFF7FFE1F00C0FFF3FFFFFFFF7FBA
:10A1E000FE1F00C0FFF3FFFFFFFF7FFE1F00C0FF49
:10A1F000F3FFFFFFFF7FFE1F0080FFF3FFFFFFFF66
:10A200007FFE1F0080FFF3FFFFFFFF7FFC0F00803A
:10A21000FFF1FFFFFFFF7FFC0F0000FFF1FFFFFFDB
:10A22000FF7FFC070000FEF0FFFFFFFF7FF007004D
:10A230000038F0FFFFFFFF7FC001000000E0FFFFDC
:10A24000FFFF7F0000000000E0FFFFFFFF3F000076
:10A25000000000C0FFFFFFFF1F000000000000F82B
:10A260007FE0FF00000000000000F87FE0FF00003A
:10A270000000000000F87FE0FF0000000000000088
:10A28000F87FE0FF00000000000000F87FE0FF0022
:10A29000000000000000F87FE0FF00000000000068
:10A2A00000F87FE0FF00000000000000F87FE0FF02
:10A2B00000000000000000F87FE0FF000000000048
:10A2C0000000F87FE0FF00000000000000F87FE0E1
:10A2D000FF00000000000000F87FE0FF0000000029
:10A2E000000000F83FE0FF00000000000000F03F29
:10A2F000E0FF00000000000000F03FE07F000000F1
:10A3000000000000E01FC07F00000000000000C04F
:10A310000F801F000000000000000000000000008F
:10A32000000000000000000000000000000000002D
:10A33000000000000000000000000000000000001D
:10A34000000000000000000000000000000000000D
:10A3500000000000000000000000E0FFFFFFFFFF22
:10A36000FF1F000000FCFFFFFFFFFFFFFF010000D9
:10A37000FEFFFFFFFFFFFFFF030000FFFFFFFFFFE8
:10A38000FFFFFF070080FFFFFFFFFFFFFFFF0F0042
:10A3900080FFFFFFFFFFFFFFFF0F0080FFFFFFFFBA
:10A3A000FFFFFFFF0F0080FFFFFFFFFFFFFFFF1F0B
:10A3B0000080FFFFFFFFFFFFFFFF1F0080FFFFFF89
:10A3C000FFFFFFFFFF1F0080FFFFFFFFFFFFFFFFFB
:10A3D0001F0080FFFFFFFFFFFFFFFF1F0080FFFF49
:10A3E000FFFFFFFFFFFF1F0080FFFFFFFFFFFFFFDB
:10A3F000FF1F0080FFFFFFFFFFFFFFFF1F0080FF29
:10A400001F00000000C0FF1F0080FF1F00000000B1
:10A41000C0FF1F0080FF1F00000000C0FF1F008062
:10A42000FF1F00000000C0FF1F0080FF1F00000092
:10A4300000C0FF1F0080FF1F00000000C0FF1F00C2
:10A4400080FFFFFFFFFFFFFFFF1F0080FFFFFFFFF9
:10A45000FFFFFFFF1F0080FFFFFFFFFFFFFFFF1F4A
:10A460000080FFFFFFFFFFFFFFFF1F0080FFFFFFD8
:10A47000FFFFFFFFFF1F0080FF1F00000000C0FF65
:10A480001F0080FF1F00000000C0FF1F0080FF1F93
:10A4900000000000C0FF1F0080FF1F00000000C080
:10A4A000FF1F0080FF1F00000000C0FF1F0080FF93
:10A4B0001F00000000C0FF1F0080FFFFFFFFFFFF25
:10A4C000FFFF1F0080FFFFFFFFFFFFFFFF1F008058
:10A4D000FFFFFFFFFFFFFFFF1F0080FFFFFFFFFFEA
:10A4E000FFFFFF1F0080FF1F00000000C0FF1F00D4
:10A4F00080FF1F00000000C0FF1F0080FF1F000042
:10A500000000C0FF1F00C0FF1F00000000C0FF1FB1
:10A5100000C0FF1F00000000C0FF1F00C0FF1F00A1
:10A52000000000C0FF1F00C0FFFFFFFFFFFFFFFF95
:10A530001F00C0FFFFFFFFFFFFFFFF1F00C0FFFF67
:10A54000FFFFFFFFFFFF1F00C0FFFFFFFFFFFFFF39
:10A55000FF1F00C0FFFFFFFFFFFFFFFF1F00C0FF47
:10A56000FFFFFFFFFFFFFF1F00C0FFFFFFFFFFFF19
:10A57000FFFF1F00C0FFFFFFFFFFFFFFFF1F00C027
:10A58000FFFFFFFFFFFFFFFF0F00C0FFFFFFFFFF09
:10A59000FFFFFF0F00C0FFFFFFFFFFFFFFFF0F00E8
:10A5A000C0FFFFFFFFFFFFFFFF0700C0FFFFFFFF30
:10A5B000FFFFFFFF0700C0FFFFFFFFFFFFFFFF01DF
:10A5C00000C0FFFFFFFFFFFFFF7F0000C0FF0F0085
:10A5D00000000000000000C0FF07000000000000B5
:10A5E0000000C0FF030000000000000000C0FF01E9
:10A5F0000000000000000000C0FF0000000000009C
:10A60000000000C07F000000000000000000C03F0C
:10A61000000000000000000000C01F00000000005B
:10A6200000000000C00F000000000000000000C09B
:10A6300007000000000000000000C0030000000050
:10A640000000000000C00100000000000000000049
:10A65000C00000000000000000000000000000003A
:10A6600000000000000000000000000000000000EA
:10A6700000000000000000000000000000000000DA
:10A6800000000000000000000000000000000000CA
:10A6900000000000000000000000000000000000BA
:10A6A00000000000000000000000000000000000AA
:10A6B000000000000000000000000000000000009A
:10A6C00000000000000000000000000000E00300A7
:10A6D0000000000000000000FC030000000000007B
:10A6E000000000FF030000000000000000C0FF03A6
:10A6F0000000000000000000E0FF03000000000078
:10A70000000000F0FF030000000000000000F8FF60
:10A71000030000000000000000FCFF030000000038
:10A7200000000000FEFF030000000000000000FE2B
:10A73000FF030000000000000000FFFF0300000016
:10A740000000000000FFFF03000000000000008088
:10A75000FFFF030000000000000080FFFF03000077
:10A76000000000000080FFFF030000000000000068
:10A77000C0FFFF0300000000000000C0FFFF030057
:10A78000000000000000C0FFFF0300000000000008
:10A7900000C0FFFF0300000000000000C0FFFF0337
:10A7A00000FF0000000000C0FFFF03E0FF0F0000FB
:10A7B0000000C0FFFF03F8FF3F00000000C0FFFFE4
:10A7C00003FEFF7F00000000C0FFFF03FFFFFF014B
:10A7D00000000080FFFF83FFFFFF0300000080FFF9
:10A7E000FFC3FFFFFF0700000080FFFFE3FFFFFF45
:10A7F0000F00000000FFFFF3FFFFFF0F000000004D
:10A80000FFFFF3FFFFFF1F00000000FEFFFBFFFF45
:10A81000FF3F00000000FEFFFBFFFFFF3F000000C6
:10A8200000FCFFFFFFFFFF7F00000000F8FFFFFFBD
:10A83000FFFF7F00000000F0FFFFFFFFFF7F000031
:10A840000000E0FFFFFFFFFFFF0000000080FFFFB0
:10A85000FFFFFFFF0000000000FFFFFFFFFFFF0002
:10A8600000000000FCFFFFFFFFFF00F8FFFFFFFFFD
:10A87000FFFFFFFFFF00F8FFFFFFFFFF01000000E9
:10A8800000F8FFFFFFFFFF0700000000F8FFFFFFD9
:10A89000FFFF0F00000000F8FFFFFFFFFF3F000079
:10A8A0000000F0FFFFFFFFFF7F00000000F0FFFF50
:10A8B000FFFFFFFF00000000F0FFFFFFFFFFFF01B1
:10A8C000000000E0FFFFFFFFFEFF01000000E0FFCF
:10A8D000FFFFFFFEFF03000000C0FFFFFF7FFEFF42
:10A8E00007000000C0FFFFFF7FFEFF0700000080A1
:10A8F000FFFFFF3FFEFF0F00000000FFFFFF1FFEF6
:10A90000FF0F00000000FEFFFF0FFEFF0F00000022
:10A9100000FCFFFF07FEFF1F00000000F8FFFF0321
:10A92000FEFF1F00000000E0FFFF00FEFF1F000011
:10A93000000080FF3F00FEFF1F0000000000FC073A
:10A9400000FEFF1F0000000000000000FEFF1F00CF
:10A9500000000000000000FEFF1F000000000000DB
:10A960000000FEFF1F0000000000000000FEFF1FAF
:10A970000000000000000000FEFF0F0000000000CB
:10A98000000000FEFF0F0000000000000000FEFFBE
:10A990000F0000000000000000FEFF0700000000A4
:10A9A00000000000FEFF070000000000000000FEA5
:10A9B000FF030000000000000000FEFF0300000095
:10A9C0000000000000FEFF01000000000000000089
:10A9D000FEFF000000000000000000FE7F000000FD
:10A9E000000000000000FE3F00000000000000002A
:10A9F00000FE1F000000000000000000FE07000035
:10AA000000000000000000FE010000000000000047
:10AA100000003E00000000000000000000000000F8
:10AA20000000000000000000000000000000000026
:10AA30000000000000000000000000000000000016
:10AA40000000000000000000000000000000000006
:10AA500000000000000000000000000000000000F6
:10AA600000000000000000000000000000000000E6
:10AA70000000000000000000000000000000F8FFDF
:10AA8000FFFFFF1F0000000000FFFFFFFFFFFF01AF
:10AA9000000000C0FFFFFFFFFFFF03000000C0FF3A
:10AAA000FFFFFFFFFF07000000E0FFFFFFFFFFFFCA
:10AAB0000F000000E0FFFFFFFFFFFF0F000000E0BE
:10AAC000FFFFFFFFFFFF0F000000F0FFFFFFFFFF92
:10AAD000FF1F000000F0FFFFFFFFFFFF1F0000004F
:10AAE000F0FFFFFFFFFFFF1F000000F0FFFFFFFF71
:10AAF000FFFF1F000000F0FFFFFFFFFFFF1F000030
:10AB000000F0FFFFFFFFFFFF1F000000F0FFFFFF4F
:10AB1000FFFFFF1F00803FF0FFFFFBFFFFFF1F0055
:10AB2000C03FF0FFFFF3FFFFFF1F00C03FF0FFFF3C
:10AB3000E3FFFFFF1F00C03FF0FFFF83FFFFFF1F8A
:10AB400000C03FF0FFFF03FFFFFF1F00C03FF0FF0B
:10AB5000FF03FEFFFF1F00C03FF0FFFF03F8FFFFF2
:10AB60001F00C03FF0FFFF03F0FFFF1F00C03FF0DA
:10AB7000FFFF03E0FFFF1F00C03FF0FFFF0380FF68
:10AB8000FF1F00C03FF0FFFF0300FFFF1F00C03F9B
:10AB9000F0FFFF0300FEFF1F00C03FF0FFFF0300B8
:10ABA000F8FF1F00C03FF0FFFF0300F0FF1F00C0D1
:10ABB0003FF0FFFF0300E0FF1F00C03FF0FFFF0377
:10ABC00000F0FF1F00C03FF0FFFF0300F8FF1F0071
:10ABD000C03FF0FFFF0300FEFF1F00C03FF0FFFF7C
:10ABE0000300FFFF1F00C03FF0FFFF0380FFFF1FB8
:10ABF00000C03FF0FFFF03E0FFFF1F00C03FF0FF7A
:10AC0000FF03F0FFFF1F00C03FF0FFFF03F8FFFF4F
:10AC10001F00C03FF0FFFF03FEFFFF1F00C03FF01B
:10AC2000FFFF03FFFFFF1F00C03FF0FFFF83FFFF99
:10AC3000FF1F00C03FF0FFFFE3FFFFFF1F00C03F0B
:10AC4000F0FFFFF3FFFFFF1F00C03FF0FFFFFBFF20
:10AC5000FFFF1F00C03FF0FFFFFFFFFFFF1F00C00F
:10AC60003FF0FFFFFFFFFFFF1F00C03FF0FFFFFFB0
:10AC7000FFFFFF1F00C03FF0FFFFFFFFFFFF1F00B0
:10AC8000C03FF0FFFFFFFFFFFF1F00C03FF0FFFFCF
:10AC9000FFFFFFFF1F00C03FF0FFFFFFFFFFFF1F91
:10ACA00000C03FE0FFFFFFFFFFFF0F00C03FE0FFDE
:10ACB000FFFFFFFFFF0F00C03FE0FFFFFFFFFFFFB1
:10ACC0000F00C03FC0FFFFFFFFFFFF0700C03FC0F6
:10ACD000FFFFFFFFFFFF0700C03F00FFFFFFFFFF79
:10ACE000FF0100C03F00F8FFFFFFFF7F0000C03FF3
:10ACF000000000000000000000C03F000000000055
:10AD000000000000C03F000000000000000000C084
:10AD10003F000000000000000000C03F00000000F5
:10AD20000000000000C03F00000000000000000024
:10AD300080FFFFFFFFFFFF7F00000080FFFFFFFF9E
:10AD4000FFFF7F00000080FFFFFFFFFFFF7F00008D
:10AD50000080FFFFFFFFFFFF7F00000000FFFFFFFD
:10AD6000FFFFFF7F00000000FEFFFFFFFFFF7F00EF
:10AD7000000000FCFFFFFFFFFF7F00000000C0FF9E
:10AD8000FFFFFFFF7F000000000000000000000048
:10AD900000000000000000000000000000000000B3
:10ADA00000000000000000000000000000000000A3
:10ADB0000000000000000000000000000000000093
:10ADC0000000000000000000000000000000000083
:10ADD0000000010203040607080900000000010248
:10ADE0000304000004AE00080000002090000000F2
:10ADF000542E000894AE000890000020B00C000013
:10AE0000642E0008623700080C000C0018001400C3
:10AE1000423900081000100020001400C23B000856
:10AE2000140014003C0014007240000818001800C0
:10AE300048004100BA5200082000200080001400A1
:10AE4000BA5C000810002000400000007A7400087E
:10AE50000C001800300000004A8600080A001400A8
:10AE600028000000229500080800100010000000D3
:10AE7000129B000806000C000C00000000000000FF
:10AE800000000000010000001000000000000000B1
:04AE90000024F400A6
:040000050800018965
:00000001FF
