:020000040800F2
:10000000400D0020A10100083B2B0008B912000898
:10001000392B000841070008012F000800000000EC
:100020000000000000000000000000001D2D00087E
:1000300043070008000000003D2B00081F2D0008AA
:10004000BB010008BB010008BB010008BB010008A0
:10005000BB010008BB010008BB010008BB01000890
:10006000BB010008BB010008BB010008BB01000880
:10007000BB010008BB010008BB010008BB01000870
:10008000BB010008BB010008BB010008BB01000860
:10009000BB010008BB010008BB010008BB01000850
:1000A000BB010008BB010008BB010008BB01000840
:1000B000BB010008BB010008BB010008BB01000830
:1000C000BB010008BB010008BB010008BB01000820
:1000D000BB010008BB010008BB010008BB01000810
:1000E000BB010008BB010008BB010008BB01000800
:1000F000BB010008BB010008BB010008BB010008F0
:10010000BB010008BB010008BB010008BB010008DF
:10011000BB010008BB010008BB010008BB010008CF
:10012000BB010008BB010008BB010008BB010008BF
:10013000BB010008BB010008BB010008BB010008AF
:10014000BB010008BB010008BB010008BB0100089F
:10015000BB010008BB010008BB010008BB0100088F
:10016000BB010008BB010008BB010008BB0100087F
:10017000BB010008BB010008BB0100080000000033
:10018000BB010008BB010008DFF810D000F0C6FA80
:100190000048004701380008AFF30080400D002000
:1001A0000648804706480047FEE7FEE7FEE7FEE711
:1001B000FEE7FEE7FEE7FEE7FEE7FEE7BD2D0008EF
:1001C000890100082DE9F05F0546002092469B4614
:1001D00088460646814640241BE02846414647465D
:1001E000224600F07DF953465A46C01A914110D379
:1001F00011461846224600F064F92D1A67EB0108F3
:100200004F4622460120002100F05BF917EB000960
:100210004E41201EA4F10104DFDC484631462A4647
:100220004346BDE8F09FD2B201E000F8012B491E21
:10023000FBD270470022F6E710B513460A46044683
:100240001946FFF7F0FF204610BD2DE9FE4F80460E
:1002500081EA0300C00F0C46009021F0004123F01A
:100260000045B8EB0200A94105D240462146904620
:100270001C460B46024623F00040104347D0270D92
:10028000C7F30A00C3F30A510290401A01904028B4
:100290006BDAC3F3130040F4801B0098924620B140
:1002A0000023D2EB030A63EB0B0B01985946C0F114
:1002B0004002504600F005F906460D4650465946A4
:1002C000019A00F01DF910EB08006141002487EA53
:1002D000115284EAE7731A4340D0009A62B3019A3C
:1002E000012A4FEA075215DC001B61EB02014FF0B7
:1002F000004202EA0752CDE90042001C41F580119C
:1003000032462B4600F01DF903B0BDE8F08F4046A1
:100310002146F9E7001B61EB0201001C41F5801347
:1003200000185B412018A2F5001747EB030140EAD3
:10033000D570B6196D4111E06D084FEA360645EAF1
:10034000C0754FEA0752001B61EB0201001C41F52A
:10035000801149084FEA30000019514132462B46BE
:1003600003B0BDE8F04F00F0DDB800980122400076
:100370000023D0EB020263EBE073009821464FEAC2
:10038000E074B8EB000061EB0401E9E783F000439F
:100390005BE781F0004158E72DE9FE4F81EA030455
:1003A00004F0004421F0004100944FF0000B23F0D2
:1003B000004350EA01045ED052EA03045BD0C3F369
:1003C0000A54C1F30A552C44A4F2F3340194A0FB5F
:1003D0000254C1F3130141F48011C3F3130343F436
:1003E000801301FB024400FB034E840A970A44EA8F
:1003F000815447EA8357A4FB076802958D0A05FBE1
:1004000007854FEA932C04FB0C542705029D4FEA05
:10041000065847EA1637B5EB08056EEB070C870E52
:10042000920E47EA811742EA8312A7FB0201B6EB5C
:100430000B0164EB00042B0D43EA0C335E1844EB14
:100440001C50DA465146E7FB0201C5F313044FEA9C
:100450000B3343EA14534FEA0432019C43EA060388
:10046000A4F10C040294009CCDE900B400F069F8FA
:1004700003B0BDE8F08F00200146F9E70EB540F269
:10048000334102910021CDE900110A460B4600F0EC
:1004900058F803B000BD30B50B46014600202022BD
:1004A000012409E021FA02F59D4205D303FA02F581
:1004B000491B04FA02F52844151EA2F10102F1DCE1
:1004C00030BD202A04DB203A00FA02F100207047F8
:1004D0009140C2F1200320FA03F319439040704782
:1004E000202A04DB203A21FA02F00021704721FA89
:1004F00002F3D040C2F120029140084319467047F0
:10050000202A06DBCB17203A41FA02F043EAE073D7
:1005100006E041FA02F3D040C2F1200291400843C4
:100520001946704710B5141E73F1000408DA401C18
:1005300041F1000192185B411A4301D120F0010002
:1005400010BD2DE9F04D92469B4611B1B1FA81F2F2
:1005500002E0B0FA80F220329046FFF7B2FF044684
:100560000F4640EA0A0041EA0B0153465A46084347
:1005700013D0114653EA010019D0C8F14002504689
:10058000FFF7AEFF05460E46504659464246FFF776
:1005900098FF084305D0012004E020463946BDE815
:1005A000F08D0020054346EAE0762C4337430A9855
:1005B0006305E40AA0EB08000022FD0A44EA475460
:1005C0000A3002D500200146E9E70105101969410A
:1005D000DDE9084500196941BDE8F04DA2E72DE9C4
:1005E000F04D81EA030404F0004B21F0004514466D
:1005F0004FF0000A23F0004150EA050220D054EAEF
:1006000001021DD0C5F30A570246C5F31303C1F317
:100610001300C1F30A5640F4801543F48013A7EB8E
:100620000608101BD64608F2FD3873EB050002D30E
:1006300008F1010801E092185B41B8F1000F03DAFC
:1006400000200146BDE8F08D00204FF480110646E1
:1006500084460EE0171B73EB050705D3121B63EBF3
:10066000050306434CEA010C49084FEA3000921892
:100670005B4150EA0107EDD152EA030012D082EA51
:10068000040083EA0501084305D0101BAB4106D2E4
:100690000122002306E000224FF0004302E06FF049
:1006A000010253101AEB06004CEB085110EB0A0044
:1006B00041EB0B01BDE8F04DFFF734BFC1F30A5227
:1006C000C1F3130140F2FF3341F480119A4202DA80
:1006D00000200146704740F233439A42A2F233426F
:1006E00002DC5242FFF7FCBEFFF7EBBE30B5041E42
:1006F00071F1000404DB4FF00044404264EB01015F
:10070000141E73F1000405DB1C464FF000435242F7
:1007100063EB0403994208BF904230BD064C074D7D
:1007200006E0E06840F0010394E8070098471034C1
:10073000AC42F6D3FFF72CFDB4AE0008D4AE0008EF
:10074000FEE7704770B5044600F00CF90546601CE2
:1007500002D004480078044400F004F9401BA04291
:10076000FAD370BD800000202DE9F84FDFF8BCA15E
:100770000022012503264FF00F090AF1040BAAF10C
:10078000040E00BF0B6805FA02F42340A34270D1A7
:100790000F7907F00307012F01D0022F16D18768C8
:1007A0004FEA420806FA08FC27EA0C07D1F80CC009
:1007B0000CFA08FC4CEA070CC0F808C04768A743CD
:1007C0000C79C4F3001494403C4344600C79E44336
:1007D000A4070AD0C4684FEA420C06FA0CF7BC43DF
:1007E0008F6807FA0CF72743C7600C7904F00304FD
:1007F000022C12D1D40800EB840CDCF820405707FF
:10080000FF0E09FA07F824EA0804D1F8108008FA64
:1008100007F848EA0408CCF8208004684FEA420C44
:1008200006FA0CF7BC430F7907F0030707FA0CF739
:10083000274307604C6814F4403F70D03C4C276855
:1008400047F480472760246822F0030704F48044BB
:100850000094384C07EB040CDCF8084897074FEA83
:10086000177809FA08F7BC43334FB84202D1002782
:1008700024E054E0314FB84201D101271EE0304F4F
:10088000B84201D1022719E02E4FB84201D1032707
:1008900014E02D4FB84201D104270FE02B4FB8428E
:1008A00001D105270AE02A4FB84201D1062705E009
:1008B000284FB84201D1072700E0082707FA08F7B8
:1008C0002743CCF80878DAF800405746D1F804C03E
:1008D0009C435FEACC2C00D51C433C60DBF8004015
:1008E0005F46D1F804C09C435FEA8C2C00D51C43C2
:1008F0003C60DEF800407746D1F804C09C435FEAD4
:100900008C3C00D51C433C60084F083F3C68D1F844
:1009100004C09C435FEACC3C00D51C433C60521CA5
:10092000102AFFF42FAFBDE8F88F0000083C01400B
:100930004438024000300140000002400004024000
:1009400000080240000C0240001002400014024067
:1009500000180240001C02400AB18161704709047E
:10096000FBE700000148806870470000800000201D
:10097000024881680278114481607047800000203D
:100980000B4810B5016841F400710160016841F441
:1009900080610160016841F480710160032000F012
:1009A00061F80F2000F006F800F024F8002010BDD8
:1009B000003C024070B50D4D04464FF47A71287822
:1009C000B1FBF0F00A490968B1FBF0F000F0EAFB76
:1009D00048B9102C07D200222146501E00F022F800
:1009E00000206C6070BD012070BD00008000002000
:1009F0008C0000200A4808B5016841F4804101607C
:100A0000006800F4804000900548001F016841F034
:100A100080510160006800F08050009008BD000027
:100A200044380240F0B40E4B1B680C46C3F302235B
:100A3000C3F10705042D00D90425191D072901D28A
:100A4000002300E0DB1E012606FA05F1491E2140C5
:100A500099409E40761E16403143F0BC02F066BAC3
:100A60000CED00E0064900F0070208684FF6FF03AE
:100A7000184040EA0220034A104308607047000013
:100A80000CED00E00000FA052DE9F0470E460500E8
:100A900065D0DFF81481D8F80000F7B200F0070045
:100AA000B04207D288F80070D8F8000000F00700C4
:100AB000B04254D128683D4C810712D5400703D578
:100AC000206840F4E05020602878000703D52068B3
:100AD00040F4604020602068A96820F0F0000843DE
:100AE00020602878C0072DD030496868083901286F
:100AF00012D0022813D0032811D0096889070029D1
:100B00002DDA216821F0030101432160FFF72AFF5C
:100B1000814641F2883A0EE009688903EFE70968E7
:100B20008901ECE7FFF71EFFA0EB0901514502D94F
:100B30000320BDE8F0872068696800F00C00B0EB86
:100B4000810FEFD1D8F80010404601F00701B14203
:100B500007D90770006800F00700B04201D00120FB
:100B6000E7E72878400705D52068E96820F4E050D9
:100B7000084320602878000706D52068296920F4FA
:100B8000604040EAC100206000F038F82168084A5F
:100B9000C1F30311515CC84006490860064800686B
:100BA000FFF708FF0020C4E7003C0240083802407D
:100BB0009AAE00088C0000208400002004480549FB
:100BC00000680968044AC1F38221515CC84070473B
:100BD0008C00002008380240AAAE000804480549ED
:100BE00000680968044AC1F34231515CC84070474B
:100BF0008C00002008380240AAAE0008154810B545
:100C0000006810F00C02144813D04110042A0FD0D1
:100C1000082A0ED10F4C241F2268236802F03F02DD
:100C20005B0207D52068C0F38810A0FB010106E035
:100C3000084610BD2168C1F38811A1FB0001002303
:100C4000FFF7C0FA2168C1F30141491C4900B0FB1C
:100C5000F1F010BD083802400024F4002DE9F84FEF
:100C600004006ED02078DFF84C93C007A9F104058A
:100C70004AD009F104000168C1F38101012908D0BB
:100C80000068C0F3810002280AD1D9F800004002B0
:100C900006D52868800337D560680028E1D033E0A6
:100CA0006068B0F5803F10D0B0F5A02F286810D054
:100CB00020F480302860286820F480202860606854
:100CC000A8B1FFF74FFE06460DE0286840F48030DB
:100CD000F4E740F480202860F7E700BFFFF742FE0A
:100CE000801B642873D828688003F7D50CE0FFF7D1
:100CF00039FE064605E000BFFFF734FE801B64287E
:100D0000F0D828688003F7D42078DFF8AC82800719
:100D10004FF0000A3ED5A748001D016811F00C0FE6
:100D200008D00068C0F3810002280BD1D9F8000078
:100D3000400207D42868800716D5E068012800D152
:100D400012E033E1E068B8B10120C8F80000FFF715
:100D500009FE064605E000BFFFF704FE801B0228DF
:100D6000C0D828688007F7D52868216920F0F800E6
:100D700040EAC10028600DE0C8F800A0FFF7F2FDCE
:100D8000064604E0FFF7EEFD801B02281FD8286806
:100D90008007F7D42078000722D5864F87486169FD
:100DA000703771B101210160FFF7DCFD064604E0F8
:100DB000FFF7D8FD801B022809D838688007F7D5CF
:100DC0000EE0C0F800A0FFF7CDFD064605E082E08A
:100DD000FFF7C8FD801B02287DD838688007F7D44C
:100DE0002078400768D5DFF8CCB100270BF13C0B29
:100DF000DBF80000C0000BD4DBF8001041F080519C
:100E0000CBF80010DBF80000012700F080500090C4
:100E10006B4E3068C00510D4306840F4807030608C
:100E2000FFF7A0FD009005E0FFF79CFD0099401A38
:100E3000022850D83068C005F6D55E4EA0686C36E2
:100E400001280FD00528306810D020F00100306054
:100E5000306820F004003060A068B8B1FFF782FD70
:100E600000900FE0306840F00100F4E740F004002B
:100E70003060F7E7FFF776FD0099411A41F28830BC
:100E8000814266D830688007F4D50EE0FFF76AFD2E
:100E9000009007E0FFF766FD0099411A41F28830A3
:100EA000814256D830688007F4D42FB1DBF80010A7
:100EB00021F08051CBF80010A069C8B33D49091D4D
:100EC0000968C1F3810102294AD00228504607D09F
:100ED000C8F8600000E03CE0FFF744FD04463BE05A
:100EE0004746C8F86000FFF73DFD064605E000BF35
:100EF000FFF738FD801B02282BD828688001F7D423
:100F0000D4E907010843A16A2E4A490802EB0141CE
:100F1000626A41EA8211084394F82C1040EA0161A8
:100F2000C9F8001001203866FFF71CFD044606E0F2
:100F30003EE000BFFFF716FD001B022809D8286815
:100F40008001F7D534E000BFFFF70CFD001B02283D
:100F500002D90320BDE8F88F28688001F4D427E087
:100F60000128F7D0D9F80000E26900F4800191422D
:100F70001CD1226A00F03F01914217D147F6C0719F
:100F8000626A0140B1EB821F10D1A26A4FF0FF33B9
:100F900000F4403103EB5202B1EB024F06D194F85A
:100FA0002C1000F07060B0EB016F01D00120D1E790
:100FB0000020CFE70438024000004742800E47423D
:100FC000007000400000FFFF70B5040009D0606AA7
:100FD000002540B125616561A56294F8510040B1DA
:100FE0000CE0012070BD6068B0F5827FF4D0E5614F
:100FF000F2E784F85050204600F044F8022084F8CC
:1010000051002068016821F040010160A088218919
:1010100000F4827001F404410843A18901F40061E5
:101020000843217C01F002010843217D01F0010108
:101030000843218B01F400710843217F01F038013E
:10104000084394F8201001F080010843218D01F439
:101050000051084321680860A069042101EA10409A
:1010600094F8241001F010010843216848602068BA
:10107000C16921F40061C1616565012084F85100F6
:10108000002070BD2DE9F04F87B00446142168465A
:10109000FFF7D0F83E492068884276D13D480024C9
:1010A000016841F400410160006800F400400590CF
:1010B00038481038016841F002010160016801F010
:1010C00002010591016841F002010160016801F02F
:1010D00002010591016841F001010160016801F020
:1010E00001010591016841F008010160016801F00A
:1010F00008010591016841F00801016000680225BE
:1011000000F0080005900820CDE900050320CDE996
:1011100002400620204E049069463046FFF724FB2B
:101120002020009069463046FFF71EFBAF030126E2
:10113000DFF868A0CDE9007669465046CDE9024562
:10114000FFF712FB4FF48058CDF80080CDE9016421
:10115000DFF84CB0694658460394FFF705FB4FF49F
:101160000059CDE9009669465846CDE90245FFF79A
:10117000FBFA012249465846FFF7EEFBCAF8187001
:10118000002241465846FFF7E7FB07B0BDE8F08F65
:10119000003C004040380240000402400000024091
:1011A000000C024010B5401EB0F1807F01D3012039
:1011B00010BD4FF0E02460610F21601701F0B6FE12
:1011C0000020A06107202061002010BD70B5040040
:1011D00004D094F83D00002510B106E0012070BD58
:1011E00084F83C50204600F023F8242084F83D0089
:1011F0002068C16821F40051C160204601F0E6FD7D
:101200002068016921F4904101612068416921F061
:101210002A0141612068C16841F40051C160256420
:10122000202084F83D0084F83E00002070BD0000BE
:1012300010B586B0044614216846FEF7FBFF1B4933
:101240002068884230D11A48016841F010010160DD
:10125000006800F01000059015481438016841F04E
:1012600001010160016801F001010591016841F08F
:101270000101016000680F4C00F0010005904FF47F
:101280000070009002200190012002900320039042
:101290000720049069462046FFF766FA2015009063
:1012A00069462046FFF760FA06B010BD0010014005
:1012B0004438024000000240FEE7000070B5224CB6
:1012C0000021A089401E83B26089401E82B2084678
:1012D00000F0C0FCA4F6580001680B684FF6BF721E
:1012E00013400B6001680B6843F400630B600168F6
:1012F0000B6843F040030B60144BD1079961002148
:1013000007E006686568F5600568AE68B607FCD555
:10131000491C6589A68975438D42F2D801688C689D
:101320002406FCD44FF400449C610B6813400B600E
:1013300001680A684FF2FF731A400A60006801688A
:1013400041F04001016070BD2C0900200000024006
:101350002DE9F05F0023203A02F0FF0B284A824675
:1013600089464FF000401C4619469061DFF894E032
:10137000254EDEF8000026E00768DFF890C00BFB82
:101380000272BCF80070BCF804C09D5C0022BFB2C1
:101390001FFA8CFC5FEAC57802D026F8147001E0D1
:1013A00026F814C0641C491CB0F804806D0889B28A
:1013B000A4B2884501D1002103E0521C92B2082A50
:1013C000E8D35B1C9BB202899A42D5D8C288A9F1A6
:1013D000010111448BB28188AAF10100084482B254
:1013E00074464946504600F035FC20688188C08824
:1013F000BDE8F05F414389B2034801F0D3BA000071
:1014000000000240780000202C0100202C09002060
:101410002DE9F05FDFF8D08083468A46D8F80400D3
:10142000002317780589066819465C1C05FB04FC37
:1014300016F80CC0BC4508D104FB056492F801C045
:101440006478644501D1994604E09B1C44899BB2B1
:101450009C42EAD800221346C646244E27E007687D
:10146000DFF88CC009FB0474BCF80070BCF804C041
:101470001D5D0024BFB21FFA8CFC00BF5FEAC57877
:1014800002D026F8127001E026F812C0521C491C46
:10149000B0F804806D0889B292B2884501D100216C
:1014A00003E0641CA4B2082CE8D35B1C9BB2048943
:1014B0009C42D4D8C288AAF1010111448BB2818820
:1014C000ABF10100084482B274465146584600F020
:1014D000C1FB60688188C088BDE8F05F414389B284
:1014E000024801F05FBA0000780000202C010020C3
:1014F0002C09002030B50546094887B00C46007A13
:101500008DED000B50B107A102A801F0FBFC02AA6F
:101510002146284600F02CF807B030BD03A1F3E7C0
:101520002C090020252A2E2A6C66000025302A2E40
:101530002A6C66007FB51E46094B05460C46187A94
:101540001346324648B107A1684601F0DBFC6A4603
:101550002146284600F00CF87FBD03A1F4E7000007
:101560002C090020252A640025302E2A6400000062
:101570002DE9F0411546884604460A4F0A4E08E018
:1015800041462046FFF7E4FE38686D1C8088204401
:1015900084B27089A04202D92A78002AF0D1BDE82D
:1015A000F0810000780000202C0900202DE9F04196
:1015B00014460F4605460E4E15E07F2A09D83946D7
:1015C0002846FFF7C5FE3068641C8088284485B231
:1015D00009E0224639462846FFF71AFF7068A41C26
:1015E0008088284485B22278002AE6D1BDE8F081BF
:1015F000780000202DE9F84F814655420026022050
:101600001E4F884600EB4504A9EB05003A6808EB3D
:10161000060A00901FFA8AF180B200F04BFA09EB3B
:10162000050B1FFA8AF11FFA8BF03A6800F042FAB4
:10163000A8EB060A1FFA8AF11FFA8BF03A6800F04D
:1016400039FA00981FFA8AF13A6880B200F032FA4B
:101650002046B44208DC761C00EB4604641CF542CC
:1016600002D1A84200DC0020A84203DD6D1C04EB7F
:101670004504641C002DC7DDBDE8F88F2C0900204F
:101680002DE9F05F00EE102A80465742F8EEC00ABE
:1016900000EE103A022000EB4704B8EEC00A002525
:1016A0006C480E462DED028B9A4267DD80EE808AF3
:1016B0004FEA000900EE105AA8EB070BD9F80020FA
:1016C000B8EEC00AC0EE080ABCEEE00A10EE100A3E
:1016D000304481B21FFA8BF000F0ECF900EE105AA2
:1016E00008EB070AD9F80020B8EEC00AC0EE080AD5
:1016F000BCEEE00A10EE100A304481B21FFA8AF004
:1017000000F0D8F900EE105AD9F80020B8EEC00A5F
:10171000C0EE080ABCEEE00A10EE100A301A81B2E0
:101720001FFA8AF000F0C6F900EE105AD9F800202E
:10173000B8EEC00AC0EE080ABCEEE00A10EE100ACD
:10174000301A81B21FFA8BF000F0B4F92046AC4297
:1017500008DC6D1C00EB4504641CEF4202D1B8426A
:1017600000DC0020B84203DD7F1C04EB4704641C4E
:10177000002F9FDDBDEC028BBDE8F09F80EE208A3C
:101780005F420025814600BF00EE105A06EB070AB3
:101790001FFA8AF1B8EEC00AD9F80020C0EE080A94
:1017A000BCEEE00A10EE100AA8EB000080B200F0D8
:1017B00081F900EE105A1FFA8AF1D9F80020B8EE2C
:1017C000C00AC0EE080ABCEEE00A10EE100A40445F
:1017D00080B200F06FF900EE105AA6EB070A1FFA6C
:1017E0008AF1B8EEC00AD9F80020C0EE080ABCEEB3
:1017F000E00A10EE100A404480B200F05BF900EEFF
:10180000105A1FFA8AF1D9F80020B8EEC00AC0EECB
:10181000080ABCEEE00A10EE100AA8EB000080B245
:1018200000F048F92046AC4209DC6D1C05EB45018F
:101830000C18641CEF4202D1B84200DC0020B84210
:1018400004DD7F1C07EB47000444641C002F9BDD74
:1018500090E700002C0900202DE9FF4F83B00746D8
:10186000064604989B464FF480610090B1FBFBF064
:10187000DDF840901446019038194FF0000A401EE0
:10188000554602906EE00020F4EE000A27E000BF0B
:10189000374B99F80020A3F5006EB3F800C09B8881
:1018A00000211FFA8CFC9BB25FEAC27802D02EF8AE
:1018B00015C001E02EF81530761CB6B26D1C52082A
:1018C000A6EB0708ADB2A04501D13E4603E0491C96
:1018D00089B20829E8D3401C09F1010980B200EE61
:1018E000104AB8EE400A20EE201A00EE100AB8EEB8
:1018F000400AB4EEC01AF1EE10FAC9DC0198604358
:10190000A84216D1DDE9000100EB0108A8F10100B1
:1019100083B20298002582B23846009900F09AF905
:101920000198604381B2134801F03CF81FFA88F037
:1019300000900AF10108D84512D1049902988A440E
:1019400082B21FFA8AF33846009900F083F90099B1
:10195000AAEB0100401C604381B2064801F022F866
:101960001FFA88FADA458ED307B0BDE8F08F000081
:101970002C0900202C0100202DE9FE4F0027141A0D
:10198000002C00DC841A0FFA84F85C1A002C00DCAE
:10199000CC1A0FFA84FC06B20DB24FF0FF3482422B
:1019A00003D301208246019001E0A24601948B42BC
:1019B00003D301208146009001E0A1460094E04558
:1019C0004FF0000008DB8146019008EBD870C34659
:1019D0004410CDF808C026E0824600200090E3467F
:1019E0000CEBDC70CDF808804410D8461BE01048A2
:1019F000A9B20268B0B200F05DF80298204404B2C7
:101A00005C4508DBA4EB0B0004B20198304406B23D
:101A10000098284405B206EB0A0006B205EB09005F
:101A20007F1C05B23FB24745E1DDBDE8FE8F0000F7
:101A30002C09002070B514460C4A0B46A2F500652F
:101A40001288002192B203E025F81120491C89B2C6
:101A5000A142F9D30119491E8AB2194600F0FAF8D9
:101A60002146BDE87040024800F09CBF2C090020D0
:101A70002C01002070B50D4B1446A3F500651B88A2
:101A800000229BB204E000BF25F81230521C92B233
:101A9000A242F9D30A19521E93B2024600F0DAF8B4
:101AA0002146BDE87040024800F07CBF2C090020B0
:101AB0002C01002010B50B46024600F0CBF8094C73
:101AC0004FF00040A0610848008880B200F0CCFFD1
:101AD0000648006881680906FCD44FF40040A06104
:101AE00010BD0000000002402C090020D40000209E
:101AF0002DE9F0411C4616460D460746FFF79AFFB2
:101B00002819401E81B232463846FFF793FF22461D
:101B100029463846FFF7AEFFB81922462946BDE8E8
:101B2000F041401E80B2FFF7A5BF2DE9F84F8B466C
:101B3000032190460746A1EB4806002415464FF6C0
:101B4000FF7931E08DB1ABEB050081B2009009EA7D
:101B50004502381B924680B2FFF78CFF0098524630
:101B600081B2381980B2FFF785FF8CB1ABEB04006E
:101B700081B2009009EA4402781B924680B2FFF7D6
:101B800079FF0098524681B2781980B2FFF772FF50
:101B9000002E03DA06EB8406B61D04E0601B06EB9C
:101BA00080066D1E0A36641CAC42CBD942465946AB
:101BB0003846BDE8F84FFFF71DBD00002DE9F041A4
:101BC0001D4614464A19521E93B20219521E92B271
:101BD00000F040F81D4801680B684FF6BF721340D3
:101BE0000B6001680B6843F400630B6001680B68CD
:101BF00043F040030B60164BD1079961002100F6BA
:101C000058066C4308E007683568FD600568AF68F2
:101C1000BF07FCD5491C89B28C42F4DC01688C6892
:101C20002406FCD44FF400449C610B6813400B6005
:101C300001680A684FF2FF731A400A600068016881
:101C400041F040010160BDE8F0810000D4000020B7
:101C5000000002402DE9F047194D80464FF000404A
:101C6000994616460F46A8612A2000F0D9FE154C69
:101C7000A17B01EB080080B200F0F6FEA07B3044AF
:101C800080B200F0F1FE2B2000F0CAFEE07B384469
:101C900080B200F0E9FEE17B01EB090080B200F0C8
:101CA000E3FE2C2000F0BCFEA4F65800006881681A
:101CB0000906FCD44FF40040A861BDE8F08700009D
:101CC000000002402C090020014908607047000014
:101CD000780000204FF478414FF4FC6201EA1021B3
:101CE00002EA5012C0F3C4001143014301484160AD
:101CF000704700002C0900204FF478414FF4FC623B
:101D000001EA102102EA5012C0F3C400114301435A
:101D100001480160704700002C0900202DE9F041C6
:101D20001E4CDFF87C804FF000426072C8F818202B
:101D300000254FF4A076F02730B1022809D0012801
:101D40000CD0032815D01EE0362000F069FE70206C
:101D500008E0362000F064FE00200EE0362000F09F
:101D60005FFEA02000F090FEA573E5736681A78159
:101D700009E0362000F054FEC02000F085FEA57377
:101D8000E5736781A6810748006881680906FCD46D
:101D90004FF40041C8F81810BDE8F0812C0900206C
:101DA00000000240D40000200C49486080881428BC
:101DB0000FD005DC0C280AD0102807D1084804E011
:101DC000182808D0202801D1064808607047064826
:101DD000FBE70648F9E70648F7E70000780000202F
:101DE000600000203C0000206C0000205400002017
:101DF0004800002001490872704700002C090020AB
:101E00002DE9F05F00242548FFF7CEFF0020FFF703
:101E100073FFDFF89090DFF888B0214D214E224FFC
:101E2000DFF88880DFF888A009F17F090BF17F0BCC
:101E3000082C0AD2DFE804F004062426282A2C2ED7
:101E4000284600E03046FFF745FFFFF737FA19A2B2
:101E500046210D20FFF7AAFB1AA26A210D20FFF7E9
:101E6000A5FB1DA28E210D20FFF7A0FB4FF47A7079
:101E7000FEF768FC641CE4B2082CD9D3BDE8F09FDF
:101E80003846E0E74046DEE74846DCE75046DAE71A
:101E90005846D8E76FF07F40D5E7000024000020C7
:101EA0008080FF0080FF8000FF80800080FFFF00B7
:101EB000A3A3A30053544D333220CBA2C6C1B2E238
:101EC000CAD40000C6C1C4BBB7D6B1E6C2CA3A3252
:101ED00034302A3332300000BFD8D6C6C6F73A5362
:101EE000543737383900000070B50020FFF7F2FE94
:101EF000FFF7E4F97948FFF757FF6FF07F40FFF7EE
:101F0000FBFE002176A20846FFF750FB00244FF4A9
:101F10007F0500BFA5EB0440FFF7EEFE0A22142167
:101F20002046FFF7A7FD641CA4B2F02CF2D30024D6
:101F30004FF47F45A5EB0420FFF7DEFE0A222321A4
:101F40002046FFF797FD641CA4B2F02CF2D30024C6
:101F5000C4F1FF00FFF7D0FE0A2232212046FFF72E
:101F600089FD641CA4B2F02CF2D346245F48FFF72D
:101F7000C3FE0A235A224B219620FFF71FFE5CA2C4
:101F800021460020FFF7F4FA5C48FFF7B5FE0A236C
:101F90005A225F219620FFF711FE59A25A210020F4
:101FA000FFF7E6FA5A48FFF7A7FE0A235A227321E1
:101FB0009620FFF703FE57A26E210020FFF7D8FA04
:101FC0005848FFF799FE0A235A2287219620FFF7E7
:101FD000F5FD55A282210020FFF7CAFA47487F3855
:101FE000FFF78AFE9B210A235A229620FFF7E6FD7F
:101FF000962150A20020FFF7BBFA5148FFF77CFE64
:10200000AF210A235A229620FFF7D8FDAA214DA21C
:102010000020FFF7ADFA48F28000FFF76DFEC32104
:102020000A235A229620FFF7C9FDBE2148A20020AC
:10203000FFF79EFA4FF08010FFF75EFED7210A23CC
:102040005A229620FFF7BAFDD22144A20020FFF7C2
:102050008FFA3B48FF38FFF74FFEEB210A235A2245
:102060009620FFF7ABFDE62140A20020FFF780FAA3
:102070004148FFF741FEFF210A235A229620FFF72D
:102080009DFDFA213DA20020FFF772FA4FF40000F7
:10209000FFF732FE40F213110A235A229620FFF76F
:1020A0008DFD4FF4877138A20020FFF761FA4FF4DD
:1020B0000040FFF721FE40F227110A235A22962002
:1020C000FFF77CFD4FF4917132A20020FFF750FA28
:1020D000BDE870404FF4FA60FEF734BB18000020F2
:1020E000524742C8FDBBF9C9AB3A0000FFFF800070
:1020F0004C494748545F4359414E0000FF80FF0060
:102100004C494748545F4D4147454E5441000000FB
:1021100080FFFF004C494748545F59454C4C4F578E
:1021200000000000A3A3A3004C494748545F475256
:10213000455900004C494748545F5245440000004F
:10214000FF8080004C494748545F424C5545000091
:102150004441524B5F4359414E0000004441524BB1
:102160005F4D4147454E5441000000004441524BF1
:102170005F59454C4C4F5700404040004441524B42
:102180005F475245590000004441524B5F5245445D
:10219000000000004441524B5F475245454E00004D
:1021A0002DE9F8432B4E2C4F2C4DDFF8B480002442
:1021B0004FF47A790020FFF78DFDFFF77FF829486B
:1021C000FFF7F2FD3046FFF797FD34B1012C09D03F
:1021D000022C34D0032C0DD136E00220FFF79EFDF7
:1021E00021A203E00020FFF799FD22A21421084656
:1021F000FFF7DCF93846FFF77FFD53231A465021DD
:1022000013200095FFF728FB1D48FFF7CDFD404642
:10221000FFF772FD1BA25A218220FFF7C7F9822126
:102220001AA20846FFF7C2F90220FFF777FD4846D9
:10223000FEF788FA641C042CBCDBBDE8F88303209D
:10224000FFF76CFD13A2D1E70120FFF767FD16A28F
:10225000CCE70000FBF9DFFF8DE5F6FF56A0000894
:10226000A8D39DFF24000020446972656374696FE0
:102270006E5F5600446972656374696F6E5F4800F3
:1022800030000020B7B4BFCD00000000BFC6BCBC0A
:1022900000000000446972656374696F6E5F565F89
:1022A000466C697000000000446972656374696F70
:1022B0006E5F485F466C69700000000010B500203A
:1022C000FFF708FDFEF7FAFF6FF07F40FFF714FD00
:1022D00000214FF4A073F0220846FFF709FC4FF4E9
:1022E0007F00FFF709FD1E2232218C20FFF71DFC25
:1022F0004FF47F40FFF700FD1E223221AA20FFF796
:1023000014FCFF20FFF7F8FC1E223221C820FFF743
:102310000CFC3848FFF7F0FC1A21402371220846D4
:10232000FFF72AFB51236A2216212320FFF724FB03
:1023300064235D2214212D20FFF71EFB6C23452210
:1023400010213420FFF718FB6C232C2210213E2093
:10235000FFF712FB2848FFF7CFFC1E22AA217820A6
:10236000FFF748F91422AA217820FFF743F9234800
:10237000FFF7C2FC28235A22AA217820FFF780F910
:1023800028234622AA217820FFF77AF91B487F30BC
:10239000FFF7B2FC32236422AA217820FFF770F9FC
:1023A0003C236E22AA217820FFF76AF94FF400003F
:1023B000FFF7A2FC32231A46FA211846FFF7FEFB6C
:1023C0008020FFF799FC32231A46FA216420FFF798
:1023D000F5FB09487F38FFF78FFC32231A46FA21B4
:1023E0009620FFF7EBFBBDE810404FF4FA60FEF7D4
:1023F000A9B9000000FFFF00FFFF80008080FF0000
:1024000008B50020FFF766FCFEF758FF1848FFF7F5
:1024100073FC1848532300901A4637211320FFF706
:102420001BFA1548FFF768FC1448532300901A461E
:1024300037218D20FFF710FA1148FFF75DFC114896
:10244000532300901A46AF211320FFF705FA0E48D8
:10245000FFF752FC0D48532300901A46AF218D2000
:10246000FFF7FAF9BDE808404FF4FA60FEF76AB9E1
:102470008DE5F6FF56A00008FBF9DFFFE7A3000893
:10248000A8D39DFF78A700085387FFFF09AB00087A
:1024900070B50020FFF71EFCFEF710FF6FF07F44C1
:1024A0002046FFF729FC5648FFF70EFC002155A2F5
:1024B0000846FFF75DF85748FFF706FC56A22021B3
:1024C0000020FFF755F85A48FFF7FEFB59A23821C4
:1024D0000020FFF74DF85E48FFF7F6FB5DA24C21A8
:1024E0000020FFF745F86348FFF7EEFB62A25C218E
:1024F0000020FFF73DF82012FFF7FEFB5D48FFF7D5
:10250000E3FB68A268210020FFF732F85048FFF78C
:10251000DBFB6FA274210020FFF72AF84448FFF785
:10252000D3FB73A284210020FFF722F83948FFF77C
:10253000CBFB76A298210020FFF71AF83048FFF76E
:10254000C3FB78A2B0210020FFF712F87948FFF70B
:102550002BFC7948FFF7D0FB78A2D8210020FFF7A9
:1025600025F84FF4FA652846FEF7ECF8FEF7A6FECC
:102570007548FFF719FC7548FFF7BEFB74A20A21E6
:102580000E20FFF713F87648FFF70EFC7548FFF7AB
:10259000B3FB75A21E210E20FFF708F87648FFF75F
:1025A00003FC7648FFF7A8FB75A23C210E20FEF73E
:1025B000FDFF6048FFF7F8FB7548FFF79DFB75A22C
:1025C0005A210E20FEF7F2FF7648FFF7EDFB764822
:1025D000FFF792FB75A282210E20FEF7E7FF554818
:1025E000FFF7E2FB2046FFF787FB74A2B4210E2021
:1025F000FEF7DCFF2846BDE87040FEF7A3B80000F8
:102600003C0000202123242728292A2B2C2D2E3082
:1026100031323300480000202123242728292A2B87
:102620002C2D2E303132333435363738000000004F
:10263000540000202123242728292A2B2C2D2E303A
:102640003132333435363738393A3B3C00000000FC
:10265000600000202123242728292A2B2C2D2E300E
:102660003132333435363738393A3B3C3D3E3F40E2
:10267000414200006C0000202123242728292A2B16
:102680002C2D2E303132333435363738393A3B3C05
:102690003D3E3F404142434445464748494A4B4CF2
:1026A000000000002123262728292A2B2C2D2E303C
:1026B0003132333435363738393A3B3C3D3E3F4092
:1026C0004142434445464748494A4B4C00000000BC
:1026D0002123262728292A2B2C2D2E303132333442
:1026E00035363738393A3B3C3D3E3F4041420000A9
:1026F0002123262728292A2B2C2D2E303132333422
:1027000035363738393A3B3C000000002123262774
:1027100028292A2B2C2D2E303132333435363738B8
:10272000000000002123262728292A2B2C2D2E30BB
:10273000313233002400002000FFFF0041534349A1
:1027400049D7D6B7FBBCAF0000000020D1C68A0035
:10275000313231323AB7B4BFCDBFC6BCBC00000085
:102760000C000020A5E1C500313631363AB7B4BFC0
:10277000CDBFC6BCBC0000001800002049B5FF005A
:10278000323032303AB7B4BFCDBFC6BCBC00000057
:102790005D58FF00323432343AB7B4BFCDBFC6BC47
:1027A000BC00000030000020B9B6FF0033323332E5
:1027B0003AB7B4BFCDBFC6BCBC000000D6D0CEC4B3
:1027C000CFD4CABE000000002DE9F05F4FF0000832
:1027D0002DED088B464647469FED599B9FED5A8B42
:1027E0004046FFF777FAFEF769FD5948FFF7DCFA34
:1027F0005848FFF781FA58A20A210020FEF7D6FEBA
:1028000057A228210020FEF7D1FEDFF85C91484650
:10281000FFF772FA55A250210020FEF7C7FE56A21C
:102820006E210020FEF7C2FEDFF854A15046FFF7EC
:1028300063FA54A296210020FEF7B8FE53A2B421F9
:102840000020FEF7B3FE0024CB469FED52AB9FED78
:1028500053BB4048FFF750FA0120FFF7CBFA04EBD7
:10286000840006EB400204230A215020FEF762FE9A
:10287000604200EB800007EB400204232821502037
:10288000FEF758FE5846FFF737FA0120FFF7B2FA75
:10289000C4EB041000EB800508EB4502082350212F
:1028A0008220FEF747FE0020FFF7A4FA06EB450260
:1028B00008236E218220FEF73DFE5046FFF71CFAEA
:1028C0000120FFF797FA2046FDF7D8FD894649EC2D
:1028D000100B054653EC1A2B51EC100BFDF75CFD69
:1028E00053EC192BFDF7B1FC41EC100B032306222E
:1028F00096216420FEF7FEFD49EC105B53EC1B2B88
:1029000051EC100BFDF748FD53EC182BFDF79DFC27
:1029100041EC100B04230B22B4216420FEF7EAFDE6
:102920000F20FDF70FFF641CA4B2642C91D3BDEC03
:10293000088B40F6C410BDE8F05FFDF703BF000050
:102940004AD8124DFB2109404ED1915C7E4893C07C
:1029500024000020FFFF8000D5FDCAFD3A000000E2
:10296000B8BACAFD3A00000080FFFF00CCEEB3E425
:10297000BFD5B8F13A000000CCEEB3E4303A000025
:102980008080FF00D5FDD0A1CAFD3A00B8BAD0A121
:10299000CAFD3A009A9999999999B93F7B14AE4723
:1029A000E17A843FF0B51C4A13681D684FF6BF7486
:1029B00025401D6013681D6845F400651D6013689F
:1029C0001D6845F040051D60144DE307AB61002311
:1029D00009E000BF176830F81360FE601668B7683A
:1029E000BF07FCD55B1C8B42F4D3106881680906D5
:1029F000FCD44FF40041A9610168214001601068D6
:102A000001684FF2FF73194001601068016841F0DE
:102A100040010160F0BD0000D40000200000024031
:102A20002DE9F0410E4C0746206881680906FCD468
:102A30000C4E4FF40055002229463046FDF78CFF1E
:102A40002068C760226890688007FCD590680006FF
:102A5000FCD429463046BDE8F0410122FDF77CBF99
:102A6000D4000020000C02400649020A0B68DA601C
:102A70000A6893689B07FCD5D0600868816889075D
:102A8000FCD57047D400002003490A68D06008686C
:102A900081688907FCD57047D400002030B587B025
:102AA00014216846FDF7C6FB0D480024016841F07B
:102AB0000401016000680B4D00F0040005902246FF
:102AC00001212846FDF748FF01210091CDE90114BD
:102AD000694628460394FDF747FE07B030BD000065
:102AE000303802400008024010B5124C10484FF434
:102AF000007120604FF4827060604FF40040A0606D
:102B00000020E0602061C4E90501E06120626062AC
:102B1000A062E0622046FEF757FA2068016841F0A3
:102B2000400101602068016841F48041016010BDEE
:102B3000003C0040D4000020FEE7FEE770470000A4
:102B400010B5FFF7D1FF0A20FDF7FCFD6D4C4FF0EB
:102B50000040A0613620FFF763FF0020FFF794FFDD
:102B60003A20FFF75DFF0520FFF78EFFB220FFF749
:102B700057FF0C20FFF788FF0C20FFF785FF002090
:102B8000FFF782FF3320FFF77FFF3320FFF77CFF43
:102B9000B720FFF745FF3520FFF776FFBB20FFF793
:102BA0003FFF1920FFF770FFC020FFF739FF2C20EF
:102BB000FFF76AFFC220FFF733FF0120FFF764FF32
:102BC000C320FFF72DFF1220FFF75EFFC420FFF7A1
:102BD00027FF2020FFF758FFC620FFF721FF0F2017
:102BE000FFF752FFD020FFF71BFFA420FFF74CFF99
:102BF000A120FFF749FFE020FFF712FFD020FFF7E9
:102C000043FF0420FFF740FF0D20FFF73DFF112099
:102C1000FFF73AFF1320FFF737FF2B20FFF734FFB2
:102C20003F20FFF731FF5420FFF72EFF4C20FFF726
:102C30002BFF1820FFF728FF0D20FFF725FF0B20A3
:102C4000FFF722FF1F20FFF71FFF2320FFF71CFFC6
:102C5000E120FFF7E5FED020FFF716FF0420FFF785
:102C600013FF0C20FFF710FF1120FFF70DFF1320BB
:102C7000FFF70AFF2C20FFF707FF3F20FFF704FFB5
:102C80004420FFF701FF5120FFF7FEFE2F20FFF742
:102C9000FBFE1F20FFF7F8FE1F20FFF7F5FE2020A8
:102CA000FFF7F2FE2320FFF7EFFE2120FFF7B8FE2B
:102CB0001120FFF7B5FE7820FDF744FD2920FFF72E
:102CC000AFFE1148006881680906FCD44FF400404B
:102CD000A0610220FFF722F80020FEF7FBFF6FF053
:102CE0007F40FFF709F8FEF7E9FA09490748012292
:102CF0000860084900200872BDE81040110306482A
:102D0000FDF72ABE00000240D40000204800002049
:102D1000780000202C090020000C02407047FDF7CD
:102D200027BE000030B593B030216846FDF782FA27
:102D300014210CA8FDF77EFA1E480025016841F019
:102D400080510160006800F0805011901A480168BD
:102D500041F4804101600068022400F48040119039
:102D600001200090000401908001CDE90640082078
:102D700008904FF4A870CDE9090404200B90684630
:102D8000FDF76CFF08B172B6FEE70CA90F2081E8D1
:102D900031004FF4A0500F904FF480501090052157
:102DA0000CA8FDF771FE002801D072B6FEE713B043
:102DB00030BD000040380240007000400248016809
:102DC00041F470010160704788ED00E070B5044681
:102DD00000680169E26821F44051114301612169F1
:102DE000A068E26908436169114308432168CA6821
:102DF00049F20C639A430243CA6020684169A269A0
:102E000021F440711143416131492068884202D068
:102E10003049884202D1FDF7E1FE01E0FDF7CEFE28
:102E2000E2690023192164253226B2F5004F626859
:102E300028D0A0FB0101930F9200FDF7C3F90146D2
:102E4000B0FBF5F06FF01802504301EB800006EB89
:102E50000010B0FBF5F000F0F002B1FBF5F002EB72
:102E60000012B1FBF5F06FF01803584301EB80003E
:102E700006EB0010B0FBF5F000F00F0021681044E5
:102E8000886070BDA0FB010192185B41FDF79AF9C3
:102E90000146B0FBF5F00201B1FBF5F06FF018034D
:102EA000584301EB800006EBC000B0FBF5F000F0EA
:102EB000F80002EB4002B1FBF5F0584301EB800053
:102EC00006EBC000B0FBF5F000F00700D6E700000D
:102ED00000100140001401400848074901604FF408
:102EE000E1314160002181600822C160C0E9041223
:102EF0008161C161FEF76AB90010014090000020B5
:102F0000FEE700000FB4084B10B504A902AA03980D
:102F100000F0EEF8044602A9002000F06CFC204608
:102F200010BC5DF814FB0000F73700080907090E14
:102F3000002804DB00F1E02080F80014704700F066
:102F40000F0000F1E02080F8141D704702E008C86F
:102F5000121F08C1002AFAD170477047002001E013
:102F600001C1121F002AFBD1704700002DE9FF5F4D
:102F700082B00021DDE90430020DDDF840B00343EA
:102F800018D044F61050A2F2FF32424315141198A3
:102F900001281FD0A5EB0B00401C5FEA000A4FF090
:102FA00000064E4FDFF83891B046504615D5CAF1AD
:102FB000000413E0119801244AA3012801D16FEA0B
:102FC0000B010298119AC0E90031C0E9024206B033
:102FD000BDE8F09FCBF10000DFE704460021404A46
:102FE000491842EB0450CDE9001012E0E00707D089
:102FF00032463B4640464946FDF7CEF98046894673
:1030000032463B4610461946FDF7C6F906460F46BE
:103010006410002CEAD1DDE90401DDE90023BAF1F6
:10302000000F06DAFDF7B8F942464B46FDF7B4F952
:1030300005E0FDF7D4FA42464B46FDF7D0FA0446C8
:103040000E460022284BFDF751FB03D84FF0FF300E
:10305000014607E00022254B20463146FDF7F5F8F2
:10306000FDF72CFB102409E0002C0ADB0A220023C8
:10307000FDF7A8F8039B30321A55641E50EA01028E
:10308000F2D1641C039AC4F111031444119A012A69
:1030900003D0012208430DD10AE0084304D00020E8
:1030A0004FF0110B119072E7A3EB0B056D1E0DE0B5
:1030B0005B4504DD4FF0000205F1010504E003DA91
:1030C0004FF00002A5F10105002AECD002981199F9
:1030D000C0E90231C0E9004579E700000000144072
:1030E0000000F03F300000000000F0430000E03F2F
:1030F0002DE9FF4F95B09A46884606460025EEE139
:10310000252877D100242746F94A0121039400E0BD
:10311000044316F8013F203B01FA03F01042F7D1B7
:1031200030782A2811D06FF02F033078A0F13002C8
:10313000092A16D8039A44F0020402EB820203EB38
:1031400042021044761C0390EFE758F8042B0392D8
:10315000002A03DA504244F40054039044F002047D
:10316000761C30782E2816D116F8010F44F004048E
:103170002A280DD06FF02F023078A0F13003092BF0
:1031800009D807EB870302EB4303C718761CF3E764
:1031900058F8047B761C30786C280FD006DC4C285D
:1031A00017D068280DD06A2814D104E0742810D0F4
:1031B0007A280FD10DE044F400140AE044F480149E
:1031C00001E044F440147278824202D104F5801484
:1031D000761C761C307866280BD013DC582877D004
:1031E00009DC002875D04528F6D04628F4D04728B9
:1031F0001AD193E118E0632835D0642879D0652886
:1032000012D18BE1702873D008DC6728F1D06928CF
:103210006FD06E280DD06F2806D1ACE073282CD06B
:10322000752874D0782853D05246179990476D1C52
:1032300054E1C4F30250022809D003280DD0D8F875
:10324000001004280DD00D6008F1040846E1D8F8FC
:103250000010EA17C1E90052F6E7D8F800100D8017
:10326000F2E70D70F0E718F8041B8DF8001000204D
:103270008DF80100EB46012003E058F804BB4FF045
:10328000FF3061074FF0000102D40DE009F10101A8
:103290008946B9420FDA8145F8DB1BF8091000298D
:1032A000F4D108E009F1010189468142FADB1BF8FB
:1032B00009100029F6D103985346A0EB09072146CF
:1032C0003846179A00F080FA284400EB090507E019
:1032D00044E008E10DE01BF8010B524617999047B6
:1032E000B9F10109F7D2534621463846179AF2E060
:1032F00039E00A21C4F302524FF0000B0091022A78
:1033000006D058F8040BC117032A09D00AE023E0BD
:1033100008F1070020F00702F2E80201904605E0FC
:1033200000B2C117042A01D140B2C117002906DA40
:103330000A460021404261EB02012D2202E02205F3
:1033400004D52B228DF80420012203E0E20701D0EE
:103350002022F7E7914657E00A2100E010214FF0C4
:10336000000B00910BE010214FF0000B44F004041F
:103370000827009103E008204FF0000B0090C4F3F1
:103380000252022A05D058F8040B0021032A08D063
:1033900008E008F1070020F00702F2E80201904679
:1033A00003E080B2042A00D1C0B24FF00009220726
:1033B0002AD53278702A07D0DDF800C08CF0100CC6
:1033C0005CEA0B0C05D00EE040228DF804200122AF
:1033D00008E050EA010306D030238DF804308DF860
:1033E000052002229146009B83F0080353EA0B0359
:1033F0000AD150EA010201D1620705D530228DF8C9
:1034000004204FF001097F1E3278582A04D039A2D7
:103410000C920CAA02920BE03BA2F9E75B46009AE1
:10342000FCF7D0FE0C9B9B5C029A521E029213701A
:1034300050EA0102F2D1029804A9081A00F1200B07
:10344000600702D524F4803400E001275F4502DDE7
:10345000A7EB0B0000E0002000EB0B0100900398AD
:103460004944401A0390E00306D453462146179A74
:10347000039800F0A9F90544002706E001A8524688
:10348000C05D179990476D1C7F1C4F45F6DBE0032C
:103490000CD553462146179A039800F095F9054438
:1034A00004E030205246179990476D1C0099481E41
:1034B00000900029F5DC08E0029802995246007855
:1034C000491C0291179990476D1CBBF10001ABF1AB
:1034D000010BF1DC5BE100F065F90544761C307806
:1034E00000287FF40DAE19B02846BDE8F08F00002B
:1034F00009280100303132333435363738396162CA
:10350000636465660000000030313233343536378D
:10351000383941424344454600000000600700D46A
:10352000062708F1070020F00700F0E80223804694
:1035300003F0004C5FEA0C0001D097A009E02005E1
:1035400001D596A005E0E00701D095A001E0AFF21B
:103550004C001390307823F0004365280CD006DC33
:10356000452809D046281DD047287FD13BE0662852
:1035700018D067287AD136E00021112F01DB112005
:1035800000E0781CCDE9000104A90CA8FFF7EEFCCF
:10359000DDE90D010C9A4FF0000B07F101091092C3
:1035A00000914EE04FF000400097CDE9011004A9D2
:1035B0000CA8FFF7DBFCDDE90D020C9B0F994FF027
:1035C000000B91461093009211B9791C00EB010990
:1035D000B7EB090003D4C0F1FF3B07F10109A9EBE8
:1035E0000700019042E0012F00DA01270021112F8E
:1035F00001DD112000E03846CDE9000104A90CA846
:10360000FFF7B4FCDDE90D010C9A00914FF0000BBF
:10361000B946109221070FD4009A4A4503DA914621
:1036200001E0A9F10109B9F1010F05DD109AA9F135
:103630000101515C3029F4D0B84202DA10F1040FD4
:1036400003DA0121CDE9011010E0002803DC8344F6
:10365000A9EB000102E0411C494500DD8946A0EBD1
:103660000B00401C01904FF000400290200705D451
:103670000198484502DB4FF0FF30019000208DF8A3
:103680004B0002980DF14B07B0F1004F25D00220FE
:103690000C902B200D90029800280CDA40420290EA
:1036A0002D200D9007E00A210298FCF7F4FE30313E
:1036B000029007F8011D0C99481E0C900029F2DCBD
:1036C00002980028EFD1791E0D980870307800F02C
:1036D000200040F0450007F8020D11A8C01BC01DD6
:1036E00002901398007800B1012000EB09010198C5
:1036F00001EBE071029801440398401A401E0390C8
:10370000E00306D453462146179A039800F05CF86C
:1037100005441398007818B15246179990476D1CCC
:10372000E00323D553462146179A039800F04CF83E
:1037300005441BE0BBF1000F07DB0098584504DD92
:103740001098179910F80B0001E017993020524695
:10375000904701980BF1010B401E05F10105019006
:1037600004D12E205246179990476D1CB9F10001E3
:10377000A9F10109DEDC05E017F8010B52461799A3
:1037800090476D1C0299481E02900029F4DC5346B4
:103790002146179A03989EE62D0000002B0000009A
:1037A000200000002DE9F041044600251E46174682
:1037B000880404D405E039462020B0476D1C641EFF
:1037C000F9D52846BDE8F0812DE9F04104460025F1
:1037D0001E469046C80301D5302700E02027880404
:1037E00004D505E041463846B0476D1C641EF9D546
:1037F0002846BDE8F0810A68531C0B6010707047C2
:10380000FDF7BEF8FFF78EFAFFF748F9FFF764FB04
:10381000FFF796F9FEF7F4FAFEF73AFEFEF7D4FF4B
:10382000FEF762FBFEF74AFDFEF7EAFDFEF7B8FC85
:10383000F0E7000000000000FC070400FC03140295
:10384000A40166009E0700000000B7B4000000005D
:103850000000000000000000000000000000000068
:103860000000000000006000FE07FA031601FF0FD1
:10387000FC030402FC0300000000BFCD00000000B8
:103880000000000000000000000000000000000038
:1038900000000000000000017F0184013F014C0195
:1038A000F6070501040100000000BFC6000000008B
:1038B0000000000000000000000000000000000008
:1038C00000000000000000008400FF078400FC03EB
:1038D0002703C400370700000000BCBC0000000044
:1038E00000000000000000000000000000000000D8
:1038F00000000000000000000000000000000000C8
:1039000000000000000000000000000000000000B7
:1039100000000000000000000000000000000000A7
:103920000000000000000000000000000000000097
:103930000000000000000000000000000000000087
:103940000000000000000000000000000000000077
:103950000000000000000000000000000000000067
:103960000000000000000000000000000000000057
:103970000000000000000000000000000000000047
:103980000000000000000000000000000000000037
:103990000000000000000000000000000000000027
:1039A0000000000000000000000000000000000017
:1039B0000000000000000000000000000000000007
:1039C00000000000000000000000000000000000F7
:1039D00000000000000000000000000000000000E7
:1039E00000000000000000000000000000000000D7
:1039F00000000000000000000000000000000000C7
:103A000000000000000000000000000000000000B6
:103A100000000000000000000000FC1F0400FC0F7C
:103A2000140824046402860162071D3800000000A7
:103A30000000B7B40000000000000000000000001B
:103A40000000000000000000000000000000000076
:103A500000000000000000000000C000FE1FF20790
:103A60001802E6011F3EF8070804F80700000000EE
:103A70000000BFCD000000000000000000000000BA
:103A80000000000000000000000000000000000036
:103A9000000000000000000000000008BE09080B44
:103AA000FE089809EC3F0A08080808080000000012
:103AB0000000BFC600000000000000000000000081
:103AC00000000000000000000000000000000000F6
:103AD000000000000000000000000402FF3F04029C
:103AE000E41F4C10870804078407773800000000A3
:103AF0000000BCBC0000000000000000000000004E
:103B000000000000000000000000000000000000B5
:103B100000000000000000000000000000000000A5
:103B20000000000000000000000000000000000095
:103B30000000000000000000000000000000000085
:103B40000000000000000000000000000000000075
:103B50000000000000000000000000000000000065
:103B60000000000000000000000000000000000055
:103B70000000000000000000000000000000000045
:103B80000000000000000000000000000000000035
:103B90000000000000000000000000000000000025
:103BA0000000000000000000000000000000000015
:103BB0000000000000000000000000000000000005
:103BC00000000000000000000000000000000000F5
:103BD00000000000000000000000000000000000E5
:103BE00000000000000000000000000000000000D5
:103BF00000000000000000000000000000000000C5
:103C000000000000000000000000000000000000B4
:103C100000000000000000000000000000000000A4
:103C20000000000000000000000000000000000094
:103C30000000000000000000000000000000000084
:103C40000000000000000000000000000000000074
:103C50000000000000000000000000000000000064
:103C60000000000000000000000000000000000054
:103C70000000000000000000000000000000000044
:103C80000000000000000000000000000000000034
:103C90000000000000000000000000000000000024
:103CA0000000E003F81F00080000080000F8FF0112
:103CB00048800188C000086100083600041C0084A8
:103CC000E300720007000000000000000000B7B42D
:103CD00000000000000000000000000000000000E4
:103CE00000000000000000000000000000000000D4
:103CF00000000000000000000000000000000000C4
:103D000000000000000000000000000000000000B3
:103D1000000000000000000000000100000300FEA1
:103D2000FF01620001F87F007E3000800F007FF00D
:103D300003F87F00084000F87F0008400000000002
:103D4000000000000000BFCD0000000000000000E7
:103D50000000000000000000000000000000000063
:103D60000000000000000000000000000000000053
:103D70000000000000000000000000000000000043
:103D80000000000000000000000000000000000033
:103D900000E040001E4600104C00105800FE43009A
:103DA000104600784C00DC400014F003924F0010E5
:103DB0004000104000000000000000000000BFC6EE
:103DC00000000000000000000000000000000000F3
:103DD00000000000000000000000000000000000E3
:103DE00000000000000000000000000000000000D3
:103DF00000000000000000000000000000000000C3
:103E0000000000000000000000081000081000FF83
:103E1000FF03081000081000E8FF011C02010B86D8
:103E200000086C00081800086F00EF800300000015
:103E3000000000000000BCBC00000000000000000A
:103E40000000000000000000000000000000000072
:103E50000000000000000000000000000000000062
:103E60000000000000000000000000000000000052
:103E70000000000000000000000000000000000042
:103E800000FCFF0300000000000000000000000034
:103E9000F8FF01000000000000000000000000002A
:103EA0000000FEFF07000000000000000000C8FD49
:103EB00020000000000000000000000000000000E2
:103EC00000000000000000000000000000000000F2
:103ED00000000000000000000000000000000000E2
:103EE00000000000000000000000000000000000D2
:103EF000000000000000000000102000FEFF011084
:103F00002000F03F00102000F03F00102000FFFFD5
:103F100003102100FCFF00030103FEFF010000006D
:103F2000000000000000BBF92000000000000000BD
:103F30000000000000000000000000000000000081
:103F40000000000000000000000000000000000071
:103F50000000000000000000000000000000000061
:103F60000000000000000000000000000000000051
:103F700000400000F01F00181800040C00FFFF00B4
:103F8000048200048200FCFF00048000040000049E
:103F90000002F8FF01000000000000000000C9ABB3
:103FA00020000000000000000000000000000000F1
:103FB0000000000000000000000000000000000001
:103FC00000000000000000000000000000000000F1
:103FD00000000000000000000000000000000000E1
:103FE00000000000000000000000000000000000D1
:103FF00000000000000000000000000000000000C1
:1040000000000000000000000000000000000000B0
:1040100000000000000000000000000000000000A0
:104020000000000000000000000000000000000090
:104030000000000000000000000000000000000080
:104040000000000000000000000000000000000070
:104050000000000000000000000000000000000060
:104060000000000000000000000000000000000050
:104070000000000000000000000000000000000040
:104080000000000000000000000000000000000030
:104090000000000000000000000000000000000020
:1040A0000000000000000000000000000000000010
:1040B0000000000000000000000000000000000000
:1040C00000000000000000000000000000000000F0
:1040D00000000000000000000000000000000000E0
:1040E00000000000000000000000000000000000D0
:1040F00000000000000000000000000000000000C0
:1041000000000000000000000000000000000000AF
:10411000000000000000000000000000000000009F
:10412000000000000000000000000000000000008F
:10413000000000000000000000000000000000007F
:10414000000000000000000000000000000000006F
:104150007FF8FF00180000180000180000F8FF3F6B
:1041600098013098031818030818060C180C060854
:1041700018030CF0000CF001061C0786033C7300CA
:10418000E0000000000000000000B7B400000000E4
:10419000000000000000000000000000000000001F
:1041A000000000000000000000000000000000000F
:1041B00000000000000000000000000000000000FF
:1041C00000000000000000000000000000000000EF
:1041D00000000000000000000000000000000010CF
:1041E00000007000FCFFFF0C07C08C03C0C0FF1F65
:1041F000F0030E1C8E03007800C0C7073F00F8E0F4
:10420000FF1F600018600018600018E0FF1F6000CA
:1042100018000000000000000000BFCD00000000FA
:10422000000000000000000000000000000000008E
:10423000000000000000000000000000000000007E
:10424000000000000000000000000000000000006E
:10425000000000000000000000000000000000005E
:10426000000000000000000000000000000000004E
:10427000188007187E301860601860801960001B75
:10428000FE0718601818F0711870C3186806186CCB
:1042900000FF66FE186200186000186000186000D9
:1042A00018000000000000000000BFC60000000071
:1042B00000000000000000000000000000000000FE
:1042C00000000000000000000000000000000000EE
:1042D00000000000000000000000000000000000DE
:1042E00000000000000000000000000000000000CE
:1042F000000000000000000000000000000030008E
:104300000330000330000330FCFFFF0103300003E3
:1043100030000330FE7FF019603F38303030183005
:10432000600C30C00630800330E00E3038781F0754
:10433000C0000000000000000000BCBC0000000045
:10434000000000000000000000000000000000006D
:10435000000000000000000000000000000000005D
:10436000000000000000000000000000000000004D
:10437000000000000000000000000000000000003D
:10438000000000000000000000000000000000002D
:10439000C0F8FFC018C0CC18C0CCF8FFCC18C0CCF7
:1043A000180CCC180CCCD8FFCCD8CCCCD8CCCCD8D2
:1043B000CCCCCCCCC0CCCCC004FCC0060C7E000065
:1043C00000000000000000000000CBA22000000060
:1043D00000000000000000000000000000000000DD
:1043E00000000000000000000000000000000000CD
:1043F00000000000000000000000000000000000BD
:1044000000000000000000000000000000000000AC
:10441000000000000000000000000000000000009C
:1044200000F8FF7F180060180060F8FF7F1806662C
:10443000180C06180803D8FF7F180C06180C06F88D
:10444000FFFF0C0C060C0C0604060606030603010F
:1044500006000000000000000000C6C120000000AF
:10446000000000000000000000000000000000004C
:10447000000000000000000000000000000000003C
:10448000000000000000000000000000000000002C
:10449000000000000000000000000000000000001C
:1044A000000000000000000000000000000002000A
:1044B000C084FFCC9CC1CC88C1CC80D9CC83D9CC62
:1044C0008ED9CC98D9CC80D9CC80D9CC88D9CC986D
:1044D000CDCC0C0CCC0C36C00C63C0C6C1C07480F3
:1044E0007D000000000000000000B2E2200000009B
:1044F00000000000000000000000000000000000BC
:1045000000000000000000000000000000000000AB
:10451000000000000000000000000000000000009B
:10452000000000000000000000000000000000008B
:104530000000000000000000000000000000020079
:104540001B0C007318004338000380FFFF000003BA
:104550001F000318000398FF031818021818069884
:104560001806D8188678188C38F88D9C0F98080093
:10457000F0000000000000000000CAD4200000008D
:10458000000000000000000000000000000000002B
:10459000000000000000000000000000000000001B
:1045A000000000000000000000000000000000000B
:1045B00000000000000000000000000000000000FB
:1045C0000000000000000000000000000000008368
:1045D00001FEFFFF008301F0FF3F300030F0FF3F9E
:1045E000300030F0FF3F300C30000600FEFFFFC00F
:1045F000300CF8FF7F67309860301860301F003053
:1046000000000000000000000000C4BB200000000B
:10461000000000000000000000000000000000009A
:10462000000000000000000000000000000000008A
:10463000000000000000000000000000000000007A
:10464000000000000000000000000000000000006A
:1046500000000000000000000000000000000063F7
:104660000080C100C0800160000330000618001CFB
:104670000E00700200C0F8FF0F00030E00030E8052
:104680000106800106C0000660000738FC030E002A
:1046900000000000000000000000B7D6200000006D
:1046A000000000000000000000000000000000000A
:1046B00000000000000000000000000000000000FA
:1046C00000000000000000000000000000000000EA
:1046D00000000000000000000000000000000000DA
:1046E000000000000000000000000018600C3060B6
:1046F00018306010FEE1FF00600082EDC1C46C6301
:104700006C6C36FE65FF306618306618306018FE37
:10471000B1FF3030183818181C1C180E0E18020281
:1047200018000000000000000000B1E620000000BA
:104730000000000000000000000000000000000079
:104740000000000000000000000000000000000069
:104750000000000000000000000000000000000059
:104760000000000000000000000000000000000049
:104770000000000000000000000000000000003801
:1047800000007000FFFFFF003800064E608C6338A9
:10479000D03F08001C00202604F8C31CCFFFF10204
:1047A0003041003000FFFFFF0030000030000030DB
:1047B00000000000000000000000C2CA200000004D
:1047C00000000000000000000000000000000000E9
:1047D00000000000000000000000000000000000D9
:1047E00000000000000000000000000000000000C9
:1047F00000000000000000000000000000000000B9
:104800000000000000000000000000308000308048
:104810000130000330FEFFFE06C03086C430401871
:10482000303030301860F00FC03EF87F3000033079
:10483000000330000330000330000330FFFF1E0090
:1048400000000000000000000000BFD820000000B1
:104850000000000000000000000000000000000058
:104860000000000000000000000000000000000048
:104870000000000000000000000000000000000038
:104880000000000000000000000000000000000028
:104890000000000000000000000000000000800197
:1048A000609801608C0163FC3F6386016382016351
:1048B000FFFF63800163800163FC7F638C61638C15
:1048C00061638C61608C61608C3D6080013F0000A1
:1048D00000000000000000000000D6C6200000001C
:1048E00000000000000000000000000000000000C8
:1048F00000000000000000000000000000000000B8
:1049000000000000000000000000000000000000A7
:104910000000000000000000000000000000000097
:104920000000000000000000000000000000000087
:1049300000FCC77F0CC6600CC660FCC77F0CC6605D
:10494000003006FEFFFF006E0000C701F0010F1FE0
:1049500000F8FCC77F0CC6600CC660FCC77F0CC6A5
:1049600060000000000000000000C6F7200000000A
:104970000000000000000000000000000000000037
:104980000000000000000000000000000000000027
:104990000000000000000000000000000000000017
:1049A0000000000000000000000000000000000007
:1049B00000000000000000000000000008000018D7
:1049C00000003000FEFFFF0600C00600C0E0FF0F41
:1049D00000000700800100E000003000FFFFFF0042
:1049E0003000003000003000003000801F00000068
:1049F00000000000000000000000D7D620000000EA
:104A000000000000000000000000000000000000A6
:104A10000000000000000000000000000000000096
:104A20000000000000000000000000000000000086
:104A30000000000000000000000000000000000076
:104A4000000000000000000000000020800130C0D5
:104A500000F8DFFFC8600684710C023908011000FD
:104A600060000C70000CB8FFFF3C000C36040C32E8
:104A70000C0C30180C30100C30000C30000C30E0F6
:104A800007000000000000000000B7FB200000004D
:104A90000000000000000000000000000000000016
:104AA0000000000000000000000000000000000006
:104AB00000000000000000000000000000000000F6
:104AC00000000000000000000000000000000000E6
:104AD0000000000000000000000000000000C030E6
:104AE0000060E000F0FFFF386000F6FFFF33600079
:104AF000F0FFFF306000F0FFFF30000000300000EA
:104B00003000FEFFFF00FE018031077030380F30AB
:104B1000C0000000000000000000BCAF200000004A
:104B20000000000000000000000000000000000085
:104B30000000000000000000000000000000000075
:104B40000000000000000000000000000000000065
:104B50000000000000000000000000000000000055
:104B6000000000000000000000000000000000182D
:104B700000001800001800001800FCFF7F0C1860EF
:104B80000C18600C18600C18600C1860FCFF7F0C8F
:104B90001860001800001800001800001800001825
:104BA00000000000000000000000D6D0200000003F
:104BB00000000000000000000000000000000000F5
:104BC00000000000000000000000000000000000E5
:104BD00000000000000000000000000000000000D5
:104BE00000000000000000000000000000000000C5
:104BF0000000000000000000000000001C00003861
:104C000000006000FFFFFF60000C60000CC00006A9
:104C1000C0000680010300830100C700006C000093
:104C2000380000EE00C0830778003C0600E000007A
:104C300000000000000000000000CEC420000000C2
:104C40000000000000000000000000000000000064
:104C50000000000000000000000000000000000054
:104C60000000000000000000000000000000000044
:104C70000000000000000000000000000000000034
:104C80000000000000000000000000000000000024
:104C900000F8FF3F180030180030F8FF3F180030D0
:104CA000180030F8FF3F18003004C62008C630183E
:104CB000C63830C61820C60800C600FEFFFF000038
:104CC00000000000000000000000CFD42000000021
:104CD00000000000000000000000000000000000D4
:104CE00000000000000000000000000000000000C4
:104CF00000000000000000000000000000000000B4
:104D000000000000000000000000000000000000A3
:104D10000000000000000000000000000000000093
:104D200000FCFF7F00000000000000000000000009
:104D3000FFFFFF00300020300430300C38301818EE
:104D400030300C30600630C0023080003000801FF0
:104D500000000000000000000000CABE20000000AB
:104D60000000000000000000000000000000000043
:104D70000000000000000000000000000000000033
:104D80000000000000000000000000000000000023
:104D90000000000000000000000000000000000013
:104DA0000000000000000000000000000000000003
:104DB00000FEFFFF00300000300000300030300007
:104DC00030300030300030F07F3030003030003094
:104DD0003000303000303000303000FFFFFF000086
:104DE00000000000000000000000D5FD20000000D1
:104DF00000000000000000000000000000000000B3
:104E000000000000000000000000000000000000A2
:104E10000000000000000000000000000000000092
:104E20000000000000000000000000000000000082
:104E3000000000000000000000000000000000036F
:104E400000800100C0FF076000033880010C600093
:104E5000F4FF3F30003030303030303030303030E0
:104E6000303030303030F83000980300070EE00169
:104E7000781E00C0000000000000B8BA200000004A
:104E80000000000000000000000000000000000022
:104E90000000000000000000000000000000000012
:104EA0000000000000000000000000000000000002
:104EB00000000000000000000000000000000000F2
:104EC00000000000000000000000000000000030B2
:104ED0000000300000300000300060300630300C40
:104EE00030301C1830381830300C30600E30E0068E
:104EF00030C0023080003000003000C01F000000D1
:104F000000000000000000000000D0A12000000010
:104F10000000000000000000000000000000000091
:104F20000000000000000000000000000000000081
:104F30000000000000000000000000000000000071
:104F40000000000000000000000000000000000061
:104F50000000000000000000000000000000C00091
:104F600003C60C01C48601C080FFFECF60E0C060B4
:104F7000F8E360CCFE31C39831308031FF0F1B0C59
:104F80000C1B06060E3C070EE0031BE0C3313C760B
:104F9000E0071880000000000000CAFD20000000AB
:104FA0000000000000000000000000000000000001
:104FB00000000000000000000000000000000000F1
:104FC00000000000000000000000000000000000E1
:104FD00000000000000000000000000000000000D1
:104FE0000000000000000000000000000000300091
:104FF0000330000330FEFF300003300003FFFD7F6D
:10500000300C6030FC7F300C6030FC7F300C60B0C6
:10501000FD7F780C6007FFFF00601C001CF0800320
:1050200000000000000000000000CCEE20000000A6
:105030000000000000000000000000000000000070
:105040000000000000000000000000000000000060
:105050000000000000000000000000000000000050
:105060000000000000000000000000000000000040
:105070000000000000000000000000000000000828
:1050800000001800003800FFFFFF000E00808301C1
:10509000C0000770000CFCFF3F00C32000C300806D
:1050A000C10080C1C0E0C0C038C0C007807F000020
:1050B00000000000000000000000B3E42000000039
:1050C00000000000000000000000000000000000E0
:1050D00000000000000000000000000000000000D0
:1050E00000000000000000000000000000000000C0
:1050F00000000000000000000000000000000000B0
:105100000000000000000000000000000000003867
:1051100000007000FEFFFF0600C00686C3C0011E2F
:105120003800700600C0000000F8FF3F00180000C3
:105130001800001800001800001800FEFFFF000013
:1051400000000000000000000000BFD520000000AB
:10515000000000000000000000000000000000004F
:10516000000000000000000000000000000000003F
:10517000000000000000000000000000000000002F
:10518000000000000000000000000000000000001F
:10519000000000000000000000000000000030607F
:1051A0000030300030F07F307870FF5B3830CC0C4E
:1051B000F88007B8C10F3C7A78360EC033F87F31DB
:1051C000186030186030186030186030F87F301880
:1051D00060000000000000000000B8F120000000A6
:1051E00000000000000000000000000000000000BF
:1051F00000000000000000000000000000000000AF
:10520000000000000000000000000000000000009E
:10521000000000000000000000000000000000008E
:10522000000000000000000000000000000000007E
:10523000000000000000000000000000000000006E
:10524000000000000000000000000000000000005E
:10525000000000000000000000000000000000004E
:10526000000000000000000000000000000000003E
:10527000000000000000000000000000000000002E
:10528000000000000000000000000000000000001E
:10529000000000000000000000000000000000000E
:1052A00000000000000000000000000000000000FE
:1052B00000000000000000000000000000000000EE
:1052C00000000000000000000000000000000000DE
:1052D00000000000000000000000000000000000CE
:1052E00000000000000000000000000000000000BE
:1052F00000000000000000000000000000000000AE
:10530000000000000000000000000000000000009D
:10531000000000000000000000000000000000008D
:10532000000000000000000000000000000000007D
:10533000000000000000000000000000000000006D
:10534000000000000000000000000000000000005D
:10535000000000000000000000000000000000004D
:10536000000000000000000000000000000000003D
:10537000000000000000000000000000000000002D
:10538000000000000000000000000000000000001D
:10539000000000000000000000000000000000000D
:1053A00000000000C03FE0FFFF7FE0FF3F00600023
:1053B0000000600000006000000060000000E0FFEE
:1053C000FF3FE0FFFF3F600C0038601C001C6038AE
:1053D000000E6030000E60E0000760C0C103708006
:1053E000E3013000FF0030003C003800FF001CE00B
:1053F000E7031CFE803FCE3F00FC840300C000009A
:1054000000000000000000000000B7B40000000031
:10541000000000000000000000000000000000008C
:10542000000000000000000000000000000000007C
:10543000000000000000000000000000000000006C
:10544000000000000000000000000000000000005C
:10545000000000000000000000000000000000004C
:10546000000000000000000000000000000000003C
:10547000000000000000000000000000000000002C
:10548000000000000000000000000000000000001C
:10549000000000000000000000000000000000808C
:1054A000000000C0030000800300FCFFFF7FFCFF42
:1054B000FF7F0C0800600C0E00600CFFFF6780FF90
:1054C000FF07E00F8003781CE00118F87C0000C0A3
:1054D0000F0000FFFF00FF1FF0FF3E0000FCC0FFB9
:1054E000FF07C0FFFF07C0000006C0000006C000A5
:1054F0000006C0FFFF07C0FFFF07C0000006000056
:1055000000000000000000000000BFCD000000000F
:10551000000000000000000000000000000000008B
:10552000000000000000000000000000000000007B
:10553000000000000000000000000000000000006B
:10554000000000000000000000000000000000005B
:10555000000000000000000000000000000000004B
:10556000000000000000000000000000000000003B
:10557000000000000000000000000000000000002B
:10558000000000000000000000000000000000001B
:10559000000000000000000000000000000000000B
:1055A0000006001F0006FF3F0206FE000606C000C0
:1055B0000C06C0001806C0003006FF1F2006FF1FA3
:1055C0000006C0800006E0800306E0030706F00640
:1055D0000C06F00C0806D8180006DC10F0FFCEF020
:1055E000FFFFC7F01F06C7000006C2000006C0008C
:1055F0000006C0000006C0000006C0000006C00093
:1056000000060000000000000000BFC6000000000F
:10561000000000000000000000000000000000008A
:10562000000000000000000000000000000000007A
:10563000000000000000000000000000000000006A
:10564000000000000000000000000000000000005A
:10565000000000000000000000000000000000004A
:10566000000000000000000000000000000000003A
:10567000000000000000000000000000000000002A
:10568000000000000000000000000000000000001A
:10569000000000000000000000000000000000000A
:1056A00000006000C0006000C0006000C00060F04A
:1056B000FFFFFFF7FFFFFF07C0006000C0006000B2
:1056C000C0006000C00060F6FF7FE0F7FF7FFC8055
:1056D00001607F000330630003186000060C600067
:1056E0000C076000B8036000F0016000F801600082
:1056F000BE0760E00F7E7FFC01F83F3800C000006D
:1057000000000000000000000000BCBC0000000021
:105710000000000000000000000000000000000089
:105720000000000000000000000000000000000079
:105730000000000000000000000000000000000069
:105740000000000000000000000000000000000059
:105750000000000000000000000000000000000049
:105760000000000000000000000000000000000039
:105770000000000000000000000000000000000029
:105780000000000000000000000000000000000019
:105790000000000000000000000000000000000009
:1057A00000000000000000000000000000000000F9
:1057B00000000000000000000000000000000000E9
:1057C00000000000000000000000000000000000D9
:1057D00000000000000000000000000000000000C9
:1057E00000000000000000000000000000000000B9
:1057F00000000000000000000000000000000000A9
:105800000000000000000000000000000000000098
:105810000000000000000000000000000000000088
:105820000000000000000000000000000000000078
:105830000000000000000000000000000000000068
:105840000000000000000000000000000000000058
:105850000000000000000000000000000000000048
:105860000000000000000000000000000000000038
:105870000000000000000000000000000000000028
:105880000000000000000000000000000000000018
:105890000000000000000000000000000000000008
:1058A00000000000000000000000000000000000F8
:1058B00000000000000000000000000000000000E8
:1058C00000000000000000000000000000000000D8
:1058D00000000000000000000000000000000000C8
:1058E00000000000000000000000000000000000B8
:1058F00000000000000000000000000000000000A8
:105900000000000000000000000000000000000097
:105910000000000000000000000000000000000087
:105920000000000000000000000000000000000077
:105930000000000000000000000000000000000067
:105940000000000000000000000000000000000057
:105950000000000000000000000000000000000047
:105960000000000000000000000000000000000037
:105970000000000000000000000000000000000027
:105980000000000000000000000000000000000017
:105990000000000000000000000000000000000007
:1059A00000000000000000000000000000000000F7
:1059B00000000000000000000000000000000000E7
:1059C00000000000000000000000000000000000D7
:1059D00000000000000000000000000000000000C7
:1059E00000000000000000000000000000000000B7
:1059F00000000000000000000000000000000000A7
:105A00000000000000000000000000000000000096
:105A10000000000000000000000000000000000086
:105A20000000000000000000000000000000000076
:105A30000000000000000000000000000000000066
:105A40000000000000000000000000000000000056
:105A50000000000000000000000000000000000046
:105A60000000000000000000000000000000000036
:105A70000000000000000000000000000000000026
:105A80000000000000000000000000000000000016
:105A90000000000000000000000000000000000006
:105AA00000000000000000000000000000000000F6
:105AB00000000000000000000000000000000000E6
:105AC00000000000000000000000000000000000D6
:105AD00000000000000000000000000000000000C6
:105AE00000000000000000000000000000000000B6
:105AF00000000000000000000000000000000000A6
:105B00000000000000000000000000000000000095
:105B10000000000000000000000000000000000085
:105B20000000000000000000000000000000000075
:105B30000000000000000000000000000000000065
:105B40000000000000000000000000000000000055
:105B50000000000000000000000000000000000045
:105B60000000000000000000000000000000000035
:105B70000000000000000000000000000000000025
:105B80000000000000000000000000000000000015
:105B90000000000000000000000000000000000005
:105BA00000000000000000000000000000000000F5
:105BB00000000000000000000000000000000000E5
:105BC00000000000000000000000000000000000D5
:105BD00000000000000000000000000000000000C5
:105BE00000000000000000000000000000000000B5
:105BF00000000000000000000000000000000000A5
:105C00000000000000000000000000000000000094
:105C10000000000000000000000000000000000084
:105C20000000000000000000000000000000000074
:105C30000000000000000000000000000000000064
:105C40000000000000000000000000000000000054
:105C50000000000000000000000000000000000044
:105C60000000000000000000000000000000000034
:105C70000000000000000000000000000000000024
:105C80000000000000000000000000000000000014
:105C90000000000000000000000000000000000004
:105CA00000000000000000000000000000000000F4
:105CB00000000000000000000000000000000000E4
:105CC00000000000000000000000000000000000D4
:105CD00000000000000000000000000000000000C4
:105CE00000000000000000000000000000000000B4
:105CF00000000000000000000000000000000000A4
:105D00000000000000000000000000000000000093
:105D10000000000000000000000000000000000083
:105D20000000000000000000000000000000000073
:105D30000000000000000000000000000000000063
:105D40000000000000000000000000000000000053
:105D50000000000000000000000000000000000043
:105D60000000000000000000000000000000000033
:105D70000000000000000000000000000000000023
:105D80000000000000000000000000000000000013
:105D90000000000000000000000000000000000003
:105DA00000000000000000000000000000000000F3
:105DB00000000000000000000000000000000000E3
:105DC00000000000000000000000000000000000D3
:105DD000000000000000C003C003C003C003C003F4
:105DE000C003800380018001800180018001800167
:105DF000800180010000000000008001C003C0039A
:105E00008001000000000000000000000000C01839
:105E1000E01CE01C700E300618038C0184000000AA
:105E20000000000000000000000000000000000072
:105E30000000000000000000000000000000000062
:105E40000000000000000000000000000000000052
:105E50000000000000002010201020102010201052
:105E6000FE7FFE7FFE7F1008100810081008100843
:105E70001008FE7FFE7FFE7F180C0804080408044B
:105E80000804000000000000000000000000000006
:105E9000000080008000C003B00C90189818981C77
:105EA000981CB800B000F000E000C0038007800F2D
:105EB000800C801C80189C189C188C188C0C9806E0
:105EC000E00380008000800000000000000000006F
:105ED0000000000000001C0836082204630463026E
:105EE00063026302630163012201B61C9C364022F7
:105EF0004063406320632063106310631022083600
:105F0000081C00000000000000000000000000006D
:105F1000000000000000F00098008C018C018C0152
:105F20008C018C00CC005C0038001C3E3C08320820
:105F300073086304E304C3048303834306678C3E4E
:105F4000781C0000000000000000000000001C00A1
:105F50003C003C003000300010000C000600000047
:105F60000000000000000000000000000000000031
:105F70000000000000000000000000000000000021
:105F800000000000000000000000000000000040D1
:105F9000002000100018000C00040006000200039E
:105FA0000003800180018001800180018001800167
:105FB0008001800100030003000200060004000CC1
:105FC0000018001000200040000000000000020047
:105FD0000400080018003000200060004000C000ED
:105FE000C00080018001800180018001800180016A
:105FF00080018001C000C000C000600020003000AF
:10600000180008000400020000000000000000006A
:106010000000000000000000000000038003800377
:106020000C631C713839600D80038003600D3839B2
:106030001C718C618003800380030000000000005D
:106040000000000000000000000000000000000050
:10605000000000000000000000000000000100013E
:1060600000010001000100010001FC7F00010001AE
:10607000000100010001000100010000000000001B
:106080000000000000000000000000000000000010
:106090000000000000000000000000000000000000
:1060A00000000000000000000000000000000000F0
:1060B000000000000000000000001C003C003C004C
:1060C0003000300010000C0006000000000000004E
:1060D00000000000000000000000000000000000C0
:1060E00000000000000000000000FE7F0000000033
:1060F00000000000000000000000000000000000A0
:10610000000000000000000000000000000000008F
:10611000000000000000000000000000000000007F
:10612000000000000000000000000000000000006F
:106130000000000000000000000018003C003C00CF
:106140001800000000000000000000000000000037
:106150000040006000200030001000180008000C13
:106160000004000600020003000180018000C0005E
:1061700040006000200030001000180008000C00F3
:106180000400060002000000000000000000000003
:10619000000000000000C0036004300C181818183C
:1061A00018100C300C300C300C300C300C300C3023
:1061B0000C300C300C30181018181818300C600403
:1061C000C00300000000000000000000000000000C
:1061D00000000000000000018001F8018001800142
:1061E00080018001800180018001800180018001A7
:1061F0008001800180018001800180018001C00355
:10620000F81F000000000000000000000000000077
:10621000000000000000E007101C081804300430E3
:106220000C300C30003000180018000C0006000381
:106230008001C00040002020102008200430FC1FF6
:10624000FC1F000000000000000000000000000033
:10625000000000000000E00318060C0C0C180C18DD
:106260000C1800180018000C0006C003000E0018DF
:106270000010003000300C300C300C100C18180CD2
:10628000E00300000000000000000000000000002B
:10629000000000000000000600060007000780065E
:1062A00080064006200620061006100608060C068A
:1062B00004060206FE3F0006000600060006000671
:1062C000C03F0000000000000000000000000000CF
:1062D000000000000000F03FF03F08000800080048
:1062E000080008000800C807280C1818081000301B
:1062F0000030003000300C300C3004180418180C3A
:10630000E0030000000000000000000000000000AA
:1063100000000000000080076018301810181800F6
:10632000080008000C00CC076C0C1C181C100C306A
:106330000C300C300C300C30183018103018700C39
:10634000C007000000000000000000000000000086
:10635000000000000000F83FF83F08100C08040897
:106360000404000400020002000200010001800099
:10637000800080008000C000C000C000C000C000DD
:10638000C00000000000000000000000000000004D
:10639000000000000000E007300C18180C300C3032
:1063A0000C301C301C107818F004E003180F0C1E81
:1063B0000C1C063806300630063006300C18180C57
:1063C000E0030000000000000000000000000000EA
:1063D000000000000000E00318040C080C18061070
:1063E000063006300630063006300E380C341836CB
:1063F000F03100300018001800080C0C0C060C03DB
:10640000F00100000000000000000000000000009B
:10641000000000000000000000000000000000007C
:10642000000000008001C003C003800100000000E4
:10643000000000000000000000008001C003C00355
:1064400080010000000000000000000000000000CB
:10645000000000000000000000000000000000003C
:10646000000000000000C001C001C00100000000E9
:10647000000000000000000000000000C001C0019A
:10648000C0018001C000C00000000000000000004A
:1064900000000000000000200010000800040002BE
:1064A00000018000400020001000080008001000DB
:1064B00020004000800000010002000400080010DD
:1064C00000200000000000000000000000000000AC
:1064D00000000000000000000000000000000000BC
:1064E00000000000FE7F000000000000000000002F
:1064F000FE7F00000000000000000000000000001F
:10650000000000000000000000000000000000008B
:1065100000000000000004000800100020004000FF
:1065200080000001000200040008001000100008B4
:10653000000400020001800040002000100008005C
:106540000400000000000000000000000000000047
:10655000000000000000C0073018183008600C6010
:106560001C601C601C6000300018000E000300015D
:10657000000100010001000000008001C003C00311
:10658000800100000000000000000000000000008A
:10659000000000000000C0076008301018200C2B1D
:1065A0008C4D844CC64CC64466446644664466467C
:1065B000662666266417CC0C0C400820183030186C
:1065C000C007000000000000000000000000000004
:1065D000000000000000C001C001C001C001200394
:1065E00020032003200330021006100610061004BA
:1065F000F80F080C080C080C0418041804180638C6
:106600001F7C0000000000000000000000000000EF
:10661000000000000000FE07181C18181830183081
:106620001830183018301818180CF80718181830C7
:106630001820186018601860186018601830181852
:10664000FE0F00000000000000000000000000003D
:10665000000000000000C0076038103018600C40D7
:106660000C400C00060006000600060006000600AE
:106670000600060006000C400C40082018103008E8
:10668000C007000000000000000000000000000043
:10669000000000000000FE03180E18181810183033
:1066A000183018601860186018601860186018605A
:1066B00018601860182018301830181818181806A4
:1066C000FE030000000000000000000000000000C9
:1066D000000000000000FE3F18301820184018404D
:1066E0001800180018081808180CF80F180C1808CB
:1066F0001808180018001800184018401820183002
:10670000FE3F00000000000000000000000000004C
:10671000000000000000FE3F183818201840184004
:106720001800180018081808180CF80F180C18088A
:106730001808180818001800180018001800180089
:106740007E000000000000000000000000000000CB
:10675000000000000000C003300C100818180C10D6
:106760000C10040006000600060006000600067E67
:106770000618061804180C180C18081818183004F5
:10678000E003000000000000000000000000000026
:106790000000000000003FFC0C300C300C300C30CE
:1067A0000C300C300C300C300C30FC3F0C300C300A
:1067B0000C300C300C300C300C300C300C300C30F9
:1067C0003FFC00000000000000000000000000008E
:1067D000000000000000F81F80018001800180019E
:1067E00080018001800180018001800180018001A1
:1067F0008001800180018001800180018001800191
:10680000F81F000000000000000000000000000071
:10681000000000000000E07F000600060006000601
:106820000006000600060006000600060006000638
:106830000006000600060006000600060006000628
:1068400000060E060E038E01FC0000000000000092
:106850000000000000007E3E180C18041806180204
:106860001801180198009800D800B801B801180361
:10687000180318061806180C180C180C18181818F5
:106880007E7C00000000000000000000000000000E
:106890000000000000007E0018001800180018001A
:1068A0001800180018001800180018001800180028
:1068B0001800180018001800184018401820183048
:1068C000FE3F00000000000000000000000000008B
:1068D0000000000000000FF01C381C381C381C3869
:1068E0001C34343434343434343234326432643228
:1068F000643264314431C431C431C430C430843072
:106900008FFC0000000000000000000000000000FC
:106910000000000000000FF81C201C203420342050
:1069200064206420C420C4208421842104230423FF
:1069300004260426042C042C0438043804300430C3
:106940001F20000000000000000000000000000008
:10695000000000000000C003300C181808100C30B4
:106960000C30062006600660066006600660066061
:106970000660066004600C300C3008101818300CEB
:10698000C003000000000000000000000000000044
:10699000000000000000FE0F181818301860186082
:1069A000186018601860186018301818F807180078
:1069B0001800180018001800180018001800180017
:1069C0007E00000000000000000000000000000049
:1069D000000000000000C003300C181808100C3034
:1069E0000C300660066006600660066006600660A1
:1069F000066006600660E4211C331C36181E300E4B
:106A0000C007004C003C00380000000000000000FF
:106A1000000000000000FE07181C1818183018307D
:106A20001830183018301818180CF8071803180305
:106A3000180618061806180C180C180C1818181830
:106A40007E78000000000000000000000000000050
:106A5000000000000000F013181E0C1806180610A5
:106A6000061006000E003C00F800E003800F001E38
:106A70000018003802300230063004300C181C0CAC
:106A8000E40700000000000000000000000000001B
:106A9000000000000000FC3F8C21846182418241A3
:106AA00080018001800180018001800180018001DE
:106AB00080018001800180018001800180018001CE
:106AC000E0070000000000000000000000000000DF
:106AD0000000000000003F7C0C100C100C100C108B
:106AE0000C100C100C100C100C100C100C100C10C6
:106AF0000C100C100C100C100C100C101808380492
:106B0000E0030000000000000000000000000000A2
:106B10000000000000003E781830181018101810FF
:106B20003008300830083008300460046004600425
:106B30006002C002C002C002C0018001800180006A
:106B400080000000000000000000000000000000C5
:106B5000000000000000CFF386618621842104211B
:106B60000C238C238C238C138C13881348125816F7
:106B70005816580E380E300E300E300C30041004FB
:106B800010040000000000000000000000000000F1
:106B90000000000000003E7C181018083008300487
:106BA00060046002C002C001800180018001800396
:106BB000400340062006200E100C100C1818083850
:106BC0003E7C00000000000000000000000000000B
:106BD0000000000000007E7C1C101810180830080F
:106BE0003008300460046004C002C002C0018001AB
:106BF000800180018001800180018001800180018D
:106C0000E00700000000000000000000000000009D
:106C1000000000000000F87F383018300C1804180D
:106C2000000C000600060003000380018001C00084
:106C3000C000600060003000184018600C200C3864
:106C4000FE3F000000000000000000000000000007
:106C5000C03FC000C000C000C000C000C000C000F5
:106C6000C000C000C000C000C000C000C000C00024
:106C7000C000C000C000C000C000C000C000C00014
:106C8000C000C000C03F0000000000000000000085
:106C90000000000018001800100030002000600004
:106CA00060004000C00080008001800100010003FE
:106CB000000200060006000C000C000C0018001872
:106CC00000300030003000600000000000000000D4
:106CD000FC030003000300030003000300030003A0
:106CE000000300030003000300030003000300038C
:106CF000000300030003000300030003000300037C
:106D000000030003FC030000000000000000C003BB
:106D1000C007600410080000000000000000000030
:106D20000000000000000000000000000000000063
:106D30000000000000000000000000000000000053
:106D40000000000000000000000000000000000043
:106D50000000000000000000000000000000000033
:106D60000000000000000000000000000000000023
:106D70000000000000000000000000000000000013
:106D80000000000000000000FFFF0000000078008D
:106D9000C000000100000000000000000000000032
:106DA00000000000000000000000000000000000E3
:106DB00000000000000000000000000000000000D3
:106DC00000000000000000000000000000000000C3
:106DD00000000000000000000000000000000000B3
:106DE00000000000E007180C0C180C180C18001C10
:106DF000E01B38180C1806180618061806980C9E82
:106E0000F871000000000000000000000000000019
:106E10000000000010001E001800180018001800E4
:106E2000180018009807581C3818383018301830D7
:106E30001830183018301830183018103818380C2E
:106E4000C807000000000000000000000000000073
:106E50000000000000000000000000000000000032
:106E600000000000C0077008301818180C180C003B
:106E70000C000C000C000C000C201820181030081E
:106E8000C00700000000000000000000000000003B
:106E9000000000000010001E001800180018001864
:106EA00000180018E01B301C181818180C180C18C3
:106EB0000C180C180C180C180C180818181C307A20
:106EC000E0090000000000000000000000000000D9
:106ED00000000000000000000000000000000000B2
:106EE00000000000C003300C101818100C300C30DB
:106EF0000C30FC3F0C000C000C001820181070180F
:106F0000C0070000000000000000000000000000BA
:106F1000000000000000003E80618060C060C00092
:106F2000C000C000FC1FC000C000C000C000C00006
:106F3000C000C000C000C000C000C000C000C00051
:106F4000F80F00000000000000000000000000003A
:106F50000000000000000000000000000000000031
:106F600000000000C077306C101818181818181896
:106F70001018300CF00718001800F803F01F18382C
:106F80000C300C300C301818E00700000000000036
:106F90000000000010001E00180018001800180063
:106FA000180018009807580C3818181818181818CE
:106FB0001818181818181818181818181818181851
:106FC0007E7E0000000000000000000000000000C5
:106FD0000000000000008001C003800100000000EC
:106FE00000000001F8018001800180018001800122
:106FF0008001800180018001800180018001800189
:10700000F81F000000000000000000000000000069
:10701000000000000000001C001E000C000000002A
:1070200000000008C00F000C000C000C000C000C4D
:10703000000C000C000C000C000C000C000C000CF0
:10704000000C000C18061802F001000000000000FF
:107050000000000010001E001800180018001800A2
:1070600018001800183E180C18041802180198018E
:10707000D801780338031806180C180C181818389B
:107080007E7C000000000000000000000000000006
:10709000000000000001F8018001800180018001F2
:1070A00080018001800180018001800180018001D8
:1070B00080018001800180018001800180018001C8
:1070C000F81F0000000000000000000000000000A9
:1070D00000000000000000000000000000000000B0
:1070E00000000400F73C8E638661866186618661DC
:1070F0008661866186618661866186618661866158
:10710000CFF30000000000000000000000000000BD
:10711000000000000000000000000000000000006F
:107120000000000090075E0C38181818181818187E
:1071300018181818181818181818181818181818CF
:107140007E7E000000000000000000000000000043
:10715000000000000000000000000000000000002F
:1071600000000000C003300C1018181808300C3054
:107170000C300C300C300C300C3018181818300C47
:10718000C00300000000000000000000000000003C
:1071900000000000000000000000000000000000EF
:1071A0000000000090075E0C3818181018301830D6
:1071B0001830183018301830183018183818780C63
:1071C00098071800180018007E000000000000005A
:1071D00000000000000000000000000000000000AF
:1071E00000000000C013301E181C18180C180C18D2
:1071F0000C180C180C180C180C180818181C301E39
:10720000E019001800180018007E000000000000BF
:10721000000000000000000000000000000000006E
:107220000000000060387E666061E001E000600000
:10723000600060006000600060006000600060004E
:10724000FE07000000000000000000000000000039
:10725000000000000000000000000000000000002E
:1072600000000000C027603830303020302070002F
:10727000E003800F001E003808300830183038183E
:10728000C80F000000000000000000000000000027
:10729000000000000000000000008000800080006E
:1072A000C000E000FC1FC000C000C000C000C00063
:1072B000C000C000C000C000C000C020C0208011BD
:1072C000000F0000000000000000000000000000AF
:1072D00000000000000000000000000000000000AE
:1072E000000010101E1E1818181818181818181852
:1072F000181818181818181818181818181C307A90
:10730000E009000000000000000000000000000094
:10731000000000000000000000000000000000006D
:10732000000000003E7C1830181018183008300893
:10733000200460046004C002C002C0038001800118
:1073400080000000000000000000000000000000BD
:10735000000000000000000000000000000000002D
:1073600000000000DFF3866184218C218C218C13C6
:10737000881358135812580E700E300E300C30040B
:1073800020040000000000000000000000000000D9
:1073900000000000000000000000000000000000ED
:1073A000000000007C3E300870086004C002C0028B
:1073B00080018001800340062006200C1018181858
:1073C0003E7E000000000000000000000000000001
:1073D00000000000000000000000000000000000AD
:1073E000000000003E7C181818081008300820041F
:1073F000600460044002C0028002800180018000BD
:107400008000800040007C003C0000000000000084
:10741000000000000000000000000000000000006C
:1074200000000000FC1F0C1C0C0C040604070003E9
:107430008001C001C00060007020302018300C189E
:10744000FC1F0000000000000000000000000030F1
:107450000008000400040004000400040004000408
:107460000004000400040004000380010002000482
:1074700000040004000400040004000400040004EC
:1074800000040004000800300000000100010001B9
:1074900000010001000100010001000100010001E4
:1074A00000010001000100010001000100010001D4
:1074B00000010001000100010001000100010001C4
:1074C000000100010001000100010000000018009F
:1074D00020004000400040004000400040004000CC
:1074E0004000400040004000800100038000400058
:1074F000400040004000400040004000400040008C
:107500004000400020001800000000007800C40087
:10751000824102410027001C000000000000000022
:10752000000000000000000000000000000000005B
:10753000000000000000000000000000000000004B
:10754000000000000000000000000000000000003B
:10755000000000000000000000000000000000002B
:10756000000000000000000000000000000000001B
:10757000000000000000000000000000000000000B
:10758000000060006000600060006000600060005B
:1075900040002000200020000000000000006000EB
:1075A00060006000000000000000000000006006B5
:1075B00060063003980188004400000000000000CD
:1075C00000000000000000000000000000000000BB
:1075D00000000000000000000000000000000000AB
:1075E00000001002100210021002FE07FE0708023F
:1075F0000801080108010801FE07FE070401040153
:107600000401040100000000000000000000000070
:1076100040004000F00158034C03CC034C005800DC
:107620007000E000C001C00140034C035C034C0348
:107630004801F00040004000000000000000000091
:1076400000000E010A0191009100910051005100CB
:107650003A00AE03A0025004500448044804480411
:10766000840284030000000000000000000000000D
:10767000000038006C006C006C006C006C002C008A
:1076800098071C011A01330133016301E300C308A9
:10769000C6093C07000000000000000000000C00CC
:1076A0001C00100010000800040000000000000092
:1076B00000000000000000000000000000000000CA
:1076C00000000000000000000000000000000004B6
:1076D00000020001800080004000400020002000E7
:1076E00020002000200020002000400040008000FA
:1076F0008000000100020004000000000000020001
:10770000040008001000100020002000400040008D
:1077100040004000400040004000200020001000D9
:10772000100008000400020000000000000000003B
:107730000000000000004000C0004000460C4E0F5A
:10774000D001F0015E0F460C4000400040000000F8
:107750000000000000000000000000000000000029
:107760000000000000000000400040004000400019
:107770004000FE0F4000400040004000400000007C
:1077800000000000000000000000000000000000F9
:1077900000000000000000000000000000000000E9
:1077A00000000000000000000000000000000C00CD
:1077B0001C00100010000800040000000000000081
:1077C00000000000000000000000000000000000B9
:1077D0000000FE07000000000000000000000000A4
:1077E0000000000000000000000000000000000099
:1077F0000000000000000000000000000000000089
:1078000000000000000000000000000000001C005C
:107810001C001C000000000000000000000000042C
:10782000000600020003000100018000800040000B
:107830004000600020002000100010000800080038
:107840000C00040006000200000000000000000020
:1078500000000000F00098010C030C030606060669
:107860000606060606060606060606060C030C03B2
:107870009801F0000000000000000000000000007F
:107880000000000040007C006000600060006000BC
:1078900060006000600060006000600060006000E8
:1078A0006000FC0300000000000000000000000079
:1078B00000000000F8008401020306030603000331
:1078C00000018001C00060002000100008020402D6
:1078D0000602FE030000000000000000000000009F
:1078E000000000007800C60086018601800180014A
:1078F000C0007000800100010003000306030603BE
:107900008601F800000000000000000000000000F8
:107910000000000080018001C001A001A0019001D1
:107920008801880184018201FE0F800180018001AD
:107930008001E007000000000000000000000000DF
:1079400000000000FC030400040004000400040024
:10795000F4008C0104030003000306030603820104
:107960008401F8000000000000000000000000009A
:1079700000000000E00118030C030C0004000600E6
:10798000E60116030E0606060606060604060C02A7
:107990001803F000000000000000000000000000DC
:1079A00000000000F8070C060402040100010001B9
:1079B00080008000400040004000600060006000E7
:1079C00060006000000000000000000000000000F7
:1079D00000000000F8010C030606060606060C026D
:1079E0001C03F000C8010C03060606060606060680
:1079F0000C03F00100000000000000000000000087
:107A000000000000F0000C010C030602060606064A
:107A1000060606078C0678060006000300030C0124
:107A20008C01780000000000000000000000000051
:107A30000000000000000000000000000000E00066
:107A4000E000E00000000000000000000000E00096
:107A5000E000E00000000000000000000000000066
:107A600000000000000000000000000000006000B6
:107A700060000000000000000000000000000000A6
:107A800060006000400020002000000000000000B6
:107A900000000004000200018000400020001000EF
:107AA00008000400080010002000400080000001D1
:107AB00000020004000000000000000000000000C0
:107AC0000000000000000000000000000000FE07B1
:107AD000000000000000FE070000000000000000A1
:107AE0000000000000000000000000000000000096
:107AF0000000040008001000200040008000000189
:107B0000000200040002000180004000200010007C
:107B10000800040000000000000000000000000059
:107B200000000000E0031806040C040C0C0C0C0C04
:107B30000007800140004000400000000000E0001D
:107B4000E000E00000000000000000000000000075
:107B50000000E00018030C02CC0564056605A605CC
:107B6000B604B604B604B604B602E4010C040C0272
:107B70001803F000000000000000000000000000FA
:107B800000000000600060005000D00090009000F5
:107B9000880088010801F8010403040304020202BA
:107BA00002060F0F000000000000000000000000AF
:107BB00000000000FE008C030C030C030C030C03FC
:107BC0008C01FC000C030C020C060C060C060C06C7
:107BD0000C03FE0100000000000000000000000097
:107BE00000000000E00318030C060C040404060067
:107BF0000600060006000600060006040C040C023F
:107C00001803F00000000000000000000000000069
:107C1000000000007F008C010C030C030C060C0616
:107C20000C060C060C060C060C060C060C030C03CA
:107C30008C017F0000000000000000000000000038
:107C400000000000FF030603060406040600860089
:107C50008600FE00860086008600060006040604F4
:107C60000602FF030000000000000000000000000A
:107C700000000000FF030603060406040600860059
:107C80008600FE00860086008600060006000600CC
:107C900006001F00000000000000000000000000BF
:107CA00000000000F00018010C020C0204020600A3
:107CB000060006000600C60F060306030C030C03AD
:107CC0001803F000000000000000000000000000A9
:107CD000000000000F0F060606060606060606064A
:107CE0000606FE070606060606060606060606063B
:107CF00006060F0F0000000000000000000000005A
:107D000000000000FC036000600060006000600094
:107D10006000600060006000600060006000600063
:107D20006000FC03000000000000000000000000F4
:107D300000000000F807C000C000C000C000C00084
:107D4000C000C000C000C000C000C000C000C00033
:107D5000C000C000C60066003C000000000000003B
:107D600000000000CF038601C60046002600160072
:107D700036002E006E004600C60086008601060111
:107D800006038F0700000000000000000000000054
:107D9000000000001F0006000600060006000600A6
:107DA000060006000600060006000600060406049B
:107DB0000602FF03000000000000000000000000B9
:107DC000000000000707860386038E038E034E0320
:107DD0004E034A035A035A033A033203320332036F
:107DE00012038707000000000000000000000000F0
:107DF000000000008E0F0C021C021C023402340230
:107E0000640264024402C4028402840384030403FF
:107E100004031F020000000000000000000000003A
:107E200000000000F00098010C030C020606060694
:107E30000606060606060606060606060C020C03DD
:107E40009801F000000000000000000000000000A9
:107E500000000000FF0006030606060606060606EA
:107E600006068603FE000600060006000600060061
:107E700006001F00000000000000000000000000DD
:107E800000000000F00098010C030C020606060634
:107E90000606060606060606060676064C02CC030D
:107EA0009801F000800700030000000000000000BF
:107EB00000000000FF010603060606060606060689
:107EC0000603FE004600C600860086010603060380
:107ED00006060F0E00000000000000000000000079
:107EE00000000000F8020C030602060206000E0065
:107EF0003C00F800E00380030007020602060606C5
:107F00000C03F00100000000000000000000000071
:107F100000000000FE076204610861086000600064
:107F20006000600060006000600060006000600051
:107F30006000F801000000000000000000000000E8
:107F4000000000001E070C020C020C020C020C02C6
:107F50000C020C020C020C020C020C020C020C02B1
:107F60001801F00000000000000000000000000008
:107F7000000000000F070602040104010C010C01BF
:107F80008800880098009800500050007000300071
:107F900020002000000000000000000000000000A1
:107FA00000000000F70E6204420446044604640226
:107FB0006402E402E4029C029C0198019801880199
:107FC00088008800000000000000000000000000A1
:107FD000000000009E070C01080118019000B0008D
:107FE0006000200060006000D0009000880108015F
:107FF00004038E07000000000000000000000000E5
:10800000000000000F0F060404020C020801180112
:10801000B800B000700060006000600060006000A8
:108020006000F801000000000000000000000000F7
:1080300000000000FC070C02060302018001800022
:1080400040004000200020001000180008040C042C
:108050000402FE0300000000000000000000E00336
:108060002000200020002000200020002000200010
:108070002000200020002000200020002000200000
:10808000200020002000E0030000000000000000AD
:108090000000040004000800080010001000100098
:1080A0002000200040004000C0008000800000014F
:1080B00000010002000200020004000000007C0039
:1080C00040004000400040004000400040004000B0
:1080D00040004000400040004000400040004000A0
:1080E0004000400040007C00000000006000900064
:1080F0000801000000000000000000000000000077
:10810000000000000000000000000000000000006F
:10811000000000000000000000000000000000005F
:10812000000000000000000000000000000000004F
:10813000000000000000000000000000000000003F
:108140000000000000000000FF0F00000000180009
:1081500060000000000000000000000000000000BF
:10816000000000000000000000000000000000000F
:1081700000000000000000000000000000000000FF
:108180000000000000000000000000000000F001FE
:108190000C030C030003E0031C030E030603060399
:1081A0008E0B7C0E000000000000000000000000AC
:1081B000000008000E000C000C000C000C00CC01AC
:1081C0003C031C060C060C060C060C060C060C02E6
:1081D0001C03E4010000000000000000000000009B
:1081E0000000000000000000000000000000F0009F
:1081F0008C018C01860106000600060006020C02B6
:108200000C01F00000000000000000000000000071
:1082100000000002C0030003000300030003780312
:108220008C030C030603060306030603060304037C
:108230008C07780100000000000000000000000032
:108240000000000000000000000000000000E0014D
:10825000180308020C060C06FC070C000C0018049E
:108260001802E00100000000000000000000000013
:1082700000000000C0036006300630003000FE0140
:10828000300030003000300030003000300030006E
:108290003000FC01000000000000000000000000B1
:1082A0000000000000000000000000000000F007D7
:1082B000D8068C018C018C019801F8000C00FC00A0
:1082C000CC03060306038E03F80000000000000044
:1082D000000008000E000C000C000C000C00EC016B
:1082E0001C030C030C030C030C030C030C030C0306
:1082F0000C039E07000000000000000000000000CA
:1083000000000000600060000000000040007C00F1
:10831000600060006000600060006000600060005D
:108320006000FC03000000000000000000000000EE
:1083300000000000C001C001000000000001F001C9
:108340008001800180018001800180018001800125
:10835000800180018001CC007C0000000000000052
:10836000000008000E000C000C000C000C008C0338
:108370008C008C004C006C005C008C008C010C01AB
:108380000C039E0700000000000000000000000039
:10839000000040007C006000600060006000600041
:1083A00060006000600060006000600060006000CD
:1083B0006000FC030000000000000000000000005E
:1083C000000000000000000000000000000037076F
:1083D000EE066606660666066606660666066606B5
:1083E0006606FF0F00000000000000000000000013
:1083F0000000000000000000000000000000EE018E
:108400001C030C030C030C030C030C030C030C03E4
:108410000C039E07000000000000000000000000A8
:108420000000000000000000000000000000F0005C
:1084300098010C03060606060606060606060C0349
:108440000C03F0000000000000000000000000002D
:108450000000000000000000000000000000EE012D
:108460001C030C060C060C060C060C060C060C0372
:108470001C03EC010C000C003E000000000000009A
:108480000000000000000000000000000000780272
:108490008C030C030603060306030603060304030A
:1084A0008C03780300030003C007000000000000F5
:1084B00000000000000000000000000000009F031A
:1084C0005806380618001800180018001800180080
:1084D0001800FF0000000000000000000000000085
:1084E0000000000000000000000000000000F00399
:1084F0001C030C020C023800F000C0030403040348
:108500008C03FC01000000000000000000000000DF
:108510000000000000002000200030003000FE01BC
:1085200030003000300030003000300030003002C9
:108530003002E00100000000000000000000000028
:1085400000000000000000000000000008028E0390
:108550000C030C030C030C030C030C030C030C03A3
:108560009C077801000000000000000000000000EF
:1085700000000000000000000000000000001E07D6
:108580000C020801080118019000B000B000600062
:10859000600020000000000000000000000000005B
:1085A0000000000000000000000000000000F70EC6
:1085B0006204460464026402EC029C019801980182
:1085C000980108000000000000000000000000000A
:1085D0000000000000000000000000000000BC07D8
:1085E00018011001B00060006000E0009000080178
:1085F00008039E07000000000000000000000000CB
:1086000000000000000000000000000000009E07C5
:1086100008010801080190009000B00060006000AF
:1086200060002000200024001C000000000000006A
:108630000000000000000000000000000000FC013D
:108640008401C400440060002000300018020802C9
:108650000C03FC010000000000000000000000030B
:10866000800080008000800080008000800080000A
:1086700040002000400080008000800080008000DA
:1086800080008000800000030000400040004000A7
:1086900040004000400040004000400040004000DA
:1086A00040004000400040004000400040004000CA
:1086B00040004000400040004000000000000C006E
:1086C000100010001000100010001000100010002A
:1086D00020004000200010001000100010001000CA
:1086E0001000100010000C00000000001C0022040C
:1086F000C204800300000000000000000000000031
:108700000000000000000000000000000000000069
:108710000000000000000000000000000000000059
:108720000000000000000000000000000000000049
:108730000000000000000000000000000000000039
:108740000000000000000000300030003000300069
:108750003000200020002000200020000000000049
:10876000300030000000000000000000D800D800F9
:108770006C00240012000000000000000000000057
:1087800000000000000000000000000000000000E9
:10879000000000000000000000008400840084004D
:1087A000FF0184008400C60042004200FF01420035
:1087B0004200420000000000000000000000000035
:1087C0002000F80024012401A401280030006000EA
:1087D000A00020012C0124012401F8002000200029
:1087E0000000000000000000000086004900490071
:1087F000290029001900D600280128012801240198
:108800002401C20000000000000000000000000081
:1088100000000C00120012001200EA0046004600A0
:1088200025002900390011003201CC0000000000B1
:108830000000000006000600040002000100000025
:108840000000000000000000000000000000000028
:108850000000000000000000000000000001800097
:108860004000200020002000100010001000100028
:1088700010001000200020002000400080000001B7
:1088800000000000010002000400080008000800C9
:108890001000100010001000100010000800080068
:1088A00008000400020001000000000000000000B9
:1088B00000000000200020002603AE0370007000BE
:1088C000AE0326032000200000000000000000008E
:1088D0000000000000000000000000001000100078
:1088E00010001000FF011000100010001000000028
:1088F0000000000000000000000000000000000078
:108900000000000000000000000000000000000067
:108910000000000000000000060006000400020045
:108920000100000000000000000000000000000046
:1089300000000000FE030000000000000000000036
:108940000000000000000000000000000000000027
:108950000000000000000000000000000000000017
:1089600000000000000000000600060000000000FB
:108970000000000000020001000180008000C00033
:1089800040006000200030001000180008000800BF
:1089900004000400020000000000000000000000CD
:1089A000000078008400840002010201020102013B
:1089B000020102010201840084007800000000002E
:1089C0000000000000000000000010001C0010006B
:1089D0001000100010001000100010001000100017
:1089E00010007C00000000000000000000000000FB
:1089F00000007C00820002010201020180004000B0
:108A000020001000080004010201FE010000000027
:108A1000000000000000000000003C004200820056
:108A2000820040007000800000010001020102018C
:108A300082007C0000000000000000000000000038
:108A400040004000600050004800480044004200E0
:108A50004200FE01400040004000F0010000000024
:108A600000000000000000000000FC010400040001
:108A70000400040074008C000001000102010201E6
:108A800082007C00000000000000000000000000E8
:108A90000000F00008010401040002007A008600D2
:108AA00002010201020104018400780000000000BC
:108AB00000000000000000000000FE0182004200F3
:108AC0004000200010001000080008000800080006
:108AD0000800080000000000000000000000000086
:108AE0000000780084000201020102018400780085
:108AF00084000201020102018400780000000000ED
:108B000000000000000000000000780084008200E7
:108B1000020102010201840178010001800082004B
:108B200042003C00000000000000000000000000C7
:108B300000000000000000003000300000000000D5
:108B400000000000000000003000300000000000C5
:108B50000000000000000000000000000000000015
:108B600000001000000000000000000000000000F5
:108B700000001000100010001000000000000000B5
:108B800080004000200010000800040002000400E3
:108B900008001000200040008000000000000000DD
:108BA00000000000000000000000000000000000C5
:108BB000FF01000000000000FF01000000000000B5
:108BC00000000000000000000000000000000000A5
:108BD0000200040008001000200040008000400057
:108BE0002000100008000400020000000000000047
:108BF000000000000000000078008400020106016F
:108C0000060100018000400020002000200000003C
:108C100030003000000000000000000000000000F4
:108C200000007800C400F201590149014501250105
:108C30002501A500D9000201840078000000000091
:108C400000000000000000000000100010002800DC
:108C5000280028002800440044007C0044008200D2
:108C60008200C701000000000000000000000000BA
:108C700000003F0042004200420022003E0042004D
:108C8000820082008200820042003F00000000005B
:108C900000000000000000000000780184010201D3
:108CA00002010100010001000100010001010201B7
:108CB00086007800000000000000000000000000B6
:108CC00000003F00C2008200020102010201020115
:108CD000020102010201820042003F000000000088
:108CE00000000000000000000000FF008200020100
:108CF000420042007E0042004200020002000201E7
:108D00008200FF00000000000000000000000000E2
:108D10000000FF0082000201420042007E0042008B
:108D200042000200020002000200070000000000F2
:108D30000000000000000000000070018801040134
:108D4000020102000200020082030201020104018A
:108D50000C01F00000000000000000000000000016
:108D60000000C70182008200820082008200FE00B3
:108D700082008200820082008200C70100000000A1
:108D800000000000000000000000FE0010001000C5
:108D90001000100010001000100010001000100053
:108DA0001000FE00000000000000000000000000B5
:108DB0000000FC01200020002000200020002000F6
:108DC00020002000200020002000210011000E00C3
:108DD00000000000000000000000E7014200220047
:108DE000220012001A001600220022004200420057
:108DF0008200C70100000000000000000000000029
:108E0000000007000200020002000200020002004F
:108E100002000200020002018200FF0000000000C8
:108E200000000000000000000000C701C600C600EE
:108E3000C600AA00AA00AA00AA00AA0092009200F6
:108E40009200D701000000000000000000000000B8
:108E50000000C70186008A008A008A009200920002
:108E6000A200A200C200C200C200870000000000F1
:108E7000000000000000000000003800C600820072
:108E80000101010101010101010101010101820052
:108E9000C6003800000000000000000000000000D4
:108EA00000007F00820002010201020182007E00B8
:108EB00002000200020002000200070000000000A1
:108EC000000000000000000000003800C600820022
:108ED0000101010101010101010101011901A600C6
:108EE000A60078004001C000000000000000000063
:108EF00000003F0042008200820042003E0012005B
:108F0000220022004200420082008701000000008F
:108F10000000000000000000000078018401020150
:108F2000020002000C00700080000001020102013A
:108F300086007A0000000000000000000000000031
:108F40000000FE00110111011000100010001000BF
:108F50001000100010001000100038000000000089
:108F600000000000000000000000C7018200820035
:108F700082008200820082008200820082008200E1
:108F80004400380000000000000000000000000065
:108F90000000C701820082004400440044004400F5
:108FA00028002800280038001000100000000000F1
:108FB00000000000000000000000BB0192009200D1
:108FC00092009200AA00AA00AA006A00440044008D
:108FD0004400440000000000000000000000000009
:108FE0000000CE018400440048002800300010003A
:108FF00030002800480048008400CE010000000036
:1090000000000000000000000000C70182004400D2
:10901000440028002800100010001000100010006C
:1090200010003800000000000000000000000000F8
:109030000000FC018400820040004000200010007D
:1090400010000800080004018400FE000000000079
:1090500000000000F00110001000100010001000CF
:109060001000100010001000100010001000100080
:1090700010001000F00100000000000000000200DD
:109080000400040008000800080010001000200080
:10909000200020004000400080008000800000018F
:1090A000000000003E0020002000200020002000E2
:1090B00020002000200020002000200020002000B0
:1090C000200020003E0000000000000038002800C2
:1090D000440000000000000000000000000000004C
:1090E0000000000000000000000000000000000080
:1090F0000000000000000000000000000000000070
:10910000000000000000000000000000000000005F
:109110000000000000000000FF0300001800200015
:10912000000000000000000000000000000000003F
:10913000000000000000000000000000000000002F
:10914000000000000000000000000000000000001F
:1091500000007C0082008200F0008C00820082000F
:10916000C202BC030000000000000000000000007C
:10917000000003000200020002003A0046008200E4
:10918000820082008200820046003A000000000057
:1091900000000000000000000000000000000000CF
:1091A0000000780084008200020002000200020138
:1091B00084007800000000000000000000000000B3
:1091C0000000C000800080008000B800C400820061
:1091D0008200820082008200C400B801000000000A
:1091E000000000000000000000000000000000007F
:1091F0000000780084000201FE010200020002016A
:109200008400780000000000000000000000000062
:109210000000E001100210001000FC00100010001F
:1092200010001000100010001000FC0000000000F2
:10923000000000000000000000000000000000002E
:109240000000F80184008400840084007800040099
:109250007C00840102010201FC000000000000000B
:10926000000003000200020002007A008600820073
:1092700082008200820082008200C701000000009C
:1092800000000000000000000000180018000000AE
:1092900000001C0010001000100010001000100052
:1092A00010007C0000000000000000000000000032
:1092B00000006000600000000000700040004000FE
:1092C00040004000400040004000400040002200BC
:1092D0001E00000000000000000003000200020069
:1092E0000200E200220012000A00160022004200E2
:1092F0008200C70100000000000000000000000024
:1093000000001E00100010001000100010001000DF
:1093100010001000100010001000FE0000000000FF
:10932000000000000000000000000000000000003D
:1093300000007F0092009200920092009200920042
:109340009200B701000000000000000000000000D3
:10935000000000000000000000007B00860082008A
:1093600082008200820082008200C70100000000AB
:1093700000000000000000000000000000000000ED
:1093800000007800840002010201020102010201D2
:1093900084007800000000000000000000000000D1
:1093A000000000000000000000003B0046008200BA
:1093B000820082008200820046003A000200020021
:1093C0000700000000000000000000000000000096
:1093D0000000B800C4008200820082008200820087
:1093E000C400B80080008000C00100000000000040
:1093F00000000000000000000000CE01280118005D
:10940000080008000800080008003E0000000000F6
:10941000000000000000000000000000000000004C
:109420000000BC00C200820006003800C0008200BC
:1094300086007A000000000000000000000000002C
:1094400000000000100010001000FC0010001000D0
:1094500010001000100010009000600000000000DC
:1094600000000000000000000000000000000000FC
:109470000000C3008200820082008200820082001D
:10948000C200BC010000000000000000000000005D
:1094900000000000000000000000C701820044003E
:1094A00044004400280028001000100000000000C4
:1094B00000000000000000000000000000000000AC
:1094C0000000BB01920092009200AA00AA00440092
:1094D0004400440000000000000000000000000004
:1094E00000000000000000000000CE0184004800E1
:1094F00030003000300048008400CE010000000041
:10950000000000000000000000000000000000005B
:109510000000EE0184008800480048005000300040
:1095200020001000100010000C00000000000000DF
:1095300000000000000000000000FE0042002200C9
:1095400020001000080084008200FE0000000000DF
:10955000000000008001400040004000400040004A
:1095600040006000100060004000400040004000EB
:10957000400040004000800100002000200020004A
:1095800020002000200020002000200020002000DB
:1095900020002000200020002000200020002000CB
:1095A000200000000600080008000800080008006D
:1095B0000800180020001800080008000800080033
:1095C000080008000800060000001C002602220314
:1095D000C0010000000000000000000000000000CA
:1095E000000000000000000000000000000000007B
:1095F000000000000000000000000000000000006B
:1096000000000000000808080808080800001818F2
:10961000000000486C241200000000000000000060
:1096200000000000002424247F1212127F12121264
:1096300000000000081C2A2A0A0C1828282A2A1CC4
:10964000080800000022251515152A5854545422E4
:1096500000000000000C1212120A76252911916EEA
:1096600000000006060403000000000000000000E7
:1096700000000040201010080808080808101020FA
:109680004000000204080810101010101008080410
:1096900002000000000008086B1C1C6B080800009A
:1096A000000000000000080808087F0808080800FB
:1096B000000000000000000000000000000006069E
:1096C00004030000000000000000FE000000000095
:1096D000000000000000000000000000000006067E
:1096E0000000000080404020201010080804040200
:1096F0000200000000182442424242424242241822
:109700000000000000080E08080808080808083EC5
:1097100000000000003C4242422020100804427E2B
:1097200000000000003C4242201820404042221C21
:109730000000000000203028242422227E202078EF
:1097400000000000007E0202021A26404042221C55
:109750000000000000382402021A26424242241867
:1097600000000000007E22221010080808080808E7
:1097700000000000003C4242422418244242423C85
:109780000000000000182442424264584040241C5B
:109790000000000000000000181800000000181869
:1097A00000000000000000000008000000000008A9
:1097B00008040000004020100804020408102040A3
:1097C00000000000000000007F0000007F0000009B
:1097D00000000000000204081020402010080402CD
:1097E00000000000003C42424640201010001818C3
:1097F00000000000001C225A555555552D42221CD0
:1098000000000000000808181414243C224242E71B
:1098100000000000001F2222221E22424242221F7C
:1098200000000000007C4242010101010142221CB3
:1098300000000000001F2242424242424242221FD8
:1098400000000000003F4212121E12120242423F6C
:1098500000000000003F4212121E12120202020714
:1098600000000000003C2222010101712122221C83
:109870000000000000E7424242427E42424242E78C
:1098800000000000003E0808080808080808083E14
:1098900000000000007C10101010101010101010AC
:1098A000110F0000007722120A0E0A1212222277EC
:1098B0000000000000070202020202020202427FD0
:1098C000000000000077363636362A2A2A2A2A6B0C
:1098D0000000000000E346464A4A52525262624784
:1098E00000000000001C2241414141414141221C35
:1098F00000000000003F424242423E0202020207D4
:1099000000000000001C2241414141414D53321CE6
:1099100060000000003F4242423E1212222242C733
:1099200000000000007C4242020418204042423EF7
:1099300000000000007F4908080808080808081C03
:109940000000000000E74242424242424242423CA2
:109950000000000000E742422224241414180808E2
:1099600000000000006B4949494955553622222222
:109970000000000000E7422424181818242442E7BD
:109980000000000000772222141408080808081CB0
:1099900000000000007E2120101008040442423F15
:1099A00000000078080808080808080808080808DF
:1099B000780000000202040408080810102020208B
:1099C0004040001E10101010101010101010101039
:1099D0001E000038440000000000000000000000ED
:1099E0000000000000000000000000000000000077
:1099F00000FF00060800000000000000000000005A
:109A00000000000000000000003C4278444242FC9C
:109A10000000000000030202021A26424242261AF7
:109A20000000000000000000003844020202443838
:109A3000000000000060404040784442424264D848
:109A40000000000000000000003C427E0202423C98
:109A50000000000000F08808087E08080808083E9A
:109A60000000000000000000007C22221C023C429A
:109A7000423C000000030202023A4642424242E7F0
:109A800000000000000C0C00000E08080808083E4A
:109A9000000000000030300000382020202020206E
:109AA000221E0000000302020272120A161222771E
:109AB00000000000000E0808080808080808083E12
:109AC0000000000000000000007F9292929292B786
:109AD0000000000000000000003B4642424242E716
:109AE0000000000000000000003C42424242423CB4
:109AF0000000000000000000001B26424242221E1F
:109B0000020700000000000000784442424244780E
:109B100040E000000000000000774C040404041F33
:109B20000000000000000000007C42023C40423E79
:109B30000000000000000008083E0808080808307F
:109B4000000000000000000000634242424262DC6C
:109B5000000000000000000000E742242414080870
:109B6000000000000000000000EB4949555522228A
:109B70000000000000000000007624181818246E71
:109B8000000000000000000000E742242414180830
:109B90000807000000000000007E22100808447E34
:109BA000000000C020202020201020202020202085
:109BB000C000101010101010101010101010101005
:109BC0001010000608080808081008080808080807
:109BD00006000C32C200000000000000000000007F
:109BE0000000000000000000000000000000000075
:109BF0000404040404040004000000140A0A000021
:109C0000000000000000000014143F140A3F0A0A7C
:109C1000000000041E1505060C14150F04000000BA
:109C200012150D0A142C2A1200000000040A0A1E44
:109C300015150936000000020201000000000000B6
:109C40000000002010080808080808102000000282
:109C50000408080808080804020000000004150EA3
:109C60000E150400000000000404041F0404040096
:109C700000000000000000000000000202010000DF
:109C80000000001F000000000000000000000000B5
:109C9000000000020000001008080804040202028C
:109CA000010000000E1111111111110E0000000031
:109CB000040604040404040E000000000E11110840
:109CC0000402011F000000000E11100C1010110EF4
:109CD00000000000080C0A0A091E08180000000015
:109CE0001F01010F1010110E000000000E09010FDE
:109CF0001111110E000000001F09080404040404DF
:109D0000000000000E11110E1111110E00000000D4
:109D10000E1111111E10120E0000000000000400B0
:109D20000000000400000000000000040000000427
:109D300004000020100804020408102000000000A5
:109D400000001F00001F0000000000020408102097
:109D500010080402000000000E11110804040004A1
:109D6000000000000E111915151D011E0000000055
:109D700004040C0A0A1E1233000000000F12120E17
:109D80001212120F000000001E1101010101110E3C
:109D9000000000000F1212121212120F0000000039
:109DA0001F120A0E0A02121F000000001F120A0EE4
:109DB0000A020207000000001C1201013911120CF6
:109DC000000000003312121E1212123300000000B5
:109DD0001F0404040404041F000000003E080808D7
:109DE000080808090700000037120A060A0A123795
:109DF00000000000070202020202223F00000000F1
:109E00001B1B1B1B15151515000000003B12161619
:109E10001A1A1217000000000E1111111111110E63
:109E2000000000000F12120E0202020700000000E4
:109E30000E1111111117190E180000000F12120E39
:109E40000A121237000000001E1101060810110F3F
:109E5000000000001F1504040404040E00000000AC
:109E6000331212121212120C000000003312120AE6
:109E70000A0C0404000000001515150E0A0A0A0A4F
:109E8000000000001B0A0A04040A0A1B000000006C
:109E90001B0A0A040404040E000000001F09080441
:109EA0000402121F0000001C04040404040404043F
:109EB0001C00000202020404080808100000000E42
:109EC00008080808080808080E0000040A00000036
:109ED0000000000000000000000000000000000082
:109EE000003F00040000000000000000000000002F
:109EF0000000000C121C123C000000000302020EC5
:109F00001212120E000000000000001C1202021CBF
:109F1000000000001810101C1212123C000000007B
:109F20000000000C121E021C000000003804041E79
:109F30000404041E000000000000003C120C021E7D
:109F4000221C00000302020E121212370000000051
:109F5000040000060404040E000000000800000CC9
:109F600008080808080700000302023A0A0E123720
:109F700000000000070404040404041F00000000A3
:109F80000000000F15151515000000000000000F5F
:109F900012121237000000000000000C1212120C06
:109FA000000000000000000F1212120E0207000055
:109FB0000000001C1212121C103800000000001BD0
:109FC00006020207000000000000001E020C101E26
:109FD000000000000004040E040404180000000047
:109FE0000000001B1212123C0000000000000037AD
:109FF000120A0C040000000000000015150E0A0AE9
:10A00000000000000000001B0A040A1B0000000002
:10A0100000000037120A0C04040300000000001EB8
:10A020000804041E000000180808080408080808AE
:10A0300018000808080808080808080808080006A2
:10A0400004040408040404040600022518000000A7
:10A050000000000000000000000F0000800700006A
:10A06000000000001F0000C0070000000000003FCB
:10A070000000E0070000000000007EE01FF0070085
:10A080000000000000FCFCFFF903000000000000DD
:10A09000F8FFFFFF01000000000000F0FFFFFF00DD
:10A0A000000000000000F0FFFF7F00000000000043
:10A0B00000F8FFFF7F00000000000000FCFFFFFF32
:10A0C00001000000000000FEFFFFFF030000000091
:10A0D0000000FEFFFFFF03000000000000FFFFFF85
:10A0E000FF07000000000080FFFFFFFF0F000000DF
:10A0F000000080FFFCFFF90F0000000000C0FFFC23
:10A10000FFF91F0000000000C0FFFCFFF91F000066
:10A11000000000E0FFFFFFFF1F0000000000E0FF65
:10A12000FFFFFF3F0000000000E0FFFFFFFF3F00D8
:10A1300000000000E0FFFFFFFF3F0000000000E024
:10A14000FFFFFFFF3F0000000000E0FFFFFFFF7F79
:10A150000000000000F0FFFFFFFF7F000000000094
:10A16000E0FFFFFFFF7F0000000000000000000094
:10A1700000000000000000000000000000000000DF
:10A180001CF0FFFFFFFF7FE0000000FFF0FFFFFF7C
:10A19000FF7FF8030000FFF1FFFFFFFF7FFC0700D8
:10A1A00080FFF1FFFFFFFF7FFC0F0080FFF3FFFF49
:10A1B000FFFF7FFC0F0080FFF3FFFFFFFF7FFE1F0D
:10A1C00000C0FFF3FFFFFFFF7FFE1F00C0FFF3FF94
:10A1D000FFFFFF7FFE1F00C0FFF3FFFFFFFF7FFEBB
:10A1E0001F00C0FFF3FFFFFFFF7FFE1F00C0FFF354
:10A1F000FFFFFFFF7FFE1F00C0FFF3FFFFFFFF7F9A
:10A20000FE1F00C0FFF3FFFFFFFF7FFE1F00C0FF28
:10A21000F3FFFFFFFF7FFE1F00C0FFF3FFFFFFFF05
:10A220007FFE1F00C0FFF3FFFFFFFF7FFE1F00C088
:10A23000FFF3FFFFFFFF7FFE1F00C0FFF3FFFFFFE5
:10A24000FF7FFE1F00C0FFF3FFFFFFFF7FFE1F0029
:10A25000C0FFF3FFFFFFFF7FFE1F00C0FFF3FFFF04
:10A26000FFFF7FFE1F00C0FFF3FFFFFFFF7FFE1F0A
:10A2700000C0FFF3FFFFFFFF7FFE1F00C0FFF3FFE3
:10A28000FFFFFF7FFE1F00C0FFF3FFFFFFFF7FFE0A
:10A290001F00C0FFF3FFFFFFFF7FFE1F00C0FFF3A3
:10A2A000FFFFFFFF7FFE1F00C0FFF3FFFFFFFF7FE9
:10A2B000FE1F00C0FFF3FFFFFFFF7FFE1F00C0FF78
:10A2C000F3FFFFFFFF7FFE1F0080FFF3FFFFFFFF95
:10A2D0007FFE1F0080FFF3FFFFFFFF7FFC0F00806A
:10A2E000FFF1FFFFFFFF7FFC0F0000FFF1FFFFFF0B
:10A2F000FF7FFC070000FEF0FFFFFFFF7FF007007D
:10A300000038F0FFFFFFFF7FC001000000E0FFFF0B
:10A31000FFFF7F0000000000E0FFFFFFFF3F0000A5
:10A32000000000C0FFFFFFFF1F000000000000F85A
:10A330007FE0FF00000000000000F87FE0FF000069
:10A340000000000000F87FE0FF00000000000000B7
:10A35000F87FE0FF00000000000000F87FE0FF0051
:10A36000000000000000F87FE0FF00000000000097
:10A3700000F87FE0FF00000000000000F87FE0FF31
:10A3800000000000000000F87FE0FF000000000077
:10A390000000F87FE0FF00000000000000F87FE010
:10A3A000FF00000000000000F87FE0FF0000000058
:10A3B000000000F83FE0FF00000000000000F03F58
:10A3C000E0FF00000000000000F03FE07F00000020
:10A3D00000000000E01FC07F00000000000000C07F
:10A3E0000F801F00000000000000000000000000BF
:10A3F000000000000000000000000000000000005D
:10A40000000000000000000000000000000000004C
:10A41000000000000000000000000000000000003C
:10A4200000000000000000000000E0FFFFFFFFFF51
:10A43000FF1F000000FCFFFFFFFFFFFFFF01000008
:10A44000FEFFFFFFFFFFFFFF030000FFFFFFFFFF17
:10A45000FFFFFF070080FFFFFFFFFFFFFFFF0F0071
:10A4600080FFFFFFFFFFFFFFFF0F0080FFFFFFFFE9
:10A47000FFFFFFFF0F0080FFFFFFFFFFFFFFFF1F3A
:10A480000080FFFFFFFFFFFFFFFF1F0080FFFFFFB8
:10A49000FFFFFFFFFF1F0080FFFFFFFFFFFFFFFF2A
:10A4A0001F0080FFFFFFFFFFFFFFFF1F0080FFFF78
:10A4B000FFFFFFFFFFFF1F0080FFFFFFFFFFFFFF0A
:10A4C000FF1F0080FFFFFFFFFFFFFFFF1F0080FF58
:10A4D0001F00000000C0FF1F0080FF1F00000000E1
:10A4E000C0FF1F0080FF1F00000000C0FF1F008092
:10A4F000FF1F00000000C0FF1F0080FF1F000000C2
:10A5000000C0FF1F0080FF1F00000000C0FF1F00F1
:10A5100080FFFFFFFFFFFFFFFF1F0080FFFFFFFF28
:10A52000FFFFFFFF1F0080FFFFFFFFFFFFFFFF1F79
:10A530000080FFFFFFFFFFFFFFFF1F0080FFFFFF07
:10A54000FFFFFFFFFF1F0080FF1F00000000C0FF94
:10A550001F0080FF1F00000000C0FF1F0080FF1FC2
:10A5600000000000C0FF1F0080FF1F00000000C0AF
:10A57000FF1F0080FF1F00000000C0FF1F0080FFC2
:10A580001F00000000C0FF1F0080FFFFFFFFFFFF54
:10A59000FFFF1F0080FFFFFFFFFFFFFFFF1F008087
:10A5A000FFFFFFFFFFFFFFFF1F0080FFFFFFFFFF19
:10A5B000FFFFFF1F0080FF1F00000000C0FF1F0003
:10A5C00080FF1F00000000C0FF1F0080FF1F000071
:10A5D0000000C0FF1F00C0FF1F00000000C0FF1FE1
:10A5E00000C0FF1F00000000C0FF1F00C0FF1F00D1
:10A5F000000000C0FF1F00C0FFFFFFFFFFFFFFFFC5
:10A600001F00C0FFFFFFFFFFFFFFFF1F00C0FFFF96
:10A61000FFFFFFFFFFFF1F00C0FFFFFFFFFFFFFF68
:10A62000FF1F00C0FFFFFFFFFFFFFFFF1F00C0FF76
:10A63000FFFFFFFFFFFFFF1F00C0FFFFFFFFFFFF48
:10A64000FFFF1F00C0FFFFFFFFFFFFFFFF1F00C056
:10A65000FFFFFFFFFFFFFFFF0F00C0FFFFFFFFFF38
:10A66000FFFFFF0F00C0FFFFFFFFFFFFFFFF0F0017
:10A67000C0FFFFFFFFFFFFFFFF0700C0FFFFFFFF5F
:10A68000FFFFFFFF0700C0FFFFFFFFFFFFFFFF010E
:10A6900000C0FFFFFFFFFFFFFF7F0000C0FF0F00B4
:10A6A00000000000000000C0FF07000000000000E4
:10A6B0000000C0FF030000000000000000C0FF0118
:10A6C0000000000000000000C0FF000000000000CB
:10A6D000000000C07F000000000000000000C03F3C
:10A6E000000000000000000000C01F00000000008B
:10A6F00000000000C00F000000000000000000C0CB
:10A7000007000000000000000000C003000000007F
:10A710000000000000C00100000000000000000078
:10A72000C000000000000000000000000000000069
:10A730000000000000000000000000000000000019
:10A740000000000000000000000000000000000009
:10A7500000000000000000000000000000000000F9
:10A7600000000000000000000000000000000000E9
:10A7700000000000000000000000000000000000D9
:10A7800000000000000000000000000000000000C9
:10A7900000000000000000000000000000E00300D6
:10A7A0000000000000000000FC03000000000000AA
:10A7B000000000FF030000000000000000C0FF03D5
:10A7C0000000000000000000E0FF030000000000A7
:10A7D000000000F0FF030000000000000000F8FF90
:10A7E000030000000000000000FCFF030000000068
:10A7F00000000000FEFF030000000000000000FE5B
:10A80000FF030000000000000000FFFF0300000045
:10A810000000000000FFFF030000000000000080B7
:10A82000FFFF030000000000000080FFFF030000A6
:10A83000000000000080FFFF030000000000000097
:10A84000C0FFFF0300000000000000C0FFFF030086
:10A85000000000000000C0FFFF0300000000000037
:10A8600000C0FFFF0300000000000000C0FFFF0366
:10A8700000FF0000000000C0FFFF03E0FF0F00002A
:10A880000000C0FFFF03F8FF3F00000000C0FFFF13
:10A8900003FEFF7F00000000C0FFFF03FFFFFF017A
:10A8A00000000080FFFF83FFFFFF0300000080FF28
:10A8B000FFC3FFFFFF0700000080FFFFE3FFFFFF74
:10A8C0000F00000000FFFFF3FFFFFF0F000000007C
:10A8D000FFFFF3FFFFFF1F00000000FEFFFBFFFF75
:10A8E000FF3F00000000FEFFFBFFFFFF3F000000F6
:10A8F00000FCFFFFFFFFFF7F00000000F8FFFFFFED
:10A90000FFFF7F00000000F0FFFFFFFFFF7F000060
:10A910000000E0FFFFFFFFFFFF0000000080FFFFDF
:10A92000FFFFFFFF0000000000FFFFFFFFFFFF0031
:10A9300000000000FCFFFFFFFFFF00F8FFFFFFFF2C
:10A94000FFFFFFFFFF00F8FFFFFFFFFF0100000018
:10A9500000F8FFFFFFFFFF0700000000F8FFFFFF08
:10A96000FFFF0F00000000F8FFFFFFFFFF3F0000A8
:10A970000000F0FFFFFFFFFF7F00000000F0FFFF7F
:10A98000FFFFFFFF00000000F0FFFFFFFFFFFF01E0
:10A99000000000E0FFFFFFFFFEFF01000000E0FFFE
:10A9A000FFFFFFFEFF03000000C0FFFFFF7FFEFF71
:10A9B00007000000C0FFFFFF7FFEFF0700000080D0
:10A9C000FFFFFF3FFEFF0F00000000FFFFFF1FFE25
:10A9D000FF0F00000000FEFFFF0FFEFF0F00000052
:10A9E00000FCFFFF07FEFF1F00000000F8FFFF0351
:10A9F000FEFF1F00000000E0FFFF00FEFF1F000041
:10AA0000000080FF3F00FEFF1F0000000000FC0769
:10AA100000FEFF1F0000000000000000FEFF1F00FE
:10AA200000000000000000FEFF1F0000000000000A
:10AA30000000FEFF1F0000000000000000FEFF1FDE
:10AA40000000000000000000FEFF0F0000000000FA
:10AA5000000000FEFF0F0000000000000000FEFFED
:10AA60000F0000000000000000FEFF0700000000D3
:10AA700000000000FEFF070000000000000000FED4
:10AA8000FF030000000000000000FEFF03000000C4
:10AA90000000000000FEFF010000000000000000B8
:10AAA000FEFF000000000000000000FE7F0000002C
:10AAB000000000000000FE3F000000000000000059
:10AAC00000FE1F000000000000000000FE07000064
:10AAD00000000000000000FE010000000000000077
:10AAE00000003E0000000000000000000000000028
:10AAF0000000000000000000000000000000000056
:10AB00000000000000000000000000000000000045
:10AB10000000000000000000000000000000000035
:10AB20000000000000000000000000000000000025
:10AB30000000000000000000000000000000000015
:10AB40000000000000000000000000000000F8FF0E
:10AB5000FFFFFF1F0000000000FFFFFFFFFFFF01DE
:10AB6000000000C0FFFFFFFFFFFF03000000C0FF69
:10AB7000FFFFFFFFFF07000000E0FFFFFFFFFFFFF9
:10AB80000F000000E0FFFFFFFFFFFF0F000000E0ED
:10AB9000FFFFFFFFFFFF0F000000F0FFFFFFFFFFC1
:10ABA000FF1F000000F0FFFFFFFFFFFF1F0000007E
:10ABB000F0FFFFFFFFFFFF1F000000F0FFFFFFFFA0
:10ABC000FFFF1F000000F0FFFFFFFFFFFF1F00005F
:10ABD00000F0FFFFFFFFFFFF1F000000F0FFFFFF7F
:10ABE000FFFFFF1F00803FF0FFFFFBFFFFFF1F0085
:10ABF000C03FF0FFFFF3FFFFFF1F00C03FF0FFFF6C
:10AC0000E3FFFFFF1F00C03FF0FFFF83FFFFFF1FB9
:10AC100000C03FF0FFFF03FFFFFF1F00C03FF0FF3A
:10AC2000FF03FEFFFF1F00C03FF0FFFF03F8FFFF21
:10AC30001F00C03FF0FFFF03F0FFFF1F00C03FF009
:10AC4000FFFF03E0FFFF1F00C03FF0FFFF0380FF97
:10AC5000FF1F00C03FF0FFFF0300FFFF1F00C03FCA
:10AC6000F0FFFF0300FEFF1F00C03FF0FFFF0300E7
:10AC7000F8FF1F00C03FF0FFFF0300F0FF1F00C000
:10AC80003FF0FFFF0300E0FF1F00C03FF0FFFF03A6
:10AC900000F0FF1F00C03FF0FFFF0300F8FF1F00A0
:10ACA000C03FF0FFFF0300FEFF1F00C03FF0FFFFAB
:10ACB0000300FFFF1F00C03FF0FFFF0380FFFF1FE7
:10ACC00000C03FF0FFFF03E0FFFF1F00C03FF0FFA9
:10ACD000FF03F0FFFF1F00C03FF0FFFF03F8FFFF7F
:10ACE0001F00C03FF0FFFF03FEFFFF1F00C03FF04B
:10ACF000FFFF03FFFFFF1F00C03FF0FFFF83FFFFC9
:10AD0000FF1F00C03FF0FFFFE3FFFFFF1F00C03F3A
:10AD1000F0FFFFF3FFFFFF1F00C03FF0FFFFFBFF4F
:10AD2000FFFF1F00C03FF0FFFFFFFFFFFF1F00C03E
:10AD30003FF0FFFFFFFFFFFF1F00C03FF0FFFFFFDF
:10AD4000FFFFFF1F00C03FF0FFFFFFFFFFFF1F00DF
:10AD5000C03FF0FFFFFFFFFFFF1F00C03FF0FFFFFE
:10AD6000FFFFFFFF1F00C03FF0FFFFFFFFFFFF1FC0
:10AD700000C03FE0FFFFFFFFFFFF0F00C03FE0FF0D
:10AD8000FFFFFFFFFF0F00C03FE0FFFFFFFFFFFFE0
:10AD90000F00C03FC0FFFFFFFFFFFF0700C03FC025
:10ADA000FFFFFFFFFFFF0700C03F00FFFFFFFFFFA8
:10ADB000FF0100C03F00F8FFFFFFFF7F0000C03F22
:10ADC000000000000000000000C03F000000000084
:10ADD00000000000C03F000000000000000000C0B4
:10ADE0003F000000000000000000C03F0000000025
:10ADF0000000000000C03F00000000000000000054
:10AE000080FFFFFFFFFFFF7F00000080FFFFFFFFCD
:10AE1000FFFF7F00000080FFFFFFFFFFFF7F0000BC
:10AE20000080FFFFFFFFFFFF7F00000000FFFFFF2C
:10AE3000FFFFFF7F00000000FEFFFFFFFFFF7F001E
:10AE4000000000FCFFFFFFFFFF7F00000000C0FFCD
:10AE5000FFFFFFFF7F000000000000000000000077
:10AE600000000000000000000000000000000000E2
:10AE700000000000000000000000000000000000D2
:10AE800000000000000000000000000000000000C2
:10AE900000000000000000000000000000000000B2
:10AEA0000000010203040607080900000000010277
:10AEB00003040000D4AE0008000000209000000051
:10AEC0004C2F000864AF000890000020B00C000078
:10AED0005C2F0008323800080C000C001800140029
:10AEE000123A00081000100020001400923C0008E4
:10AEF000140014003C00140042410008180018001F
:10AF0000480041008A5300082000200080001400FF
:10AF10008A5D000810002000400000004A7500080B
:10AF20000C001800300000001A8700080A00140006
:10AF300028000000F2950008080010001000000032
:10AF4000E29B000806000C000C000000000000005E
:10AF500000000000010000001000000000000000E0
:04AF60000024F400D5
:040000050800018965
:00000001FF
