:020000040800F2
:10000000400500209D010008E7260008430F000876
:10001000E5260008A90200084529000800000000A4
:10002000000000000000000000000000EB260008B7
:10003000AB02000800000000E9260008ED260008D9
:10004000B7010008B7010008B7010008B7010008B0
:10005000B7010008B7010008B7010008B7010008A0
:10006000B7010008B7010008B7010008B701000890
:10007000B7010008B7010008B7010008B701000880
:10008000B7010008B7010008B7010008B701000870
:10009000B7010008B7010008B7010008B701000860
:1000A000B7010008B7010008B7010008B701000850
:1000B000B7010008B7010008B7010008B701000840
:1000C000B7010008B7010008B7010008B701000830
:1000D000B7010008B7010008B7010008B701000820
:1000E000B7010008B7010008B7010008B701000810
:1000F000B7010008B7010008B7010008B701000800
:10010000B7010008B7010008B7010008B7010008EF
:10011000B7010008B7010008B7010008B7010008DF
:10012000B7010008B7010008B7010008B7010008CF
:10013000B7010008B7010008B7010008B7010008BF
:10014000B7010008B7010008B7010008B7010008AF
:10015000B7010008B7010008B7010008B70100089F
:10016000B7010008B7010008B7010008B70100088F
:10017000B7010008B7010008B7010008000000003F
:10018000B7010008B7010008DFF80CD000F07AF8DA
:1001900000480047D1290008400500200648804754
:1001A00006480047FEE7FEE7FEE7FEE7FEE7FEE75C
:1001B000FEE7FEE7FEE7FEE7892700088901000861
:1001C0002DE9F05F0546002092469B46884606468C
:1001D000814640241BE0284641464746224600F01F
:1001E00041F853465A46C01A914110D31146184659
:1001F000224600F028F82D1A67EB01084F462246E8
:100200000120002100F01FF817EB00094E41201ECD
:10021000A4F10104DFDC484631462A464346BDE8E6
:10022000F09FD2B201E000F8012B491EFBD27047CB
:100230000022F6E710B513460A4604461946FFF7B2
:10024000F0FF204610BD202A04DB203A00FA02F11C
:10025000002070479140C2F1200320FA03F31943B4
:1002600090407047202A04DB203A21FA02F0002156
:10027000704721FA02F3D040C2F1200291400843B6
:1002800019467047064C074D06E0E06840F0010350
:1002900094E8070098471034AC42F6D3FFF778FF94
:1002A000D4A00008F4A00008FEE7704730B5B3F50D
:1002B000804F05D06FF0704140F82210002030BD13
:1002C0008C690B688D6823434C688989240144EA52
:1002D0000524234343EA014150F82230014C2340D6
:1002E0001943E9E70000F0CF10B50A6850F8223052
:1002F00023F0010340F822308C68082C23D000231F
:100300004A682243CC681C430B6922431A434B6959
:100310000E4C1A43CB691A430B6A1A434B6A1A43B1
:100320008B6A1A43CB6A1A430B6B1A438B691343CC
:10033000CA6B09681A4350F82130A343134340F8AD
:100340002130002010BD4023DAE700007FFF0F00BE
:1003500030B5D1E9003443EA04138C688D89240256
:1003600044EA054423430C8A094D00EB820005EB67
:10037000045423430C7D6D0105EB04648969234318
:100380000B43416801F040410B434360002030BD06
:100390000000F0FF012204E002EB82025200491E3D
:1003A000C9B20029F8D1B0FBF2F00A21B0FBF1F29A
:1003B00001FB12007047000070B5044600F07CF9A4
:1003C0000546601C02D004480078044400F074F92B
:1003D000401BA042FAD370BD800000202DE9F043FD
:1003E00087B014216846FFF723FF30484FF000091B
:1003F000016841F00101016000682C4C00F001002F
:10040000083C0590206840F010002060206800F053
:1004100010000590206840F0080020602068022647
:1004200000F0080005904FF68070CDE9000602AAA2
:10043000012503274FF00C0882E8A00169461C48FB
:1004400000F03CF802AA4CF6B37082E8A001CDE9B6
:100450000006184F6946384600F030F8206840F032
:10046000080020602068A61400F008000590002213
:100470003146384600F01AF9CDE90065CDE9025958
:100480006946384600F01AF8206840F00400206001
:100490002068694600F0040005900420009006489A
:1004A00000F00CF807B0BDE8F083000038380240D7
:1004B00000100240000C0240000802402DE9F84FF5
:1004C000DFF8BCA10022012503264FF00F090AF135
:1004D000040BAAF1040E00BF0B6805FA02F42340D6
:1004E000A34270D10F7907F00307012F01D0022F2B
:1004F00016D187684FEA420806FA08FC27EA0C077B
:10050000D1F80CC00CFA08FC4CEA070CC0F808C083
:100510004768A7430C79C4F3001494403C434460FB
:100520000C79E443A4070AD0C4684FEA420C06FAE7
:100530000CF7BC438F6807FA0CF72743C7600C79A8
:1005400004F00304022C12D1D40800EB840CDCF874
:1005500020405707FF0E09FA07F824EA0804D1F8EB
:10056000108008FA07F848EA0408CCF820800468EC
:100570004FEA420C06FA0CF7BC430F7907F0030769
:1005800007FA0CF7274307604C6814F4403F70D01B
:100590003C4C276847F480472760246822F0030713
:1005A00004F480440094384C07EB040CDCF8084851
:1005B00097074FEA177809FA08F7BC43334FB84258
:1005C00002D1002724E054E0314FB84201D1012785
:1005D0001EE0304FB84201D1022719E02E4FB84239
:1005E00001D1032714E02D4FB84201D104270FE0B9
:1005F0002B4FB84201D105270AE02A4FB84201D15A
:10060000062705E0284FB84201D1072700E0082758
:1006100007FA08F72743CCF80878DAF8004057467D
:10062000D1F804C09C435FEACC2C00D51C433C604D
:10063000DBF800405F46D1F804C09C435FEA8C2C95
:1006400000D51C433C60DEF800407746D1F804C07A
:100650009C435FEA8C3C00D51C433C60084F083F3C
:100660003C68D1F804C09C435FEACC3C00D51C43F5
:100670003C60521C102AFFF42FAFBDE8F88F000039
:10068000083C014044380240003001400000024074
:100690000004024000080240000C0240001002402A
:1006A0000014024000180240001C02400AB181619F
:1006B00070470904FBE700000148806870470000AC
:1006C00080000020024881680278114481607047F0
:1006D000800000200B4810B5016841F400710160F2
:1006E000016841F480610160016841F4807101603A
:1006F000032000F061F80F2000F006F800F024F865
:10070000002010BD003C024070B50D4D04464FF472
:100710007A712878B1FBF0F00A490968B1FBF0F072
:1007200000F02CFB48B9102C07D200222146501EA5
:1007300000F022F800206C6070BD012070BD000048
:10074000800000208C0000200A4808B5016841F4B0
:1007500080410160006800F4804000900548001F5F
:10076000016841F080510160006800F08050009005
:1007700008BD000044380240F0B40E4B1B680C4624
:10078000C3F30223C3F10705042D00D90425191D65
:10079000072901D2002300E0DB1E012606FA05F13D
:1007A000491E214099409E40761E16403143F0BCC0
:1007B00002F0D2B80CED00E0064900F0070208682C
:1007C0004FF6FF03184040EA0220034A1043086036
:1007D000704700000CED00E00000FA052DE9F0473D
:1007E0000E46050065D0DFF81481D8F80000F7B296
:1007F00000F00700B04207D288F80070D8F8000077
:1008000000F00700B04254D128683D4C810712D552
:10081000400703D5206840F4E050206028780007A6
:1008200003D5206840F4604020602068A96820F06B
:10083000F000084320602878C0072DD03049686850
:100840000839012812D0022813D0032811D00968D2
:10085000890700292DDA216821F003010143216075
:10086000FFF72AFF814641F2883A0EE009688903C2
:10087000EFE709688901ECE7FFF71EFFA0EB09012C
:10088000514502D90320BDE8F0872068696800F06F
:100890000C00B0EB810FEFD1D8F80010404601F00A
:1008A0000701B14207D90770006800F00700B042A5
:1008B00001D00120E7E72878400705D52068E968DE
:1008C00020F4E050084320602878000706D520680F
:1008D000296920F4604040EAC100206000F038F847
:1008E0002168084AC1F30311515CC84006490860F9
:1008F00006480068FFF708FF0020C4E7003C0240FC
:1009000008380240BCA000088C00002084000020B1
:100910000448054900680968044AC1F38221515C12
:10092000C84070478C00002008380240CCA0000866
:100930000448054900680968044AC1F34231515C22
:10094000C84070478C00002008380240CCA0000846
:10095000154810B5006810F00C02144813D041106F
:10096000042A0FD0082A0ED10F4C241F22682368B6
:1009700002F03F025B0207D52068C0F38810A0FB9D
:10098000010106E0084610BD2168C1F38811A1FBF2
:1009900000010023FFF714FC2168C1F30141491C49
:1009A0004900B0FBF1F010BD083802400024F4000B
:1009B0002DE9F84F04006ED02078DFF84C93C00783
:1009C000A9F104054AD009F104000168C1F38101CD
:1009D000012908D00068C0F3810002280AD1D9F8A3
:1009E0000000400206D52868800337D560680028DB
:1009F000E1D033E06068B0F5803F10D0B0F5A02FB3
:100A0000286810D020F480302860286820F48020E6
:100A100028606068A8B1FFF74FFE06460DE0286821
:100A200040F48030F4E740F480202860F7E700BF0E
:100A3000FFF742FE801B642873D828688003F7D52F
:100A40000CE0FFF739FE064605E000BFFFF734FE75
:100A5000801B6428F0D828688003F7D42078DFF85A
:100A6000AC8280074FF0000A3ED5A748001D016800
:100A700011F00C0F08D00068C0F3810002280BD1E0
:100A8000D9F80000400207D42868800716D5E0682E
:100A9000012800D112E033E1E068B8B10120C8F8C4
:100AA0000000FFF709FE064605E000BFFFF704FE61
:100AB000801B0228C0D828688007F7D528682169DC
:100AC00020F0F80040EAC10028600DE0C8F800A05E
:100AD000FFF7F2FD064604E0FFF7EEFD801B02285B
:100AE0001FD828688007F7D42078000722D5864FC2
:100AF00087486169703771B101210160FFF7DCFD42
:100B0000064604E0FFF7D8FD801B022809D83868A4
:100B10008007F7D50EE0C0F800A0FFF7CDFD064630
:100B200005E082E0FFF7C8FD801B02287DD8386809
:100B30008007F7D42078400768D5DFF8CCB10027CC
:100B40000BF13C0BDBF80000C0000BD4DBF800100D
:100B500041F08051CBF80010DBF80000012700F0D5
:100B6000805000906B4E3068C00510D4306840F45F
:100B700080703060FFF7A0FD009005E0FFF79CFD5E
:100B80000099401A022850D83068C005F6D55E4E4C
:100B9000A0686C3601280FD00528306810D020F0EE
:100BA00001003060306820F004003060A068B8B107
:100BB000FFF782FD00900FE0306840F00100F4E79D
:100BC00040F004003060F7E7FFF776FD0099411A26
:100BD00041F28830814266D830688007F4D50EE053
:100BE000FFF76AFD009007E0FFF766FD0099411AE4
:100BF00041F28830814256D830688007F4D42FB152
:100C0000DBF8001021F08051CBF80010A069C8B3C8
:100C10003D49091D0968C1F3810102294AD0022812
:100C2000504607D0C8F8600000E03CE0FFF744FD04
:100C300004463BE04746C8F86000FFF73DFD064626
:100C400005E000BFFFF738FD801B02282BD828687D
:100C50008001F7D4D4E907010843A16A2E4A490864
:100C600002EB0141626A41EA8211084394F82C10B8
:100C700040EA0161C9F8001001203866FFF71CFD49
:100C8000044606E03EE000BFFFF716FD001B022809
:100C900009D828688001F7D534E000BFFFF70CFDC4
:100CA000001B022802D90320BDE8F88F28688001C4
:100CB000F4D427E00128F7D0D9F80000E26900F465
:100CC000800191421CD1226A00F03F01914217D16C
:100CD00047F6C071626A0140B1EB821F10D1A26A6F
:100CE0004FF0FF3300F4403103EB5202B1EB024FFF
:100CF00006D194F82C1000F07060B0EB016F01D0B9
:100D00000120D1E70020CFE704380240000047422D
:100D1000800E4742007000400000FFFF70B515468E
:100D20000E46040003D094F8490010B107E00120FA
:100D300070BD002084F84800204600F01DF804F142
:100D400008012068FFF7D0FA3146A2682068FFF753
:100D5000FFFAD4E901022946236BFFF7A7FA2168BD
:100D6000A06851F8202042F0010241F82020012023
:100D700084F84900002070BDFFF730BB10B5401E5D
:100D8000B0F1807F01D3012010BD4FF0E0246061FD
:100D90000F21601701F0E0FD0020A0610720206115
:100DA000002010BD70B5040004D094F83D0000256B
:100DB00010B106E0012070BD84F83C50204600F0E0
:100DC00023F8242084F83D002068C16821F40051F4
:100DD000C160204601F0E0FC2068016921F49041E7
:100DE00001612068416921F02A0141612068C168E0
:100DF00041F40051C1602564202084F83D0084F84E
:100E00003E00002070BD000010B586B004461421DD
:100E10006846FFF70DFA1B492068884230D11A480E
:100E2000016841F010010160006800F010000590B9
:100E300015481438016841F001010160016801F0B2
:100E400001010591016841F00101016000680F4C4A
:100E500000F0010005904FF4007000900220019016
:100E60000120029003200390072004906946204649
:100E7000FFF724FB2015009069462046FFF71EFB74
:100E800006B010BD0010014044380240000002408E
:100E90002DE9F843044690F83D001F4616460D46DE
:100EA00020284CD1C5B1BEB194F83C00012846D0F1
:100EB000012084F83C004FF00008C4F84080212055
:100EC00084F83D00FFF7F8FBA6848146E684A0681D
:100ED000B0F5805F03D004E00120BDE8F88320690D
:100EE00028B12E465FF0000584F83C800EE0002615
:100EF000FAE78021204601F0D5FCA0B9AEB116F882
:100F0000010B21684860E08C401EE084E08C4B4679
:100F10004FF0000200970028EBD14FF0400120462F
:100F200001F0C0FC30B10320D7E735F8020BC0F365
:100F30000800E6E7202084F83D000020CDE70220ED
:100F4000CBE7FEE710B500242146204601F0FAF970
:100F50002C20C1060880054805494FF416328089C7
:100F600080B20880641C9442FBD310BD280100208D
:100F70000000026010B54FF47A741D4801F0B8F912
:100F8000002001F0CDF94FF47F0001F0B7F9FFF731
:100F9000D9FF2046FFF710FA4FF47F4001F0AEF979
:100FA000FFF7D0FF2046FFF707FAFF2001F0A6F970
:100FB000FFF7C8FF2046FFF7FFF90E4801F09EF942
:100FC000FFF7C0FF2046FFF7F7F96FF07F4001F011
:100FD00095F9FFF7B7FF2046FFF7EEF9002001F083
:100FE0008DF9FFF7AFFF2046BDE81040FFF7E4B9E9
:100FF000480000202C2C2C0070B5002001F07EF958
:10100000FFF7A0FF2C4801F073F9002001F088F9E8
:101010002A4801F073F9002129A2084600F0A6F938
:101020002C4801F06BF926A22821002000F09EF93F
:101030004FF6FF7001F062F921A25021002000F06C
:1010400095F900244FF47F05A5EB044001F068F901
:101050002246BE239621104600F032FB641CA4B247
:10106000F02CF1D300244FF47F4500BFA5EB042002
:1010700001F056F92246F023C821104600F020FB6B
:10108000641CA4B2F02CF1D300244FF4917500BF7E
:10109000C4F1FF0001F044F922462B46FA21104624
:1010A00000F00EFB641CA4B2F02CF1D3BDE870403C
:1010B0004FF4FA60FFF780B93C000020FF80FF008A
:1010C000202020436F6C6F722054657374202020A1
:1010D0000000000000FFFF0001B581B0002343F6CF
:1010E00098210CE0ADF8003005E000BFBDF800002D
:1010F000401CADF80000BDF800008842F6D3BDF8F2
:101100000400421EADF80420ECD20CBD2DE9F74FCF
:10111000002580460446203AD0B24FF0C04ADFF89E
:101120007CB0DFF87C90029030E01368029A0026D1
:1011300002FB01316F5C0199F807204607D001F0EE
:1011400001F92C20AAF80000BBF8080006E001F025
:10115000F9F82C20AAF80000BBF80C00114908800F
:10116000D9F80000641CA4B280887F08A4EB0801B1
:10117000814205D101984446401C80B2019003E0B1
:10118000761CB6B2082ED6D36D1CADB2D9F80020AD
:101190001189A942C9D8BDE8FE8F000028010020AE
:1011A00078000020000002602DE9F74FDFF8B880DA
:1011B000177881B0D8F80430814600211D891E6857
:1011C0000446481C05FB00FC16F80CC0BC4508D1C1
:1011D00000FB056092F801C04078604501D10091A4
:1011E00004E0891C588989B28842EAD800254FF06A
:1011F000C04ADFF878B030E01368009A002602FB9E
:1012000001316F5C0299F807204607D001F09AF887
:101210002C20AAF80000BBF8080006E001F092F8C4
:101220002C20AAF80000BBF80C0011490880D8F85F
:101230000400641CA4B280887F08A4EB09018142E9
:1012400005D102984C46401C80B2029003E0761C07
:10125000B6B2082ED6D36D1CADB2D8F804201189D1
:10126000A942C9D8BDE8FF8F7800002028010020DE
:101270000000026030B51F4A1F494FF0C043107490
:101280004FF4F0754FF4A074D0B1012817D1362077
:101290001880482008802A201880002008800880B4
:1012A000012008803F2008802B2018800020088023
:1012B000088001200880DF2008805480958030BDA0
:1012C00036201880282008802A20188000200880D6
:1012D000088001200880DF2008802B201880002053
:1012E00008800880012008803F2008805580948075
:1012F00030BD000028010020000002602DE9F04709
:1013000000261D4691468A4680463446154F24E005
:10131000281B401EC1B24846FFF73CF826B9691E9B
:101320008C4201DA40B101263030C2B2386881887F
:1013300004FB018080B20BE00B48407C0028386839
:10134000818804FB018080B201D0202200E030229D
:101350005146FFF7DBFE641CE4B2AC42D8D3BDE8D3
:10136000F087000078000020280100202DE9F041DE
:101370001546884604460A4F0A4E08E04146204674
:10138000FFF7C4FE38686D1C8088204484B27088E2
:10139000A04202D92A78002AF0D1BDE8F0810000ED
:1013A0007800002028010020F0B514460F460546BD
:1013B0000D4E15E07F2A09D839462846FFF7A6FECC
:1013C0003068641C8088284485B209E0224639468A
:1013D0002846FFF7E9FE7068A41C8088284485B27F
:1013E0002278002AE6D1F0BD780000202DE9F04FE8
:1013F00080465542002602200F4600EB450400BF00
:1014000007EB0609A8EB050B1FFA89F11FFA8BF011
:1014100000F0B0F908EB050A1FFA89F11FFA8AF00B
:1014200000F0A8F9A7EB06091FFA89F11FFA8AF064
:1014300000F0A0F91FFA89F11FFA8BF000F09AF979
:101440002046B44208DC761C00EB4604641CF542DE
:1014500002D1A84200DC0020A84203DD6D1C04EB91
:101460004504641C002DCBDDBDE8F08F2DE9F0476D
:1014700000EE102A80465742B8EEC01A00EE103A2D
:1014800002200025F8EEC00A0E4600EB47049A42FF
:101490005CDD81EE200A00BF00EE905AA8EB070A3F
:1014A000F8EEE00A80EE801AFCEEC10A10EE900A17
:1014B000304481B21FFA8AF000F05CF900EE905AD5
:1014C00008EB0709F8EEE00A80EE801AFCEEC10A8C
:1014D00010EE900A304481B21FFA89F000F04AF908
:1014E00000EE905AF8EEE00A80EE801AFCEEC10A97
:1014F00010EE900A301A81B21FFA89F000F03AF922
:1015000000EE905AB8EEE01AC1EE000AFCEEE00AD6
:1015100010EE900A301A81B21FFA8AF000F02AF910
:101520002046AC4208DC6D1C00EB4504641CEF4215
:1015300002D1B84200DC0020B84203DD7F1C04EB7E
:101540004704641C002FA7DDBDE8F08780EE810A08
:101550005F42002500EE905A06EB07091FFA89F159
:10156000F8EEE00A80EE801AFCEEC10A10EE900A56
:10157000A8EB000080B200F0FDF800EE905A1FFAD0
:1015800089F1F8EEE00A80EE801AFCEEC10A10EE56
:10159000900A404480B200F0EDF800EE905AA6EBBD
:1015A00007091FFA89F1F8EEE00A80EE801AFCEED6
:1015B000C10A10EE900A404480B200F0DBF800EE61
:1015C000905A1FFA89F1F8EEE00A80EE801AFCEEDC
:1015D000C10A10EE900AA8EB000080B200F0CAF831
:1015E0002046AC4209DC6D1C05EB45010C18641C5F
:1015F000EF4202D1B84200DC0020B84204DD7F1C7B
:1016000007EB47000444641C002FA3DD9CE70000A7
:101610002DE9FF4F81460446DDF834A090460020B6
:1016200003998346884245D20025F4EE000A2EE055
:101630009AF800700026F8070199204609D000F0BA
:1016400081FE2C20C10608801B481C4900890880A7
:1016500008E000F077FE2C20C1060880164881893A
:1016600016480180641CA4B27F08A4EB090141451F
:1016700005D101984C46401C80B2019003E0761CD5
:10168000B6B2082ED7D36D1C0AF1010AADB200EE36
:10169000108AB8EE400A20EE201A00EE105AB8EE7A
:1016A000400AB4EEC01AF1EE10FAC1DC0BF10100F1
:1016B00080B2B5E7BDE8FF8F28010020000002607E
:1016C0002DE9FE4F0027141A002C00DC841A0FFAB3
:1016D00084F85C1A002C00DCCC1A0FFA84FC06B2E9
:1016E0000DB24FF0FF34824203D3012082460190B5
:1016F00001E0A24601948B4203D301208146009071
:1017000001E0A1460094E0454FF0000008DB81466F
:10171000019008EBD870C3464410CDF808C024E00F
:10172000824600200090E3460CEBDC70CDF8088088
:101730004410D84619E0A9B2B0B200F01BF80298E4
:10174000204404B25C4508DBA4EB0B0004B2019812
:10175000304406B20098284405B206EB0A0006B2EF
:1017600005EB09007F1C05B23FB24745E3DDBDE84C
:10177000FE8F000000B500F0E5FD2C20C1060880BA
:10178000024803490089088000BD000028010020AC
:1017900000000260F0B51C4685180F460646AAB246
:1017A0000B46FFF78DFF3C44A3B2AAB2A1B230466C
:1017B000FFF786FF3246A3B239461046FFF780FF97
:1017C000A3B2AAB2A8B23946BDE8F040FFF778BF8D
:1017D0002DE9F04F8A46032190460746A1EB4806C3
:1017E0000024154645E0DDB1AAEB0509A7EB040C82
:1017F00009EB450B1FFA8BF31FFA8CF21FFA89F1E4
:101800001FFA8CF0FFF75CFF07EB040C1FFA8BF359
:101810001FFA8CF21FFA89F11FFA8CF0FFF750FFC4
:10182000DCB1AAEB0409A7EB050C09EB440B1FFA8A
:101830008BF31FFA8CF21FFA89F11FFA8CF0FFF775
:101840003FFF07EB050C1FFA8BF31FFA8CF21FFA10
:1018500089F11FFA8CF0FFF733FF002E03DA06EB55
:101860008406B61D04E0601B06EB80066D1E0A367A
:10187000641CAC42B7D9424651463846BDE8F04FE9
:10188000FFF7B4BD2DE9F04F1E4615468A46834644
:1018900000244FF0C0490F4FDFF83C8015E000BF37
:1018A0000AEB040081B2584600F04CFD2C20A9F848
:1018B000000039890020424689B202E01180401CB4
:1018C00080B2A842FAD3641CA4B2B442E8D3BDE803
:1018D000F08F0000280100200000026010B50020F9
:1018E00000F00CFDFFF72EFB6B4800F001FDFF2020
:1018F00000F016FD1023822203216E20FFF7C2FFA5
:1019000066A203210020FFF731FD4FF47F4000F075
:1019100007FD1023822219216E20FFF7B3FF62A278
:1019200019210020FFF722FD4FF47F0000F0F8FCA2
:10193000102382222F216E20FFF7A4FF5DA22F210A
:101940000020FFF713FD4FF6FF7000F0E9FC1023B5
:10195000822245216E20FFF795FF58A245210020E5
:10196000FFF704FD4FF0FF1000F0DAFC1023822295
:101970005B216E20FFF786FF53A25B210020FFF75B
:10198000F5FC544800F0CCFC1023822271216E201B
:10199000FFF778FF50A271210020FFF7E7FC5148C4
:1019A00000F0BEFC1023822287216E20FFF76AFF21
:1019B0004DA287210020FFF7D9FC4E4800F0B0FC73
:1019C000102382229D216E20FFF75CFF4AA29D21F9
:1019D0000020FFF7CBFC4B4800F0A2FC1023822232
:1019E000B3216E20FFF74EFF47A2B3210020FFF77F
:1019F000BDFC484800F094FC10238222C9216E20CF
:101A0000FFF740FF44A2C9210020FFF7AFFC3D488B
:101A10007F3000F085FC10238222DF216E20FFF74B
:101A200031FF40A2DF210020FFF7A0FC39487F30C2
:101A300000F076FC10238222F5216E20FFF722FFB2
:101A40003BA2F5210020FFF791FC2248803000F0F6
:101A500067FC40F20B141023822221466E20FFF710
:101A600011FF37A221460020FFF780FC384800F024
:101A700057FC40F221141023822221466E20FFF7EA
:101A800001FF34A221460020FFF770FCBDE81040A2
:101A90004FF4FA60FEF790BC600000204C43445FB6
:101AA000424C5545000000004C43445F47524545B9
:101AB0004E0000004C43445F524544004C43445F99
:101AC0004359414E000000004C43445F4D4147459F
:101AD0004E54410000FFFF004C43445F59454C4CBD
:101AE0004F5700002C2C2C004C43445F4752455963
:101AF00000000000FF8080004C494748545F424C82
:101B00005545000080FF80004C494748545F4752CC
:101B100045454E008080FF004C494748545F524580
:101B2000440000004C494748545F4359414E00006F
:101B30004C494748545F4D4147454E5441000000D1
:101B40004C494748545F59454C4C4F5700000000E2
:101B5000A3A3A3004C494748545F4752455900008E
:101B600070B55024002000F0C9FBFFF7EBF94FF4EB
:101B70007F05284600F0D4FB0A23F02219460020F6
:101B8000FFF79EFD2046FEF717FC1423F0221946AE
:101B90000020FFF795FD2046FEF70EFC1E23F022E5
:101BA00019460020FFF78CFD2046FEF705FC282390
:101BB000F02219460020FFF783FD2046FEF7FCFBCC
:101BC000614800F0ADFB9623F02255210520FFF778
:101BD000E1FD2046FEF7F0FB7823BE2264211E20A3
:101BE000FFF7D8FD2046FEF7E7FB5A238C2273212E
:101BF0003720FFF7CFFD2046FEF7DEFB3C235A22BD
:101C000087215020FFF7C6FD2046FEF7D5FB4F4841
:101C100000F086FB6422AA217820FFF7E7FB20462C
:101C2000FEF7CAFB5022AA217820FFF7DFFB2046EF
:101C3000FEF7C2FB3C22AA217820FFF7D7FB204603
:101C4000FEF7BAFB2822AA217820FFF7CFFB204617
:101C5000FEF7B2FB48F2800000F062FB40F21D117B
:101C60000B46F0220020FFF72BFD2046FEF7A4FBD9
:101C700040F227110B46F0220020FFF721FD2046FD
:101C8000FEF79AFB40F231110B46F0220020FFF7DD
:101C900017FD2046FEF790FB40F23B110B46F02269
:101CA0000020FFF70DFD2046FEF786FB4FF47A700B
:101CB000FEF782FB002000F021FBFFF743F92846E6
:101CC00000F02EFB3C2250211046FFF781FD281228
:101CD00000F026FB3C2250217820FFF779FDFF2001
:101CE00000F01EFB3C225021A020FFF771FD184898
:101CF00000F016FB32236E22FA217820FFF7B6FBA4
:101D00002046FEF759FB28235F22FA217820FFF7AF
:101D1000ADFB2046FEF750FB1E235022FA2178200F
:101D2000FFF7A4FB2046FEF747FB14234122FA21CC
:101D30007820FFF79BFB2046FEF73EFBBDE8704096
:101D40004FF4FA60FEF738BB00FFFF00FFFF800092
:101D5000FF80800070B56424FFF70CF9002000F0CC
:101D6000CDFAFFF7EFF86FF07F4000F0D9FAA24804
:101D700000F0BEFA0021A1A20846FFF7F7FA2046BC
:101D8000FEF71AFBA34800F0B3FAA3A2202100201B
:101D9000FFF7ECFA2046FEF70FFBA64800F0A8FA82
:101DA0009DA238210020FFF7E1FA2046FEF704FB50
:101DB000A14800F09DFA98A24C210020FFF7D6FA26
:101DC0002046FEF7F9FA9D4800F092FA92A25C21B3
:101DD0000020FFF7CBFA2046FEF7EEFA984800F015
:101DE0009FFA964800F084FA8BA268210020FFF742
:101DF000BDFA2046FEF7E0FA8F4800F079FA86A295
:101E000074210020FFF7B2FA2046FEF7D5FA894880
:101E100000F06EFA80A284210020FFF7A7FA204686
:101E2000FEF7CAFA7B4800F063FA7BA298210020F3
:101E3000FFF79CFA2046FEF7BFFA6F4800F058FA09
:101E40006EA2B0210020FFF791FA2046FEF7B4FA07
:101E50004FF4FA642046FEF7AFFA002000F04EFA85
:101E6000FFF770F8744800F043FAFF2000F058FACA
:101E70001023D22203216E20FFF704FD71A203215B
:101E80000020FFF773FA4FF47F45284600F048FA28
:101E90001023D22219216E20FFF7F4FC6CA2192125
:101EA0000020FFF763FA2E02304600F039FA1023C3
:101EB000D2222F216E20FFF7E5FC68A22F210020FF
:101EC000FFF754FA4FF6FF7000F02AFA1023D222DF
:101ED00045216E20FFF7D6FC62A245210020FFF7C6
:101EE00045FA4FF0FF1000F01BFA1023D2225B21BD
:101EF0006E20FFF7C7FC5EA25B210020FFF736FAD9
:101F00004F48803800F00CFA1023D22271216E2045
:101F1000FFF7B8FC59A271210020FFF727FA5A48B1
:101F200000F0FEF91023D22287216E20FFF7AAFCD1
:101F300056A287210020FFF719FA574800F0F0F960
:101F40001023D2229D216E20FFF79CFC53A29D21DD
:101F50000020FFF70BFA544800F0E2F91023D222D8
:101F6000B3216E20FFF78EFC50A2B3210020FFF7B3
:101F7000FDF9514800F0D4F91023D222C9216E2076
:101F8000FFF780FC4DA2C9210020FFF7EFF946487A
:101F90007F3000F0C5F91023D222DF216E20FFF739
:101FA00071FC49A2DF210020FFF7E0F92046FEF78F
:101FB00003FA002000F0A2F9FEF7C4FF304600F05B
:101FC000AFF9502278211046FFF702FC284600F0B6
:101FD000A7F950227821A020FFF7FAFBFF2000F09C
:101FE0009FF950227821F020FFF7F2FB2046BDE850
:101FF0007040FEF7E1B900003C00002021232425B9
:10200000262728292A2B2C2D2E30313233343536F1
:10201000000000004800002021232425262728292D
:102020002A2B2C2D2E303132333435363738393A8D
:102030000000000054000020600000206C00002020
:1020400080FFFF004C43445F424C554500000000B8
:102050004C43445F475245454E0000004C43445FAB
:10206000524544004C43445F4359414E0000000038
:102070004C43445F4D4147454E5441004C43445FFF
:1020800059454C4C4F5700002C2C2C004C43445FBE
:102090004752455900000000FF8080004C494748E6
:1020A000545F424C5545000080FF80004C49474832
:1020B000545F475245454E008080FF004C494748D9
:1020C000545F5245440000004C494748545F43590F
:1020D000414E000008B5002000F010F9FEF732FF75
:1020E000184800F01DF91848532300901A4637216C
:1020F0001320FFF78DFA154800F012F91448532306
:1021000000901A4637218D20FFF782FA114800F01F
:1021100007F91148532300901A46AF211320FFF707
:1021200077FA0E4800F0FCF80D48532300901A4649
:10213000AF218D20FFF76CFABDE808404FF4FA603C
:10214000FEF73AB98DE5F60078920008FBF9DF005A
:1021500009960008A8D39D009A9900085387FF00AC
:102160002B9D000870B500F07BFA5B4C0022042127
:102170002046FEF79BFA0A20FEF7AEFF012204215B
:102180002046FEF793FA0A20FEF7A6FFD320440765
:10219000208052480188524D018801884FF6FF7215
:1021A00002EA0122018811432980E02121800021D7
:1021B0000180032101800C21018009210180172168
:1021C0000180092101803E2101808921018049216E
:1021D0000180082101800D2101800A210180132145
:1021E0000180152101800F210180E1212180002142
:1021F00001801121018015210180032101800F211F
:102200000180052101802D2101803421018041219F
:102210000180022101800B2101800A2101803321EC
:102220000180372101800F210180C02121801721E9
:10223000018015210180C121218041210180C5211A
:10224000218000210180122101808021018036211E
:102250002180482101803A21218055210180B0212F
:10226000218000210180B1212180A0210180B421A1
:10227000218002210180B62121800221018001807C
:10228000E921218000210180F7212180A9210180FD
:10229000512101802C210180822101801120208088
:1022A0009620FEF719FF29202080002000F026F854
:1022B0006FF07F4000F034F80B490A4808600120B5
:1022C0006874FEF7D7FFFEF73DFEBDE870400122BF
:1022D00011030648FEF7EAB9000802400000026058
:1022E000280100204800002078000020000C024057
:1022F0000149086070470000780000204FF47841E1
:102300004FF4FC6201EA102102EA5012C0F3C4004B
:10231000114301430148C1607047000028010020BB
:102320004FF478414FF4FC6201EA102102EA5012A6
:10233000C0F3C400114301430148816070470000AD
:102340002801002010B54FF0C0432A221A800A4A03
:10235000040A1480C0B2108001201080DF20108099
:102360002B201880080A1080C8B21080012010802D
:10237000DF20108010BD0000000002600C494860A2
:10238000808814280FD005DC0C280AD0102807D12B
:10239000084804E0182808D0202801D10648086021
:1023A00070470648FBE70648F9E70648F7E70000EC
:1023B00078000020600000203C0000206C0000201D
:1023C0005400002048000020014948747047000074
:1023D0002801002010B50020FFF790FFFEF7B2FDA6
:1023E0006FF07F40FFF79CFF5A48FFF781FF002105
:1023F00059A20846FEF7BAFF5B48FFF779FF5BA2D8
:1024000020210020FEF7B2FF5D48FFF771FF5DA2BB
:1024100038210020FEF7AAFF5F48FFF769FF5FA29F
:102420004C210020FEF7A2FF6248FFF761FF62A285
:102430005C210020FEF79AFF4FF6FF70FFF770FF58
:102440005C48FFF755FF5CA268210020FEF78EFF75
:102450005148FFF74DFF51A274210020FEF786FF7F
:102460004748FFF745FF47A284210020FEF77EFF83
:102470003D48FFF73DFF3DA298210020FEF776FF83
:102480003448FFF735FF34A2B0210020FEF76EFF7D
:102490003048FFF72DFF4F48FFF742FF09234E4A10
:1024A000DC210020FEF72AFF0020FFF78DFF092323
:1024B0004A4AFC210020FEF721FF0120FFF784FF9C
:1024C000092340F2D2424FF48E710020FEF716FF2E
:1024D0004348FFF753FF4348FFF722FF42A24FF460
:1024E000A5710020FEF760FF4248FFF747FF424812
:1024F000FFF716FF3CA24FF4AF710020FEF754FF28
:102500003E48FFF73BFF3E48FFF70AFF36A24FF475
:10251000B9710020FEF748FF3A48FFF72FFF3A480D
:10252000FFF7FEFE30A24FF4C8710020FEF73CFF1B
:102530003648FFF723FF3648FFF7F2FE2AA24FF492
:10254000D7710020FEF730FFBDE810404FF4FA606D
:10255000FDF732BF3C00002021232425262728290F
:102560002A2B2C2D2E303100480000202123242539
:10257000262728292A2B2C2D2E30313233340000E7
:102580005400002021232425262728292A2B2C2DFE
:102590002E303132333435006000002021232425D1
:1025A000262728292A2B2C2D2E303132333435364C
:1025B000370000006C00002021232425262728292D
:1025C0002A2B2C2D2E303132333435363738393AE8
:1025D0000000000000FFFF009999991940E20100F6
:1025E00000000020D1C68AFFC2B9D0A1B0E0BFC6AA
:1025F000BCBC00000C000020A5E1C5FF18000020B5
:102600008A242DFF240000205D58FFFF30000020A9
:102610003C00F6FF30B587B014216846FDF708FE90
:102620000D480024016841F00401016000680B4D71
:1026300000F004000590224601212846FEF736F8F6
:1026400001210091CDE90114694628460394FDF764
:1026500035FF07B030BD00003038024000080240AE
:1026600070B58EB01C216846FDF7E2FD1C2107A85D
:10267000FDF7DEFD19484FF0204110220160184996
:10268000416000218160C160C0E904128161C161C3
:1026900013020162C0E909139302C0E90B134163FD
:1026A00081634164062002230F24CDE900340A250A
:1026B00009901126CDE90205CDE904260DF1180C8B
:1026C00006488CE81A00CDE90A52CDE90C6107AA48
:1026D0006946FEF723FB0EB070BD0000D800002055
:1026E000040100A0FEE7FEE770477047FDF7EABF70
:1026F00030B593B030216846FDF79AFD14210CA83F
:10270000FDF796FD1E480025016841F080510160EB
:10271000006800F0805011901A48016841F480412F
:1027200001600068022400F48040119001200090B4
:10273000000401908001CDE90640082008904FF484
:10274000A870CDE9090404200B906846FEF730F923
:1027500008B172B6FEE70CA90F2081E831004FF4F2
:10276000A0500F904FF48050109005210CA8FEF758
:1027700035F8002801D072B6FEE713B030BD000076
:1027800040380240007000400248016841F4700186
:102790000160704788ED00E070B50446006801698B
:1027A000E26821F44051114301612169A068E269A6
:1027B00008436169114308432168CA6849F20C6300
:1027C0009A430243CA6020684169A26921F44071BA
:1027D0001143416131492068884202D03049884222
:1027E00002D1FEF7A5F801E0FEF792F8E2690023B6
:1027F000192164253226B2F5004F626828D0A0FB6B
:102800000101930F9200FDF7DBFC0146B0FBF5F0F0
:102810006FF01802504301EB800006EB0010B0FB94
:10282000F5F000F0F002B1FBF5F002EB0012B1FBA5
:10283000F5F06FF01803584301EB800006EB001031
:10284000B0FBF5F000F00F0021681044886070BD07
:10285000A0FB010192185B41FDF7B2FC0146B0FB01
:10286000F5F00201B1FBF5F06FF01803584301EBEE
:10287000800006EBC000B0FBF5F000F0F80002EBC2
:102880004002B1FBF5F0584301EB800006EBC000BD
:10289000B0FBF5F000F00700D6E7000000100140A3
:1028A000001401402DE9F041984617460E460446B3
:1028B000069D27E0681C25D02DB1FDF7FDFEA0EB9D
:1028C0000800A8421ED920680C3050E8001F21F4EF
:1028D000D07140E80012002AF5D12068143050E889
:1028E000001F21F0010140E80012002AF5D120204C
:1028F00084F83D0084F83E00002084F83C0003206A
:10290000BDE8F0812068006836EA000004D00020AD
:10291000B842CFD00020F3E70120F9E70848074983
:1029200001604FF4E1314160002181600822C16003
:10293000C0E904128161C161FEF734BA00100140A0
:1029400094000020FEE70000014A024900F023B88D
:10295000B9290008900000200907090E002804DBAF
:1029600000F1E02080F80014704700F00F0000F143
:10297000E02080F8141D704702E008C8121F08C14B
:10298000002AFAD170477047002001E001C1121FF0
:10299000002AFBD170472DE9F04116460F46044648
:1029A000002503E03946B047641C6D1C20780028E0
:1029B000F8D12846BDE8F08113B5642301226946A9
:1029C0000248FEF765FA00981CBD00009400002044
:1029D000FDF780FEFFF78CFEFFF71CFEFFF79EFF62
:1029E000FFF7C0FB0DA0FFF7AFFF15A0FFF7ACFF8F
:1029F0000120FEF73FFCFEF7BDFAFFF7EBFCFEF708
:102A00006DFFFEF7F9FAFFF7ABF8FFF763FB002065
:102A1000FEF730FCFFF79EF9EAE70000C2B9D0A14B
:102A2000B0E02D53544D333246343037564554368A
:102A3000BACBD0C4B0E5B2E2CAD40D0A000000009F
:102A4000544654204C4344C7FDB6AFC0FDB3CC0D33
:102A50000A0000004000FE079200FE079204FE07F5
:102A600002008A04BA028A01AA041907C2B9200026
:102A70000000000000000000000000000000000056
:102A8000000000002000200020002000240124027B
:102A9000220222042104200020003800D0A12000BE
:102AA0000000000000000000000000000000000026
:102AB000000000002000A70722012A012A012F019F
:102AC000AA072601220116011301C807B0E0200061
:102AD00000000000000000000000000000000000F6
:102AE0000000000008012701440104013F014401E6
:102AF0000E011607E501040104010401BFC6200010
:102B000000000000000000000000000000000000C5
:102B10000000000084008400F4078F008400F403A8
:102B20002C0227024401840044013606BCBC20006C
:102B30000000000000000000000000000000000095
:102B40000000000000000000000000000000000085
:102B50000000000000000000000000000000000075
:102B60000000000000000000000000000000000065
:102B70000000000000000000000000000000000055
:102B80000000000000000000000000000000000045
:102B90000000000000000000000000000000000035
:102BA0000000000000000000000000000000000025
:102BB0000000000000000000000000000000000015
:102BC0000000000000000000000000000000000005
:102BD00000000000000000000000000000000000F5
:102BE00000000000000000000000000000000000E5
:102BF00000000000000000000000000000000000D5
:102C000000000000000000000000000000000000C4
:102C100000000000000000000000000000000000B4
:102C200000000000000000000000000000000000A4
:102C30000000000080000001FC7F44044404FC3FCD
:102C400044244424FC3F14021422F41A12061222D3
:102C5000D122303CC2B9200000000000000000007A
:102C60000000000000000000000000000000000064
:102C70000000000080008000800080008000880844
:102C80008810882084208440824081408000800019
:102C9000A0004000D0A120000000000000000000C3
:102CA0000000000000000000000000000000000024
:102CB00000000000000100011F7D44114411441177
:102CC00044115F7D4411241104119C108710427C33
:102CD00020001000B0E02000000000000000000014
:102CE00000000000000000000000000000000000E4
:102CF000000000001008B8080F0908090808BF08FC
:102D000008091C092C080A78CA0F090808080808CD
:102D100008080808BFC620000000000000000000EE
:102D200000000000000000000000000000000000A3
:102D300000000000080408040804C87F3F040804D9
:102D40000804A83F18210C110B12080A0804080AED
:102D50008A116460BCBC200000000000000000007C
:102D60000000000000000000000000000000000063
:102D70000000000000000000000000000000000053
:102D80000000000000000000000000000000000043
:102D90000000000000000000000000000000000033
:102DA0000000000000000000000000000000000023
:102DB0000000000000000000000000000000000013
:102DC0000000000000000000000000000000000003
:102DD00000000000000000000000000000000000F3
:102DE00000000000000000000000000000000000E3
:102DF00000000000000000000000000000000000D3
:102E000000000000000000000000000000000000C2
:102E100000000000000000000000000000000000B2
:102E200000000000000000000000000000000000A2
:102E30000000000000000000000000000000000092
:102E40000000000000000000000000000000000082
:102E50000000000000000000000000000000000072
:102E60000000000000000000000000000000000062
:102E70000000000000000000000000000000000052
:102E80000000000000000000000000000000000042
:102E90000000000000000000000000000000000032
:102EA0000000000000000000000000000000000022
:102EB00000000000000000000400000C00F8EE0319
:102EC000081100081100F8FF01081101081101F8AC
:102ED000F701080801C81001489001C873004810A4
:102EE00002481402441302C4F00302000000000070
:102EF000C2B9200000000000000000000000000037
:102F000000000000000000000000000000000000C1
:102F100000000000000000000000000000000000B1
:102F200000000000000000000000000000000000A1
:102F30000400000400000400000400000400400439
:102F40000060240020C4002084011004030804034E
:102F500008040204040200040000040000040080CD
:102F60000700000200000000D0A1200000000000C7
:102F70000000000000000000000000000000000051
:102F80000000000000000000000000000000000041
:102F90000000000000000000000000000000000031
:102FA00000000000000000000400EC040010BC035E
:102FB000104400104400104400104500FC4500106F
:102FC000E503904400104400104400D04200304219
:102FD000000E410082F807400000300000000000B1
:102FE000B0E0200000000000000000000000000031
:102FF00000000000000000000000000000000000D1
:1030000000000000000000000000000000000000C0
:1030100000000000000000000000000000000000B0
:103020008000C081003C800020880020900020901B
:1030300000FC8100208000608800B0900030810793
:1030400028F90024870022800020800020800020B2
:103050008000208000000000BFC6200000000000AB
:103060000000000000000000000000000000000060
:103070000000000000000000000000000000000050
:103080000000000000000000000000000000000040
:103090000000000000000010100030200020200080
:1030A000202000FCFF03202000202000202000E042
:1030B000F801380401268400208800204800207090
:1030C000002030002048003C8603900102000000F0
:1030D000BCBC200000000000000000000000000058
:1030E00000000000000000000000000000000000E0
:1030F00000000000000000000000000000000000D0
:1031000000000000000000000000000000000000BF
:1031100000000000000000000000000000000000AF
:10312000000000000000000000000000000000009F
:10313000000000000000000000000000000000008F
:10314000000000000000000000000000000000007F
:10315000000000000000000000000000000000006F
:10316000000000000000000000000000000000005F
:10317000000000000000000000000000000000004F
:10318000000000000000000000000000000000003F
:10319000000000000000000000000000000000002F
:1031A000000000000000000000000000000000001F
:1031B000000000000000000000000000000000000F
:1031C00000000000000000000000000000000000FF
:1031D00000000000000000000000000000000000EF
:1031E00000000000000000000000000000000000DF
:1031F00000000000000000000000000000000000CF
:1032000000000000000000000000000000000000BE
:1032100000000000000000000000000000000000AE
:10322000000000000000000000000000000000009E
:10323000000000000000000000000000000000008E
:10324000000000000000000000000000000000007E
:10325000000000000000000000000000000000006E
:10326000000000000000000000000000000000005E
:10327000000000000000000000000000000000004E
:10328000000000000000000000000000000000003E
:10329000000000000000000000000000000000002E
:1032A000000000000000000000000000000000001E
:1032B000000000000000000000000000000000000E
:1032C00000000000000000000000000000000000FE
:1032D00000000000000000000000000000000000EE
:1032E00000000000000000000000000000000000DE
:1032F00000000000000000000000000000000000CE
:1033000000000000000000000000000000000000BD
:1033100000000000000000000000000000000000AD
:10332000000000000000000000000000000000009D
:10333000000000000000000000000000000000008D
:10334000000000000000000000000000000000007D
:10335000000000000000000000000000000000006D
:1033600000000000000000001000003010F0FF3FDF
:10337000104200104200104200F0FF1F10420810DF
:103380004208104208F0FF0F10200890C000904142
:103390000890410E904F0398C10088411088491051
:1033A00084473084C13F020000000000C2B9200001
:1033B000000000000000000000000000000000000D
:1033C00000000000000000000000000000000000FD
:1033D00000000000000000000000000000000000ED
:1033E00000000000000000000000000000000000DD
:1033F000000000000000000000000018000018009D
:1034000000100000100000100000100080900080EC
:103410001101C0100240100460101C301018101070
:1034200030081030041020001000001000001000C0
:10343000001900001E00000C00000000D0A12000B8
:10344000000000000000000000000000000000007C
:10345000000000000000000000000000000000006C
:10346000000000000000000000000000000000005C
:10347000000000000000000000000000000000004C
:1034800000000000000000001000003000FED13FEE
:10349000201002201002201002201002201402FC32
:1034A000150220140220D63F201202201202201002
:1034B00002A009026008021C0802060402000202BF
:1034C00000F13FC00000200000000000B0E020003C
:1034D00000000000000000000000000000000000EC
:1034E00000000000000000000000000000000000DC
:1034F00000000000000000000000000000000000CC
:1035000000000000000000000000000000000000BB
:103510000000000000000000000400070CF8000498
:10352000C00004C06004C0C004C00004FE0704C0A2
:103530000004C02004E06004E04304F04624D044CA
:1035400074C8800FC87804C40404C20004C0000416
:10355000C00004C00004C00004400004BFC6200036
:10356000000000000000000000000000000000005B
:10357000000000000000000000000000000000004B
:10358000000000000000000000000000000000003B
:10359000000000000000000000000000000000002B
:1035A00000000000000000208000608001608000BA
:1035B000608000608000FEFF3F60800060800060EF
:1035C0008000608200E0FD1F7010086E100C642007
:1035D0000460200660400260400360800160400398
:1035E00064300E780C7C200310000000BCBC20006E
:1035F00000000000000000000000000000000000CB
:1036000000000000000000000000000000000000BA
:1036100000000000000000000000000000000000AA
:10362000000000000000000000000000000000009A
:10363000000000000000000000000000000000008A
:10364000000000000000000000000000000000007A
:10365000000000000000000000000000000000006A
:10366000000000000000000000000000000000005A
:10367000000000000000000000000000000000004A
:10368000000000000000000000000000000000003A
:10369000000000000000000000000000000000002A
:1036A000000000000000000000000000000000001A
:1036B000000000000000000000000000000000000A
:1036C00000000000000000000000000000000000FA
:1036D00000000000000000000000000000000000EA
:1036E00000000000000000000000000000000000DA
:1036F00000000000000000000000000000000000CA
:1037000000000000000000000000000000000000B9
:1037100000000000000000000000000000000000A9
:103720000000000000000000000000000000000099
:103730000000000000000000000000000000000089
:103740000000000000000000000000000000000079
:103750000000000000000000000000000000000069
:103760000000000000000000000000000000000059
:103770000000000000000000000000000000000049
:103780000000000000000000000000000000000039
:103790000000000000000000000000000000000029
:1037A0000000000000000000000000000000000019
:1037B0000000000000000000000000000000000009
:1037C00000000000000000000000000000000000F9
:1037D00000000000000000000000000000000000E9
:1037E00000000000000000000000000000000000D9
:1037F00000000000000000000000000000000000C9
:1038000000000000000000000000000000000000B8
:1038100000000000000000000000000000000000A8
:103820000000000000000000000000000000000098
:103830000000000000000000000000000000000088
:103840000000000000000000000000000000000078
:103850000000000000000000000000000000000068
:103860000000000000000000000000000000000058
:103870000000000000000000000000000000000048
:103880000000000000000000000000000000000038
:103890000000000000000000000000000000000028
:1038A0000000000000000000000000000000000018
:1038B0000000000000000000000000000000000008
:1038C00000000000000000000000000000000000F8
:1038D00000000000000000000000000000000000E8
:1038E00000000000000000000000000000000000D8
:1038F00000000000000000000000000000000000C8
:1039000000000000000000000000000000000000B7
:1039100000000000000000000000000000000000A7
:103920000000000000000000000000000000000097
:103930000000000000000000000000000000000087
:103940000000000000000000000000000000000077
:103950000000000000000000000000000000000067
:103960000000000000000000000000000000000057
:103970000000000000000000000000000000000047
:103980000000000000000000000000000000000037
:103990000000000000000000000000000000000027
:1039A0000000000000000000000000000000000017
:1039B0000000000000000000000000000000000007
:1039C00000000000000000000000000000000000F7
:1039D00000000000000000000000000000000000E7
:1039E00000000000000000000000000000000000D7
:1039F00000000000000000000000000000000000C7
:103A000000000000000000000000000000000000B6
:103A100000000000000000000000000000000000A6
:103A20000000000000000000000000000000000096
:103A30000000000000000000000000000000000086
:103A40000000000000000000000000000000000076
:103A50000000000000000000000000000000000066
:103A60000000000000000000000000000000000056
:103A70000000000000000000000000000000000046
:103A80000000000000000000000000000000000036
:103A90000000000000000000000000000000000026
:103AA0000000000000000000000000000000000016
:103AB0000000000000000000000000000000000006
:103AC00000000000000000000000000000000000F6
:103AD00000000000000000000000000000000000E6
:103AE00000000000000000000000000000000000D6
:103AF00000000000000000000000000000000000C6
:103B000000000000000000000000000000000000B5
:103B100000000000000000000000000000000000A5
:103B20000000000000000000000000000000000095
:103B30000000000000000000000000000000000085
:103B40000000000000000000000000000000000075
:103B50000000000000000000000000000000000065
:103B60000000000000000000000000000000000055
:103B70000000000000000000000000000000000045
:103B80000000000000000000000000000000000035
:103B90000000000000000000000000000000000025
:103BA0000000000000000000000000000000000015
:103BB0000000000000000000000000000000000005
:103BC00000000000000000000000000000000000F5
:103BD00000000000000000000000000000000000E5
:103BE00000000000000000000000000000000000D5
:103BF00000000000000000000000000000000000C5
:103C000000000000000000000000000000000000B4
:103C100000000000000000000000000000000000A4
:103C20000000000000000000000000000000000094
:103C30000000000000000000000000000000000084
:103C40000000000000000000000000000000000074
:103C50000000000000000000000000000000000064
:103C60000000000000000000000000000000000054
:103C70000000000000000000000000000000000044
:103C80000000000000000000000000000000000034
:103C90000000000000000000000000000000000024
:103CA0000000000000000000000000000000000014
:103CB0000000000000000000000000000000000004
:103CC00000000000000000000000000000000000F4
:103CD00000000000000000000000000000000000E4
:103CE00000000000000000000000000000000000D4
:103CF00000000000000000000000000000000000C4
:103D000000000000000000000000000000000000B3
:103D100000000000000000000000000000000000A3
:103D20000000000000000000000000000000000093
:103D30000000000000000000000000000000000083
:103D40000000000000000000000000000000000073
:103D50000000000000000000000000000000000063
:103D60000000000000000000000000000000000053
:103D70000000000000000000000000000000000043
:103D80000000000000000000000000000000000033
:103D90000000000000000000000000000000000023
:103DA0000000000000000000000000000000000013
:103DB0000000000000000000000000000000000003
:103DC00000000000000000000000000000000000F3
:103DD00000000000000000000000000000000000E3
:103DE00000000000000000000000000000000000D3
:103DF00000000000000000000000000000000000C3
:103E000000000000000000000000000000000000B2
:103E100000000000000000000000000000000000A2
:103E20000000000000000000000000000000000092
:103E30000000000000000000000000000000000082
:103E40000000000000000000000000000000000072
:103E50000000000000000000000000000000000062
:103E60000000000000000000000000000000000052
:103E70000000000000000000000000000000000042
:103E80000000000000000000000000000000000032
:103E90000000000000000000000000000000000022
:103EA0000000000000000000000000000000000012
:103EB0000000000000000000000000000000000002
:103EC00000000000000000000000000000000000F2
:103ED00000000000000000000000000000000000E2
:103EE00000000000000000000000000000000000D2
:103EF00000000000000000000000000000000000C2
:103F000000000000000000000000000000000000B1
:103F100000000000000000000000000000000000A1
:103F20000000000000000000000000000000000091
:103F30000000000000000000000000000000000081
:103F40000000000000000000000000000000000071
:103F50000000000000000000000000000000000061
:103F60000000000000000000000000000000000051
:103F70000000000000000000000000000000000041
:103F80000000000000000000000000000000000031
:103F90000000000000000000000000000000000021
:103FA0000000000000000000000000000000000011
:103FB0000000000000000000000000000000000001
:103FC00000000000000000000000000000000000F1
:103FD00000000000000000000000000000000000E1
:103FE00000000000000000000000000000000000D1
:103FF00000000000000000000000000000000000C1
:1040000000000000000000000000000000000000B0
:1040100000000000000000000000000000000000A0
:104020000000000000000000000000000000000090
:104030000000000000000000000000000000000080
:104040000000000000000000000000000000000070
:104050000000000000000000000000000000000060
:104060000000000000000000000000000000000050
:104070000000000000000000000000000000000040
:104080000000000000000000000000000000000030
:104090000000000000000000000000000000000020
:1040A0000000000000000000000000000000000010
:1040B0000000000000000000000000000000000000
:1040C00000000000000000000000000000000000F0
:1040D00000000000000000000000000000000000E0
:1040E00000000000000000000000000000000000D0
:1040F00000000000000000000000000000000000C0
:1041000000000000000000000000000000000000AF
:10411000000000000000000000000000000000009F
:10412000000000000000000000000000000000008F
:10413000000000000000000000000000000000007F
:10414000000000000000000000000000000000006F
:10415000000000000000000000000000000000005F
:10416000000000000000000000000000000000004F
:10417000000000000000000000000000000000003F
:10418000000000000000000000000000000000002F
:10419000000000000000000000000000000000001F
:1041A000000000000000000000000000000000000F
:1041B00000000000000000000000000000000000FF
:1041C00000000000000000000000000000000000EF
:1041D00000000000000000000000000000000000DF
:1041E00000000000000000000000000000000000CF
:1041F00000000000000000000000000000000000BF
:1042000000000000000000000000000000000000AE
:10421000000000000000000000000000000000009E
:10422000000000000000000000000000000000008E
:10423000000000000000000000000000000000007E
:10424000000000000000000000000000000000006E
:10425000000000000000000000000000000000005E
:10426000000000000000000000000000000000004E
:10427000000000000000000000000000000000003E
:10428000000000000000000000000000000000002E
:10429000000000000000000000000000000000001E
:1042A000000000000000000000000000000000000E
:1042B00000000000000000000000000000000000FE
:1042C00000000000000000000000000000000000EE
:1042D00000000000000000000000000000000000DE
:1042E00000000000000000000000000000000000CE
:1042F00000000000000000000000000000000000BE
:1043000000000000000000000000000000000000AD
:10431000000000000000000000000000000000009D
:10432000000000000000000000000000000000008D
:10433000000000000000000000000000000000007D
:10434000000000000000000000000000000000006D
:10435000000000000000000000000000000000005D
:10436000000000000000000000000000000000004D
:10437000000000000000000000000000000000003D
:10438000000000000000000000000000000000002D
:10439000000000000000000000000000000000001D
:1043A000000000000000000000000000000000000D
:1043B00000000000000000000000000000000000FD
:1043C00000000000000000000000000000000000ED
:1043D00000000000000000000000000000000000DD
:1043E00000000000000000000000000000000000CD
:1043F00000000000000000000000000000000000BD
:1044000000000000000000000000000000000000AC
:10441000000000000000000000000000000000009C
:10442000000000000000000000000000000000008C
:10443000000000000000000000000000000000007C
:10444000000000000000000000000000000000006C
:10445000000000000000000000000000000000005C
:10446000000000000000000000000000000000004C
:10447000000000000000000000000000000000003C
:10448000000000000000000000000000000000002C
:10449000000000000000000000000000000000001C
:1044A000000000000000000000000000000000000C
:1044B00000000000000000000000000000000000FC
:1044C00000000000000000000000000000000000EC
:1044D00000000000000000000000000000000000DC
:1044E00000000000000000000000000000000000CC
:1044F00000000000000000000000000000000000BC
:1045000000000000000000000000000000000000AB
:10451000000000000000000000000000000000009B
:10452000000000000000000000000000000000008B
:10453000000000000000000000000000000000007B
:10454000000000000000000000000000000000006B
:10455000000000000000000000000000000000005B
:10456000000000000000000000000000000000004B
:10457000000000000000000000000000000000003B
:10458000000000000000000000000000000000002B
:10459000000000000000000000000000000000001B
:1045A000000000000000000000000000000000000B
:1045B0000000000000800000000003000000030075
:1045C0002000020CE0FFFF1F60300C0060300C0088
:1045D00060300C04E0FFFF0F60300C0460300C040E
:1045E00060300C0460300C04E0FFFF076000000442
:1045F0006000040060041C00600C0C0460040C0FDC
:1046000060C48C0320FCED0020041C0030040C006E
:1046100010040D0810C40C0808340C18081E1838B3
:10462000040CF81F0200000000000000C2B92000C6
:10463000000000000000000000000000000000007A
:10464000000000000000000000000000000000006A
:10465000000000000000000000000000000000005A
:10466000000000000000000000000000000000004A
:10467000000000000000000000000000000000003A
:10468000000000000000000000000000000000002A
:10469000000000000000000000000000000000001A
:1046A000000000000000000000000000000000000A
:1046B0000000000000800000008007000080010072
:1046C00000800100008001000080010000800100E6
:1046D0000080010000820100008E21000086410060
:1046E00000878100008381018081010380810106B0
:1046F000C080010E4080011C6080011C30800118C8
:104700001080011808800110048001000080010061
:104710000080010000800100008C010000F0010019
:1047200000E000000040000000000000D0A12000D8
:104730000000000000000000000000000000000079
:104740000000000000000000000000000000000069
:104750000000000000000000000000000000000059
:104760000000000000000000000000000000000049
:104770000000000000000000000000000000000039
:104780000000000000000000000000000000000029
:104790000000000000000000000000000000000019
:1047A0000000000000000000000000000000000009
:1047B000000000000000010000000700000C0318CA
:1047C000FC1FFF3FC0008301C0008301C0008301C4
:1047D000C0008301C0008301C0008301C0248301A5
:1047E000FC2F8301C0208309C020FF1FC03083013C
:1047F000C0188101C0008101C0008101C090810109
:10480000C08C8101C0838001F0C080013E408001E6
:104810000C208001003080110008FE3F00060000DF
:1048200000010000C000000000000000B0E0200017
:104830000000000000000000000000000000000078
:104840000000000000000000000000000000000068
:104850000000000000000000000000000000000058
:104860000000000000000000000000000000000048
:104870000000000000000000000000000000000038
:104880000000000000000000000000000000000028
:104890000000000000000000000000000000000018
:1048A0000000000000000000000000000000000008
:1048B000000000000000000100300007003C000381
:1048C000E00700031C0300030003060300030C03BE
:1048D000000318030003180300230003FC7F0003F8
:1048E000000300030003020380030603800F0C0390
:1048F000C03B0803403300336023003F2023F00314
:1049000010830F0308630003040300030203000382
:10491000000300030003000300030003000300037F
:10492000000300030001000100000000BFC62000DA
:104930000000000000000000000000000000000077
:104940000000000000000000000000000000000067
:104950000000000000000000000000000000000057
:104960000000000000000000000000000000000047
:104970000000000000000000000000000000000037
:104980000000000000000000000000000000000027
:104990000000000000000000000000000000000017
:1049A0000000000000000000000000000000000007
:1049B00000000000800010008003700080013000C3
:1049C00080013000800130008001300080193018F3
:1049D000FCFFFF3F8001300080013000800130008B
:1049E000800130008031300480CDFF0F800301064C
:1049F000F0010106BC0102038C0102038001860163
:104A0000800184018001CC00800168008001700079
:104A1000800178008001EC008001C703F881011F4C
:104A2000E071003E400C000000000000BCBC200013
:104A30000000000000000000000000000000000076
:104A40000000000000000000000000000000000066
:104A50000000000000000000000000000000000056
:104A60000000000000000000000000000000000046
:104A70000000000000000000000000000000000036
:104A80000000000000000000000000000000000026
:104A90000000000000000000000000000000000016
:104AA0000000000000000000000000000000000006
:104AB00000000000000000000000000000000000F6
:104AC00000000000000000000000000000000000E6
:104AD00000000000000000000000000000000000D6
:104AE00000000000000000000000000000000000C6
:104AF00000000000000000000000000000000000B6
:104B000000000000000000000000000000000000A5
:104B10000000000000000000000000000000000095
:104B20000000000000000000000000000000000085
:104B30000000000000000000000000000000000075
:104B40000000000000000000000000000000000065
:104B50000000000000000000000000000000000055
:104B60000000000000000000000000000000000045
:104B70000000000000000000000000000000000035
:104B80000000000000000000000000000000000025
:104B90000000000000000000000000000000000015
:104BA0000000000000000000000000000000000005
:104BB00000000000000000000000000000000000F5
:104BC00000000000000000000000000000000000E5
:104BD00000000000000000000000000000000000D5
:104BE00000000000000000000000000000000000C5
:104BF00000000000000000000000000000000000B5
:104C000000000000000000000000000000000000A4
:104C10000000000000000000000000000000000094
:104C20000000000000000000000000000000000084
:104C30000000000000000000000000000000000074
:104C40000000000000000000000000000000000064
:104C50000000000000000000000000000000000054
:104C60000000000000000000000000000000000044
:104C70000000000000000000000000000000000034
:104C80000000000000000000000000000000000024
:104C90000000000000000000000000000000000014
:104CA0000000000000000000000000000000000004
:104CB00000000000000000000000000000000000F4
:104CC00000000000000000000000000000000000E4
:104CD00000000000000000000000000000000000D4
:104CE00000000000000000000000000000000000C4
:104CF00000000000000000000000000000000000B4
:104D000000000000000000000000000000000000A3
:104D10000000000000000000000000000000000093
:104D20000000000000000000000000000000000083
:104D30000000000000000000000000000000000073
:104D40000000000000000000000000000000000063
:104D50000000000000000000000000000000000053
:104D60000000000000000000000000000000000043
:104D70000000000000000000000000000000000033
:104D80000000000000000000000000000000000023
:104D90000000000000000000000000000000000013
:104DA0000000000000000000000000000000000003
:104DB00000000000000000000000000000000000F3
:104DC00000000000000000000000000000000000E3
:104DD00000000000000000000000000000000000D3
:104DE00000000000000000000000000000000000C3
:104DF00000000000000000000000000000000000B3
:104E000000000000000000000000000000000000A2
:104E10000000000000000000000000000000000092
:104E20000000000000000000000000000000000082
:104E30000000000000000000000000000000000072
:104E40000000000000000000000000000000000062
:104E50000000000000000000000000000000000052
:104E60000000000000000000000000000000000042
:104E70000000000000000000000000000000000032
:104E80000000000000000000000000000000000022
:104E90000000000000000000000000000000000012
:104EA0000000000000000000000000000000000002
:104EB00000000000000000000000000000000000F2
:104EC00000000000000000000000000000000000E2
:104ED00000000000000000000000000000000000D2
:104EE00000000000000000000000000000000000C2
:104EF00000000000000000000000000000000000B2
:104F000000000000000000000000000000000000A1
:104F10000000000000000000000000000000000091
:104F20000000000000000000000000000000000081
:104F30000000000000000000000000000000000071
:104F40000000000000000000000000000000000061
:104F50000000000000000000000000000000000051
:104F60000000000000000000000000000000000041
:104F70000000000000000000000000000000000031
:104F80000000000000000000000000000000000021
:104F90000000000000000000000000000000000011
:104FA0000000000000000000000000000000000001
:104FB00000000000000000000000000000000000F1
:104FC00000000000000000000000000000000000E1
:104FD00000000000000000000000000000000000D1
:104FE00000000000000000000000000000000000C1
:104FF0000000000000000000C003C003C003C003A5
:10500000C003C00380038001800180018001800112
:105010008001800180010000000000008001C003C9
:10502000C00380010000000000000000000000003C
:10503000C018E01CE01C700E300618038C018400C0
:105040000000000000000000000000000000000060
:105050000000000000000000000000000000000050
:105060000000000000000000000000000000000040
:105070000000000000000000201020102010201070
:105080002010FE7FFE7FFE7F100810081008100819
:1050900010081008FE7FFE7FFE7F180C080408042D
:1050A00008040804000000000000000000000000E8
:1050B0000000000080008000C003B00C9018981819
:1050C000981C981CB800B000F000E000C0038007F6
:1050D000800F800C801C80189C189C188C188C0CDD
:1050E0009806E003800080008000000000000000BF
:1050F00000000000000000001C08360822046304C1
:10510000630263026302630163012201B61C9C36E1
:1051100040224063406320632063106310631022C9
:105120000836081C0000000000000000000000001D
:105130000000000000000000F00098008C018C01CD
:105140008C018C018C00CC005C0038001C3E3C08BB
:10515000320873086304E304C304830383430667CC
:105160008C3E781C000000000000000000000000E1
:105170001C003C003C003000300010000C00060019
:10518000000000000000000000000000000000001F
:10519000000000000000000000000000000000000F
:1051A00000000000000000000000000000000000FF
:1051B0000040002000100018000C0004000600024F
:1051C00000030003800180018001800180018001D3
:1051D000800180018001000300030002000600043A
:1051E000000C00180010002000400000000000002B
:1051F0000200040008001800300020006000400099
:10520000C000C00080018001800180018001800118
:10521000800180018001C000C000C000600020004B
:105220003000180008000400020000000000000028
:1052300000000000000000000000000000038003E8
:1052400080030C631C713839600D80038003600D8E
:1052500038391C718C6180038003800300000000DA
:10526000000000000000000000000000000000003E
:10527000000000000000000000000000000000012D
:10528000000100010001000100010001FC7F00019C
:105290000001000100010001000100010000000008
:1052A00000000000000000000000000000000000FE
:1052B00000000000000000000000000000000000EE
:1052C00000000000000000000000000000000000DE
:1052D0000000000000000000000000001C003C0076
:1052E0003C003000300010000C0006000000000000
:1052F00000000000000000000000000000000000AE
:10530000000000000000000000000000FE7F000020
:10531000000000000000000000000000000000008D
:10532000000000000000000000000000000000007D
:10533000000000000000000000000000000000006D
:10534000000000000000000000000000000000005D
:1053500000000000000000000000000018003C00F9
:105360003C001800000000000000000000000000E9
:10537000000000400060002000300010001800080D
:10538000000C000400060002000300018001800000
:10539000C00040006000200030001000180008002D
:1053A0000C000400060002000000000000000000E5
:1053B0000000000000000000C0036004300C18185A
:1053C000181818100C300C300C300C300C300C301D
:1053D0000C300C300C300C30181018181818300C19
:1053E0006004C00300000000000000000000000096
:1053F000000000000000000000018001F8018001B1
:105400008001800180018001800180018001800194
:105410008001800180018001800180018001800184
:10542000C003F81F000000000000000000000000A2
:105430000000000000000000E007101C0818043005
:1054400004300C300C30003000180018000C00063E
:1054500000038001C00040002020102008200430FC
:10546000FC1FFC1F00000000000000000000000006
:105470000000000000000000E00318060C0C0C18EF
:105480000C180C1800180018000C0006C003000EC1
:1054900000180010003000300C300C300C100C18CC
:1054A000180CE003000000000000000000000000F5
:1054B00000000000000000000006000600070007D2
:1054C0008006800640062006200610061006080604
:1054D0000C0604060206FE3F000600060006000653
:1054E0000006C03F000000000000000000000000B7
:1054F0000000000000000000F03FF03F080008003E
:105500000800080008000800C807280C1818081030
:1055100000300030003000300C300C30041804181B
:10552000180CE00300000000000000000000000074
:1055300000000000000000008007601830181018FC
:105540001800080008000C00CC076C0C1C181C107C
:105550000C300C300C300C300C3018301810301867
:10556000700CC007000000000000000000000000F8
:105570000000000000000000F83FF83F08100C0891
:1055800004080404000400020002000200010001FB
:105590008000800080008000C000C000C000C0000B
:1055A000C000C0000000000000000000000000007B
:1055B0000000000000000000E007300C18180C305C
:1055C0000C300C301C301C107818F004E003180F5D
:1055D0000C1E0C1C063806300630063006300C183F
:1055E000180CE003000000000000000000000000B4
:1055F0000000000000000000E00318040C080C1874
:105600000610063006300630063006300E380C34F0
:105610001836F03100300018001800080C0C0C0689
:105620000C03F0010000000000000000000000007A
:10563000000000000000000000000000000000006A
:105640000000000000008001C003C00380010000D2
:105650000000000000000000000000008001C00306
:10566000C0038001000000000000000000000000F6
:10567000000000000000000000000000000000002A
:105680000000000000000000C001C001C0010000D7
:105690000000000000000000000000000000C00149
:1056A000C001C0018001C000C00000000000000077
:1056B00000000000000000000020001000080004AE
:1056C00000020001800040002000100008000800D7
:1056D00010002000400080000001000200040008CB
:1056E000001000200000000000000000000000008A
:1056F00000000000000000000000000000000000AA
:10570000000000000000FE7F00000000000000001C
:105710000000FE7F0000000000000000000000000C
:105720000000000000000000000000000000000079
:10573000000000000000000004000800100020002D
:10574000400080000001000200040008001000106A
:10575000000800040002000180004000200010004A
:10576000080004000000000000000000000000002D
:105770000000000000000000C0073018183008606A
:105780000C601C601C601C6000300018000E0003E0
:105790000001000100010001000000008001C003C1
:1057A000C0038001000000000000000000000000B5
:1057B0000000000000000000C00760083010182042
:1057C0000C2B8C4D844CC64CC644664466446644DF
:1057D0006646662666266417CC0C0C4008201830F6
:1057E0003018C007000000000000000000000000AA
:1057F0000000000000000000C001C001C001C001A5
:105800002003200320032003300210061006100698
:105810001004F80F080C080C080C041804180418DD
:1058200006381F7C0000000000000000000000009F
:105830000000000000000000FE07181C18181830B7
:1058400018301830183018301818180CF8071818B5
:105850001830182018601860186018601860183028
:105860001818FE0F000000000000000000000000FB
:105870000000000000000000C00760381030186011
:105880000C400C400C000600060006000600060056
:1058900006000600060006000C400C400820181008
:1058A0003008C007000000000000000000000000F9
:1058B0000000000000000000FE03180E1818181069
:1058C0001830183018601860186018601860186078
:1058D0001860186018601820183018301818181838
:1058E0001806FE0300000000000000000000000099
:1058F0000000000000000000FE3F18301820184093
:1059000018401800180018081808180CF80F180C80
:105910001808180818001800180018401840182017
:105920001830FE3F000000000000000000000000F2
:105930000000000000000000FE3F1838182018404A
:1059400018401800180018081808180CF80F180C40
:10595000180818081808180018001800180018006F
:1059600018007E00000000000000000000000000A1
:105970000000000000000000C003300C10081818E0
:105980000C100C10040006000600060006000600BD
:10599000067E0618061804180C180C180818181893
:1059A0003004E003000000000000000000000000E0
:1059B00000000000000000003FFC0C300C300C30F8
:1059C0000C300C300C300C300C300C30FC3F0C30F8
:1059D0000C300C300C300C300C300C300C300C30E7
:1059E0000C303FFC00000000000000000000000040
:1059F0000000000000000000F81F8001800180010D
:105A0000800180018001800180018001800180018E
:105A1000800180018001800180018001800180017E
:105A20008001F81F000000000000000000000000DE
:105A30000000000000000000E07F000600060006F5
:105A40000006000600060006000600060006000626
:105A50000006000600060006000600060006000616
:105A6000000600060E060E038E01FC00000000007A
:105A700000000000000000007E3E180C180418060C
:105A800018021801180198009800D800B801B80150
:105A90001803180318061806180C180C180C1818F8
:105AA00018187E7C000000000000000000000000CC
:105AB00000000000000000007E0018001800180020
:105AC0001800180018001800180018001800180016
:105AD0001800180018001800180018401840182066
:105AE0001830FE3F00000000000000000000000031
:105AF00000000000000000000FF01C381C381C38AB
:105B00001C381C3434343434343434323432643257
:105B10006432643264314431C431C431C430C4307D
:105B200084308FFC00000000000000000000000036
:105B300000000000000000000FF81C201C20342092
:105B4000342064206420C420C420842184210423C0
:105B5000042304260426042C042C043804380430BE
:105B600004301F20000000000000000000000000C2
:105B70000000000000000000C003300C18180810DE
:105B80000C300C3006200660066006600660066079
:105B900006600660066004600C300C3008101818AF
:105BA000300CC003000000000000000000000000F6
:105BB0000000000000000000FE0F181818301860E8
:105BC0001860186018601860186018301818F80706
:105BD0001800180018001800180018001800180005
:105BE00018007E000000000000000000000000001F
:105BF0000000000000000000C003300C181808105E
:105C00000C300C30066006600660066006600660B8
:105C10000660066006600660E4211C331C36181E10
:105C2000300EC007004C003C0038000000000000AF
:105C30000000000000000000FE07181C18181830B3
:105C400018301830183018301818180CF8071803C6
:105C50001803180618061806180C180C180C181833
:105C600018187E780000000000000000000000000E
:105C70000000000000000000F013181E0C180618A9
:105C80000610061006000E003C00F800E003800F2E
:105C9000001E0018003802300230063004300C18A4
:105CA0001C0CE407000000000000000000000000E1
:105CB0000000000000000000FC3F8C218461824154
:105CC000824180018001800180018001800180018A
:105CD00080018001800180018001800180018001BC
:105CE0008001E0070000000000000000000000004C
:105CF00000000000000000003F7C0C100C100C1095
:105D00000C100C100C100C100C100C100C100C10B3
:105D10000C100C100C100C100C100C100C1018089F
:105D20003804E00300000000000000000000000054
:105D300000000000000000003E7818301810181015
:105D4000181030083008300830083004600460044F
:105D500060046002C002C002C002C0018001800174
:105D60008000800000000000000000000000000033
:105D70000000000000000000CFF38661862184212E
:105D800004210C238C238C238C138C13881348122E
:105D900058165816580E380E300E300E300C30048F
:105DA00010041004000000000000000000000000CB
:105DB00000000000000000003E7C181018083008A9
:105DC000300460046002C002C001800180018001D3
:105DD0008003400340062006200E100C100C1818FB
:105DE00008383E7C000000000000000000000000B9
:105DF00000000000000000007E7C1C101810180835
:105E000030083008300460046004C002C002C001E1
:105E1000800180018001800180018001800180017A
:105E20008001E0070000000000000000000000000A
:105E30000000000000000000F87F383018300C1817
:105E40000418000C00060006000300038001800116
:105E5000C000C000600060003000184018600C20D6
:105E60000C38FE3F000000000000000000000000B1
:105E70000000C03FC000C000C000C000C000C000A3
:105E8000C000C000C000C000C000C000C000C00012
:105E9000C000C000C000C000C000C000C000C00002
:105EA000C000C000C000C03F0000000000000000B3
:105EB0000000000000001800180010003000200052
:105EC000600060004000C00080008001800100018F
:105ED0000003000200060006000C000C000C001875
:105EE00000180030003000300060000000000000AA
:105EF0000000FC0300030003000300030003000391
:105F00000003000300030003000300030003000379
:105F10000003000300030003000300030003000369
:105F2000000300030003FC03000000000000000069
:105F3000C003C0076004100800000000000000005B
:105F40000000000000000000000000000000000051
:105F50000000000000000000000000000000000041
:105F60000000000000000000000000000000000031
:105F70000000000000000000000000000000000021
:105F80000000000000000000000000000000000011
:105F90000000000000000000000000000000000001
:105FA00000000000000000000000FFFF00000000F3
:105FB0007800C000000100000000000000000000A8
:105FC00000000000000000000000000000000000D1
:105FD00000000000000000000000000000000000C1
:105FE00000000000000000000000000000000000B1
:105FF00000000000000000000000000000000000A1
:10600000000000000000E007180C0C180C180C1819
:10601000001CE01B38180C180618061806180698FD
:106020000C9EF8710000000000000000000000005D
:1060300000000000000010001E00180018001800EA
:106040001800180018009807581C381838301830F5
:106050001830183018301830183018301810381818
:10606000380CC8070000000000000000000000001D
:106070000000000000000000000000000000000020
:10608000000000000000C0077008301818180C1835
:106090000C000C000C000C000C000C201820181038
:1060A0003008C007000000000000000000000000F1
:1060B0000000000000000010001E0018001800186A
:1060C000001800180018E01B301C181818180C18BD
:1060D0000C180C180C180C180C180C180818181C94
:1060E000307AE0090000000000000000000000001D
:1060F00000000000000000000000000000000000A0
:10610000000000000000C003300C101818100C3004
:106110000C300C30FC3F0C000C000C001820181048
:106120007018C00700000000000000000000000020
:106130000000000000000000003E80618060C06040
:10614000C000C000C000FC1FC000C000C000C000F4
:10615000C000C000C000C000C000C000C000C0003F
:10616000C000F80F00000000000000000000000068
:10617000000000000000000000000000000000001F
:10618000000000000000C077306C101818181818B4
:1061900018181018300CF00718001800F803F01F3A
:1061A00018380C300C300C301818E00700000000D4
:1061B00000000000000010001E0018001800180069
:1061C0001800180018009807580C381818181818D4
:1061D000181818181818181818181818181818183F
:1061E00018187E7E00000000000000000000000083
:1061F00000000000000000008001C00380010000DA
:10620000000000000001F801800180018001800190
:106210008001800180018001800180018001800176
:106220008001F81F000000000000000000000000D6
:106230000000000000000000001C001E000C000018
:10624000000000000008C00F000C000C000C000C47
:10625000000C000C000C000C000C000C000C000CDE
:10626000000C000C000C18061802F00100000000E1
:1062700000000000000010001E00180018001800A8
:10628000180018001800183E180C180418021801FD
:106290009801D801780338031806180C180C181840
:1062A00018387E7C000000000000000000000000A4
:1062B0000000000000000001F80180018001800161
:1062C00080018001800180018001800180018001C6
:1062D00080018001800180018001800180018001B6
:1062E0008001F81F00000000000000000000000016
:1062F000000000000000000000000000000000009E
:10630000000000000400F73C8E63866186618661B0
:106310008661866186618661866186618661866145
:106320008661CFF3000000000000000000000000C4
:10633000000000000000000000000000000000005D
:1063400000000000000090075E0C3818181818189C
:1063500018181818181818181818181818181818BD
:1063600018187E7E00000000000000000000000001
:10637000000000000000000000000000000000001D
:10638000000000000000C003300C1018181808307E
:106390000C300C300C300C300C300C301818181835
:1063A000300CC003000000000000000000000000EE
:1063B00000000000000000000000000000000000DD
:1063C00000000000000090075E0C3818181018300C
:1063D000183018301830183018301830181838188D
:1063E000780C98071800180018007E0000000000C4
:1063F000000000000000000000000000000000009D
:10640000000000000000C013301E181C18180C18E3
:106410000C180C180C180C180C180C180818181C50
:10642000301EE019001800180018007E000000005F
:10643000000000000000000000000000000000005C
:1064400000000000000060387E666061E001E0004E
:10645000600060006000600060006000600060003C
:106460006000FE07000000000000000000000000C7
:10647000000000000000000000000000000000001C
:10648000000000000000C02760383030302030208D
:106490007000E003800F001E00380830083018300C
:1064A0003818C80F000000000000000000000000C5
:1064B00000000000000000000000000080008000DC
:1064C0008000C000E000FC1FC000C000C000C00091
:1064D000C000C000C000C000C000C000C020C0207C
:1064E0008011000F0000000000000000000000000C
:1064F000000000000000000000000000000000009C
:106500000000000010101E1E18181818181818186F
:106510001818181818181818181818181818181CF7
:10652000307AE009000000000000000000000000D8
:10653000000000000000000000000000000000005B
:106540000000000000003E7C1830181018183008B9
:106550003008200460046004C002C002C00380014F
:10656000800180000000000000000000000000002A
:10657000000000000000000000000000000000001B
:10658000000000000000DFF3866184218C218C2153
:106590008C13881358135812580E700E300E300C8E
:1065A0003004200400000000000000000000000093
:1065B00000000000000000000000000000000000DB
:1065C0000000000000007C3E300870086004C0023B
:1065D000C00280018001800340062006200C1018B4
:1065E00018183E7E000000000000000000000000BF
:1065F000000000000000000000000000000000009B
:106600000000000000003E7C181818081008300830
:106610002004600460044002C00280028001800106
:1066200080008000800040007C003C0000000000F2
:10663000000000000000000000000000000000005A
:10664000000000000000FC1F0C1C0C0C04060407DA
:1066500000038001C001C0006000702030201830AD
:106660000C18FC1F000000000000000000000000EB
:1066700000300008000400040004000400040004CA
:106680000004000400040004000400038001000270
:1066900000040004000400040004000400040004DA
:1066A00000040004000400080030000000010001A4
:1066B00000010001000100010001000100010001D2
:1066C00000010001000100010001000100010001C2
:1066D00000010001000100010001000100010001B2
:1066E00000010001000100010001000100000000A4
:1066F00018002000400040004000400040004000E2
:106700004000400040004000400080010003800045
:106710004000400040004000400040004000400079
:1067200040004000400020001800000000007800F9
:10673000C400824102410027001C0000000000004C
:106740000000000000000000000000000000000049
:106750000000000000000000000000000000000039
:106760000000000000000000000000000000000029
:106770000000000000000000000000000000000019
:106780000000000000000000000000000000000009
:1067900000000000000000000000000000000000F9
:1067A00000000000600060006000600060006000A9
:1067B00060004000200020002000000000000000D9
:1067C00060006000600000000000000000000000A9
:1067D0006006600630039801880044000000000055
:1067E00000000000000000000000000000000000A9
:1067F0000000000000000000000000000000000099
:10680000000000001002100210021002FE07FE0736
:1068100008020801080108010801FE07FE0704013B
:106820000401040104010000000000000000000059
:10683000000040004000F00158034C03CC034C0022
:1068400058007000E000C001C00140034C035C032D
:106850004C034801F0004000400000000000000030
:10686000000000000E010A0191009100910051000A
:1068700051003A00AE03A0025004500448044804FA
:1068800048048402840300000000000000000000AF
:106890000000000038006C006C006C006C006C00A4
:1068A0002C0098071C011A01330133016301E30036
:1068B000C308C6093C0700000000000000000000FB
:1068C0000C001C0010001000080004000000000074
:1068D00000000000000000000000000000000000B8
:1068E00000000000000000000000000000000000A8
:1068F00000040002000180008000400040002000F1
:106900002000200020002000200020004000400047
:106910008000800000010002000400000000000070
:1069200002000400080010001000200020004000B9
:106930004000400040004000400040002000200097
:106940001000100008000400020000000000000019
:1069500000000000000000004000C0004000460CA5
:106960004E0FD001F0015E0F460C40004000400089
:106970000000000000000000000000000000000017
:106980000000000000000000000040004000400047
:1069900040004000FE0F400040004000400040002A
:1069A00000000000000000000000000000000000E7
:1069B00000000000000000000000000000000000D7
:1069C00000000000000000000000000000000000C7
:1069D0000C001C0010001000080004000000000063
:1069E00000000000000000000000000000000000A7
:1069F00000000000FE070000000000000000000092
:106A00000000000000000000000000000000000086
:106A10000000000000000000000000000000000076
:106A20000000000000000000000000000000000066
:106A30001C001C001C000000000000000000000002
:106A40000004000600020003000100018000800035
:106A500040004000600020002000100010000800EE
:106A600008000C0004000600020000000000000006
:106A7000000000000000F00098010C030C03060663
:106A800006060606060606060606060606060C03A3
:106A90000C039801F000000000000000000000005E
:106AA00000000000000040007C006000600060000A
:106AB00060006000600060006000600060006000D6
:106AC00060006000FC030000000000000000000007
:106AD000000000000000F800840102030603060322
:106AE000000300018001C0006000200010000802C7
:106AF00004020602FE030000000000000000000087
:106B00000000000000007800C600860186018001B8
:106B10008001C00070008001000100030003060333
:106B200006038601F80000000000000000000000DD
:106B300000000000000080018001C001A001A00150
:106B400090018801880184018201FE0F800180018B
:106B500080018001E007000000000000000000004C
:106B6000000000000000FC03040004000400040016
:106B70000400F4008C010403000300030603060371
:106B800082018401F8000000000000000000000005
:106B9000000000000000E00118030C030C000400DA
:106BA0000600E60116030E0606060606060604069D
:106BB0000C021803F00000000000000000000000BC
:106BC000000000000000F8070C06040204010001A8
:106BD0000001800080004000400040006000600034
:106BE0006000600060000000000000000000000085
:106BF000000000000000F8010C0306060606060669
:106C00000C021C03F000C8010C030606060606066B
:106C100006060C03F0010000000000000000000068
:106C2000000000000000F0000C010C030602060644
:106C30000606060606078C06780600060003000313
:106C40000C018C0178000000000000000000000032
:106C50000000000000000000000000000000000034
:106C6000E000E000E0000000000000000000000084
:106C7000E000E000E0000000000000000000000074
:106C80000000000000000000000000000000000004
:106C90006000600000000000000000000000000034
:106CA00000006000600040002000200000000000A4
:106CB00000000000000400020001800040002000ED
:106CC00010000800040008001000200040008000B0
:106CD00000010002000400000000000000000000AD
:106CE00000000000000000000000000000000000A4
:106CF000FE07000000000000FE070000000000008A
:106D00000000000000000000000000000000000083
:106D10000000000004000800100020004000800077
:106D20000001000200040002000180004000200079
:106D30001000080004000000000000000000000037
:106D4000000000000000E0031806040C040C0C0C0A
:106D50000C0C0007800140004000400000000000D3
:106D6000E000E000E0000000000000000000000083
:106D700000000000E00018030C02CC056405660565
:106D8000A605B604B604B604B604B602E4010C04C3
:106D90000C021803F00000000000000000000000DA
:106DA000000000000000600060005000D000900073
:106DB0009000880088010801F8010403040304021C
:106DC000020202060F0F0000000000000000000099
:106DD000000000000000FE008C030C030C030C03F9
:106DE0000C038C01FC000C030C020C060C060C06B8
:106DF0000C060C03FE010000000000000000000073
:106E0000000000000000E00318030C060C0404045A
:106E100006000600060006000600060006040C0434
:106E20000C021803F0000000000000000000000049
:106E30000000000000007F008C010C030C030C0616
:106E40000C060C060C060C060C060C060C060C03B5
:106E50000C038C017F000000000000000000000017
:106E6000000000000000FF030603060406040600FD
:106E700086008600FE008600860086000600060466
:106E800006040602FF0300000000000000000000EE
:106E9000000000000000FF030603060406040600CD
:106EA00086008600FE00860086008600060006003A
:106EB000060006001F0000000000000000000000A7
:106EC000000000000000F00018010C020C02040297
:106ED0000600060006000600C60F060306030C03A4
:106EE0000C031803F0000000000000000000000088
:106EF0000000000000000F0F060606060606060644
:106F000006060606FE070606060606060606060628
:106F1000060606060F0F000000000000000000003B
:106F2000000000000000FC036000600060006000E2
:106F30006000600060006000600060006000600051
:106F400060006000FC030000000000000000000082
:106F5000000000000000F807C000C000C000C00032
:106F6000C000C000C000C000C000C000C000C00021
:106F7000C000C000C000C60066003C000000000069
:106F8000000000000000CF038601C6004600260076
:106F9000160036002E006E004600C60086008601F0
:106FA000060106038F07000000000000000000003B
:106FB0000000000000001F0006000600060006009A
:106FC000060006000600060006000600060006048D
:106FD00006040602FF03000000000000000000009D
:106FE0000000000000000707860386038E038E035F
:106FF0004E034E034A035A035A033A033203320341
:1070000032031203870700000000000000000000A8
:107010000000000000008E0F0C021C021C02340253
:107020003402640264024402C402840284038403BE
:10703000040304031F020000000000000000000021
:10704000000000000000F00098010C030C0206068E
:1070500006060606060606060606060606060C02CE
:107060000C039801F0000000000000000000000088
:10707000000000000000FF000603060606060606E4
:10708000060606068603FE00060006000600060049
:10709000060006001F0000000000000000000000C5
:1070A000000000000000F00098010C030C0206062E
:1070B00006060606060606060606060676064C02BE
:1070C000CC039801F00080070003000000000000DE
:1070D000000000000000FF01060306060606060683
:1070E00006060603FE004600C6008600860106036B
:1070F000060306060F0E000000000000000000005E
:10710000000000000000F8020C0306020602060060
:107110000E003C00F800E0038003000702060206B0
:1071200006060C03F0010000000000000000000053
:10713000000000000000FE076204610861086000B2
:10714000600060006000600060006000600060003F
:1071500060006000F8010000000000000000000076
:107160000000000000001E070C020C020C020C02C2
:107170000C020C020C020C020C020C020C020C029F
:107180000C021801F00000000000000000000000E8
:107190000000000000000F070602040104010C01BA
:1071A0000C01880088009800980050005000700082
:1071B000300020002000000000000000000000005F
:1071C000000000000000F70E62044204460446047A
:1071D00064026402E402E4029C029C0198019801AA
:1071E0008801880088000000000000000000000006
:1071F0000000000000009E070C010801180190002B
:10720000B0006000200060006000D00090008801A5
:10721000080104038E0700000000000000000000C9
:107220000000000000000F0F060404020C02080119
:107230001801B800B00070006000600060006000DD
:1072400060006000F8010000000000000000000085
:10725000000000000000FC070C0206030201800190
:1072600080004000400020002000100018000804AA
:107270000C040402FE0300000000000000000000F7
:10728000E00320002000200020002000200020003B
:1072900020002000200020002000200020002000EE
:1072A0002000200020002000E0030000000000007B
:1072B0000000000004000400080008001000100096
:1072C00010002000200040004000C000800080002E
:1072D00000010001000200020002000400000000A2
:1072E0007C00400040004000400040004000400062
:1072F000400040004000400040004000400040008E
:1073000040004000400040007C00000000006000A1
:1073100090000801000000000000000000000000D4
:10732000000000000000000000000000000000005D
:10733000000000000000000000000000000000004D
:10734000000000000000000000000000000000003D
:10735000000000000000000000000000000000002D
:1073600000000000000000000000FF0F000000000F
:107370001800600000000000000000000000000095
:1073800000000000000000000000000000000000FD
:1073900000000000000000000000000000000000ED
:1073A00000000000000000000000000000000000DD
:1073B000F0010C030C030003E0031C030E0306039F
:1073C00006038E0B7C0E0000000000000000000091
:1073D0000000000008000E000C000C000C000C0067
:1073E000CC013C031C060C060C060C060C060C0615
:1073F0000C021C03E401000000000000000000007B
:10740000000000000000000000000000000000007C
:10741000F0008C018C0186010600060006000602C1
:107420000C020C01F0000000000000000000000051
:10743000000000000002C00300030003000300037B
:1074400078038C030C0306030603060306030603F6
:1074500004038C0778010000000000000000000019
:10746000000000000000000000000000000000001C
:10747000E001180308020C060C06FC070C000C00C7
:1074800018041802E00100000000000000000000E5
:10749000000000000000C00360063006300030002D
:1074A000FE0130003000300030003000300030008D
:1074B00030003000FC01000000000000000000006F
:1074C00000000000000000000000000000000000BC
:1074D000F007D8068C018C018C019801F8000C0093
:1074E000FC00CC03060306038E03F8000000000036
:1074F0000000000008000E000C000C000C000C0046
:10750000EC011C030C030C030C030C030C030C0315
:107510000C030C039E0700000000000000000000A8
:10752000000000000000600060000000000040005B
:107530007C0060006000600060006000600060002F
:1075400060006000FC03000000000000000000007C
:10755000000000000000C001C001000000000001A8
:10756000F0018001800180018001800180018001A3
:107570008001800180018001CC007C0000000000BF
:107580000000000008000E000C000C000C000C00B5
:107590008C038C008C004C006C005C008C008C0117
:1075A0000C010C039E07000000000000000000001A
:1075B0000000000040007C0060006000600060008F
:1075C00060006000600060006000600060006000BB
:1075D00060006000FC0300000000000000000000EC
:1075E000000000000000000000000000000000009B
:1075F0003707EE06660666066606660666066606D1
:1076000066066606FF0F0000000000000000000094
:10761000000000000000000000000000000000006A
:10762000EE011C030C030C030C030C030C030C03F2
:107630000C030C039E070000000000000000000087
:10764000000000000000000000000000000000003A
:10765000F00098010C030606060606060606060656
:107660000C030C03F000000000000000000000000C
:10767000000000000000000000000000000000000A
:10768000EE011C030C060C060C060C060C060C0680
:107690000C031C03EC010C000C003E000000000079
:1076A00000000000000000000000000000000000DA
:1076B00078028C030C030603060306030603060385
:1076C00004038C03780300030003C00700000000DC
:1076D00000000000000000000000000000000000AA
:1076E0009F035806380618001800180018001800E4
:1076F00018001800FF00000000000000000000005B
:107700000000000000000000000000000000000079
:10771000F0031C030C020C023800F000C003040349
:1077200004038C03FC0100000000000000000000C6
:1077300000000000000000002000200030003000A9
:10774000FE013000300030003000300030003000EA
:1077500030023002E00100000000000000000000E4
:10776000000000000000000000000000000008020F
:107770008E030C030C030C030C030C030C030C030F
:107780000C039C07780100000000000000000000CE
:1077900000000000000000000000000000000000E9
:1077A0001E070C020801080118019000B000B0008B
:1077B00060006000200000000000000000000000E9
:1077C00000000000000000000000000000000000B9
:1077D000F70E6204460464026402EC029C01980104
:1077E000980198010800000000000000000000005F
:1077F0000000000000000000000000000000000089
:10780000BC0718011001B00060006000E0009000AB
:10781000080108039E0700000000000000000000AF
:107820000000000000000000000000000000000058
:107830009E0708010801080190009000B000600058
:10784000600060002000200024001C0000000000F8
:107850000000000000000000000000000000000028
:10786000FC018401C40044006000200030001802C4
:1078700008020C03FC0100000000000000000000F2
:107880000003800080008000800080008000800075
:1078900080004000200040008000800080008000C8
:1078A0008000800080008000000300004000400055
:1078B00040004000400040004000400040004000C8
:1078C00040004000400040004000400040004000B8
:1078D0004000400040004000400040000000000028
:1078E0000C0010001000100010001000100010001C
:1078F00010002000400020001000100010001000B8
:1079000010001000100010000C00000000001C000F
:107910002204C204800300000000000000000000F8
:107920000000000000000000000000000000000057
:107930000000000000000000000000000000000047
:107940000000000000000000000000000000000037
:107950000000000000000000000000000000000027
:107960000000000000000000000030003000300087
:107970003000300020002000200020002000000007
:107980000000300030000000000000000000D800BF
:10799000D8006C002400120000000000000000006D
:1079A00000000000000000000000000000000000D7
:1079B00000000000000000000000000084008400BF
:1079C0008400FF0184008400C60042004200FF01E1
:1079D00042004200420000000000000000000000E1
:1079E00000002000F80024012401A4012800300038
:1079F0006000A00020012C0124012401F8002000D7
:107A00002000000000000000000000008600490087
:107A10004900290029001900D60028012801280161
:107A200024012401C200000000000000000000004A
:107A3000000000000C00120012001200EA004600D4
:107A4000460025002900390011003201CC00000059
:107A50000000000000000600060004000200010013
:107A60000000000000000000000000000000000016
:107A70000000000000000000000000000000000105
:107A800080004000200020002000100010001000A6
:107A90001000100010002000200020004000800096
:107AA00000010000000001000200040008000800BE
:107AB0000800100010001000100010001000080056
:107AC000080008000400020001000000000000009F
:107AD000000000000000200020002603AE0370001C
:107AE0007000AE032603200020000000000000000C
:107AF0000000000000000000000000000000100076
:107B0000100010001000FF01100010001000100005
:107B10000000000000000000000000000000000065
:107B20000000000000000000000000000000000055
:107B30000000000000000000000006000600040035
:107B40000200010000000000000000000000000032
:107B5000000000000000FE03000000000000000024
:107B60000000000000000000000000000000000015
:107B70000000000000000000000000000000000005
:107B800000000000000000000000060006000000E9
:107B900000000000000000020001000180008000E1
:107BA000C0004000600020003000100018000800F5
:107BB00008000400040002000000000000000000B3
:107BC000000000007800840084000201020102012C
:107BD0000201020102010201840084007800000019
:107BE00000000000000000000000000010001C0069
:107BF0001000100010001000100010001000100005
:107C0000100010007C0000000000000000000000D8
:107C1000000000007C0082000201020102018000DD
:107C2000400020001000080004010201FE010000D5
:107C30000000000000000000000000003C004200C6
:107C400082008200400070008000000100010201FB
:107C5000020182007C000000000000000000000023
:107C60000000400040006000500048004800440010
:107C700042004200FE01400040004000F0010000D0
:107C8000000000000000000000000000FC010400F3
:107C900004000400040074008C00000100010201D3
:107CA000020182007C0000000000000000000000D3
:107CB00000000000F00008010401040002007A0046
:107CC0008600020102010201040184007800000024
:107CD000000000000000000000000000FE01820023
:107CE00042004000200010001000080008000800BA
:107CF000080008000800000000000000000000006C
:107D000000000000780084000201020102018400EA
:107D10007800840002010201020184007800000062
:107D20000000000000000000000000007800840057
:107D30008200020102010201840178010001800039
:107D4000820042003C000000000000000000000033
:107D500000000000000000000000300030000000C3
:107D600000000000000000000000300030000000B3
:107D70000000000000000000000000000000000003
:107D800000000000100000000000000000000000E3
:107D900000000000100010001000100000000000A3
:107DA00000008000400020001000080004000200D5
:107DB00004000800100020004000800000000000C7
:107DC00000000000000000000000000000000000B3
:107DD0000000FF01000000000000FF0100000000A3
:107DE0000000000000000000000000000000000093
:107DF0000000020004000800100020004000800085
:107E000040002000100008000400020000000000F4
:107E10000000000000000000000078008400020163
:107E20000601060100018000400020002000200023
:107E300000003000300000000000000000000000E2
:107E4000000000007800C400F20159014901450119
:107E500025012501A500D900020184007800000059
:107E600000000000000000000000000010001000F2
:107E70002800280028002800440044007C0044001A
:107E800082008200C7010000000000000000000026
:107E9000000000003F0042004200420022003E007D
:107EA0004200820082008200820042003F00000007
:107EB00000000000000000000000000078018401C4
:107EC00002010201010001000100010001000101A5
:107ED00002018600780000000000000000000000A1
:107EE000000000003F00C200820002010201020106
:107EF0000201020102010201820042003F00000073
:107F0000000000000000000000000000FF008200F0
:107F10000201420042007E004200420002000200D4
:107F200002018200FF0000000000000000000000CD
:107F300000000000FF0082000201420042007E00BB
:107F4000420042000200020002000200070000009E
:107F50000000000000000000000000007001880127
:107F60000401020102000200020082030201020178
:107F700004010C01F00000000000000000000000FF
:107F800000000000C701820082008200820082009F
:107F9000FE0082008200820082008200C701000091
:107FA000000000000000000000000000FE001000C3
:107FB0001000100010001000100010001000100041
:107FC00010001000FE000000000000000000000093
:107FD00000000000FC012000200020002000200004
:107FE000200020002000200020002000210011009F
:107FF0000E0000000000000000000000E701420049
:108000002200220012001A00160022002200420064
:1080100042008200C70100000000000000000000D4
:10802000000000000700020002000200020002003F
:10803000020002000200020002018200FF000000B4
:10804000000000000000000000000000C701C600A2
:10805000C600C600AA00AA00AA00AA00AA009200B0
:1080600092009200D7010000000000000000000014
:1080700000000000C70186008A008A008A00920082
:108080009200A200A200C200C200C200870000004D
:108090000000000000000000000000003800C600E2
:1080A0008200010101010101010101010101010140
:1080B0008200C60038000000000000000000000040
:1080C000000000007F008200020102010201820024
:1080D0007E00020002000200020002000700000011
:1080E0000000000000000000000000003800C60092
:1080F00082000101010101010101010101011901D8
:10810000A600A60078004001C000000000000000AA
:10811000000000003F0042008200820042003E005A
:10812000120022002200420042008200870100006B
:108130000000000000000000000000007801840141
:108140000201020002000C00700080000001020128
:10815000020186007A00000000000000000000001C
:1081600000000000FE0011011101100010001000BD
:108170001000100010001000100010003800000067
:10818000000000000000000000000000C7018200A5
:1081900082008200820082008200820082008200CF
:1081A00082004400380000000000000000000000D1
:1081B00000000000C7018200820044004400440027
:1081C000440028002800280038001000100000009B
:1081D000000000000000000000000000BB01920051
:1081E000920092009200AA00AA00AA006A0044002D
:1081F00044004400440000000000000000000000B3
:1082000000000000CE018400440048002800300037
:10821000100030002800480048008400CE01000013
:10822000000000000000000000000000C701820004
:108230004400440028002800100010001000100026
:1082400010001000380000000000000000000000D6
:1082500000000000FC01840082004000400020007B
:10826000100010000800080004018400FE00000057
:10827000000000000000F0011000100010001000CD
:10828000100010001000100010001000100010006E
:10829000100010001000F0010000000000000000BD
:1082A000020004000400080008000800100010008C
:1082B000200020002000400040008000800080005E
:1082C0000001000000003E002000200020002000EF
:1082D000200020002000200020002000200020009E
:1082E0002000200020003E000000000000003800B8
:1082F0002800440000000000000000000000000012
:10830000000000000000000000000000000000006D
:10831000000000000000000000000000000000005D
:10832000000000000000000000000000000000004D
:1083300000000000000000000000FF030000180023
:10834000200000000000000000000000000000000D
:10835000000000000000000000000000000000001D
:10836000000000000000000000000000000000000D
:10837000000000007C0082008200F0008C0082007F
:108380008200C202BC0300000000000000000000E8
:108390000000000003000200020002003A00460054
:1083A0008200820082008200820046003A000000C3
:1083B00000000000000000000000000000000000BD
:1083C0000000000078008400820002000200020029
:1083D000020184007800000000000000000000009E
:1083E00000000000C000800080008000B800C400D1
:1083F00082008200820082008200C400B801000076
:10840000000000000000000000000000000000006C
:1084100000000000780084000201FE01020002005A
:10842000020184007800000000000000000000004D
:1084300000000000E001100210001000FC0010001D
:10844000100010001000100010001000FC000000D0
:10845000000000000000000000000000000000001C
:1084600000000000F801840084008400840078008B
:1084700004007C00840102010201FC0000000000F5
:108480000000000003000200020002007A008600E3
:10849000820082008200820082008200C701000008
:1084A000000000000000000000000000180018009C
:1084B000000000001C001000100010001000100050
:1084C000100010007C000000000000000000000010
:1084D000000000006000600000000000700040002C
:1084E000400040004000400040004000400040008C
:1084F00022001E0000000000000000000300020037
:1085000002000200E200220012000A00160022000F
:1085100042008200C70100000000000000000000CF
:10852000000000001E0010001000100010001000DD
:10853000100010001000100010001000FE000000DD
:10854000000000000000000000000000000000002B
:10855000000000007F0092009200920092009200C2
:1085600092009200B701000000000000000000002F
:108570000000000000000000000000007B008600FA
:10858000820082008200820082008200C701000017
:1085900000000000000000000000000000000000DB
:1085A00000000000780084000201020102010201C3
:1085B00002018400780000000000000000000000BC
:1085C0000000000000000000000000003B0046002A
:1085D0008200820082008200820046003A0002008F
:1085E0000200070000000000000000000000000082
:1085F00000000000B800C4008200820082008200F7
:108600008200C400B80080008000C00100000000AB
:10861000000000000000000000000000CE01280162
:108620001800080008000800080008003E000000CC
:10863000000000000000000000000000000000003A
:1086400000000000BC00C200820006003800C0002C
:10865000820086007A000000000000000000000098
:10866000000000000000100010001000FC001000CE
:1086700010001000100010001000900060000000BA
:1086800000000000000000000000000000000000EA
:1086900000000000C300820082008200820082008D
:1086A0008200C200BC0100000000000000000000C9
:1086B000000000000000000000000000C701820070
:1086C000440044004400280028001000100000006E
:1086D000000000000000000000000000000000009A
:1086E00000000000BB01920092009200AA00AA00C4
:1086F00044004400440000000000000000000000AE
:10870000000000000000000000000000CE01840016
:10871000480030003000300048008400CE010000E6
:108720000000000000000000000000000000000049
:1087300000000000EE01840088004800480050005E
:10874000300020001000100010000C00000000009D
:10875000000000000000000000000000FE004200D9
:10876000220020001000080084008200FE000000AB
:108770000000000000008001400040004000400078
:1087800040004000600010006000400040004000D9
:108790004000400040004000800100002000200018
:1087A00020002000200020002000200020002000C9
:1087B00020002000200020002000200020002000B9
:1087C0002000200000000600080008000800080043
:1087D0000800080018002000180008000800080021
:1087E0000800080008000800060000001C0026021F
:1087F0002203C00100000000000000000000000093
:108800000000000000000000000000000000000068
:108810000000000000000000000000000000000058
:108820000000000000000008080808080808000010
:108830001818000000486C2412000000000000001E
:10884000000000000000002424247F1212127F1276
:10885000121200000000081C2A2A0A0C1828282AD4
:108860002A1C080800000022251515152A58545402
:10887000542200000000000C1212120A7625291161
:10888000916E0000000606040300000000000000D6
:108890000000000000402010100808080808081018
:1088A00010204000000204080810101010101008DA
:1088B000080402000000000008086B1C1C6B08087C
:1088C0000000000000000000080808087F080808F1
:1088D0000800000000000000000000000000000090
:1088E000060604030000000000000000FE00000077
:1088F0000000000000000000000000000000000078
:1089000006060000000080404020201010080804E7
:108910000402020000000018244242424242424245
:1089200024180000000000080E08080808080808BD
:10893000083E00000000003C424242202010080493
:10894000427E00000000003C42422018204040428D
:10895000221C0000000000203028242422227E2037
:10896000207800000000007E0202021A26404042E9
:10897000221C0000000000382402021A2642424253
:10898000241800000000007E2222101008080808A9
:10899000080800000000003C4242422418244242E1
:1089A000423C00000000001824424242645840400B
:1089B000241C000000000000000018180000000047
:1089C000181800000000000000000008000000006F
:1089D00000080804000000402010080402040810E9
:1089E000204000000000000000007F0000007F0029
:1089F00000000000000000020408102040201008C1
:108A0000040200000000003C4242464020101000DA
:108A1000181800000000001C225A555555552D42CB
:108A2000221C00000000000808181414243C2242F4
:108A300042E700000000001F2222221E2242424282
:108A4000221F00000000007C42420101010101429E
:108A5000221C00000000001F2242424242424242C9
:108A6000221F00000000003F4212121E121202429A
:108A7000423F00000000003F4212121E121202028A
:108A8000020700000000003C2222010101712122A6
:108A9000221C0000000000E7424242427E42424265
:108AA00042E700000000003E08080808080808081F
:108AB000083E00000000007C101010101010101074
:108AC0001010110F0000007722120A0E0A12122253
:108AD00022770000000000070202020202020202E6
:108AE000427F000000000077363636362A2A2A2ACE
:108AF0002A6B0000000000E346464A4A5252526286
:108B0000624700000000001C2241414141414141B7
:108B1000221C00000000003F424242423E0202028C
:108B2000020700000000001C2241414141414D5319
:108B3000321C60000000003F4242423E12122222DC
:108B400042C700000000007C42420204182040425C
:108B5000423E00000000007F490808080808080895
:108B6000081C0000000000E74242424242424242EA
:108B7000423C0000000000E7424222242414141862
:108B8000080800000000006B494949495555362244
:108B900022220000000000E7422424181818242490
:108BA00042E7000000000077222214140808080899
:108BB000081C00000000007E212010100804044260
:108BC000423F00000078080808080808080808085C
:108BD00008087800000002020404080808101020A9
:108BE00020204040001E1010101010101010101007
:108BF00010101E00003844000000000000000000BB
:108C00000000000000000000000000000000000064
:108C1000000000FF00060800000000000000000047
:108C200000000000000000000000003C42784442C8
:108C300042FC0000000000030202021A26424242E7
:108C4000261A000000000000000000384402020262
:108C500044380000000000604040407844424242F6
:108C600064D80000000000000000003C427E0202C8
:108C7000423C0000000000F08808087E0808080850
:108C8000083E0000000000000000007C22221C02C0
:108C90003C42423C000000030202023A4642424289
:108CA00042E700000000000C0C00000E0808080855
:108CB000083E000000000030300000382020202056
:108CC0002020221E0000000302020272120A161265
:108CD000227700000000000E0808080808080808AD
:108CE000083E0000000000000000007F9292929277
:108CF00092B70000000000000000003B46424242E4
:108D000042E70000000000000000003C42424242F6
:108D1000423C0000000000000000001B26424242CE
:108D2000221E020700000000000000784442424278
:108D3000447840E000000000000000774C04040488
:108D4000041F0000000000000000007C42023C40C4
:108D5000423E0000000000000008083E0808080825
:108D60000830000000000000000000634242424260
:108D700062DC000000000000000000E74224241430
:108D80000808000000000000000000EB49495555AC
:108D900022220000000000000000007624181818AD
:108DA000246E000000000000000000E742242414AC
:108DB00018080807000000000000007E22100808C4
:108DC000447E000000C020202020201020202020F1
:108DD0002020C000101010101010101010101010D3
:108DE00010101010000608080808081008080808E5
:108DF000080806000C32C20000000000000000005D
:108E00000000000000000000000000000000000062
:108E100000000404040404040004000000140A0A0E
:108E20000000000000000000000014143F140A3F7E
:108E30000A0A000000041E1505060C14150F040094
:108E4000000012150D0A142C2A1200000000040A5A
:108E50000A1E15150936000000020201000000007C
:108E60000000000000201008080808080810200072
:108E700000020408080808080804020000000004B2
:108E8000150E0E150400000000000404041F040465
:108E900004000000000000000000000000020201C9
:108EA00000000000001F00000000000000000000A3
:108EB000000000000002000000100808080404027E
:108EC0000202010000000E1111111111110E00001B
:108ED0000000040604040404040E000000000E1147
:108EE00011080402011F000000000E11100C1010E8
:108EF000110E00000000080C0A0A091E08180000E4
:108F000000001F01010F1010110E000000000E09DB
:108F1000010F1111110E000000001F0908040404C4
:108F20000404000000000E11110E1111110E0000BA
:108F300000000E1111111E10120E000000000000A2
:108F40000400000000040000000000000004000015
:108F5000000404000020100804020408102000008F
:108F6000000000001F00001F0000000000020408B5
:108F7000102010080402000000000E111108040463
:108F80000004000000000E111915151D011E00003F
:108F9000000004040C0A0A1E1233000000000F1225
:108FA000120E1212120F000000001E110101010129
:108FB000110E000000000F1212121212120F000008
:108FC00000001F120A0E0A02121F000000001F12EA
:108FD0000A0E0A020207000000001C1201013911EA
:108FE000120C000000003312121E12121233000085
:108FF00000001F0404040404041F000000003E08D5
:109000000808080808090700000037120A060A0ABB
:10901000123700000000070202020202223F000095
:1090200000001B1B1B1B15151515000000003B1233
:1090300016161A1A1217000000000E111111111144
:10904000110E000000000F12120E020202070000B3
:1090500000000E1111111117190E180000000F1247
:10906000120E0A121237000000001E11010608102D
:10907000110F000000001F1504040404040E00007A
:109080000000331212121212120C000000003312F0
:10909000120A0A0C0404000000001515150E0A0A35
:1090A0000A0A000000001B0A0A04040A0A1B000046
:1090B00000001B0A0A040404040E000000001F093B
:1090C00008040402121F0000001C04040404040429
:1090D00004041C0000020202040408080810000036
:1090E000000E08080808080808080E0000040A0016
:1090F0000000000000000000000000000000000070
:109100000000003F0004000000000000000000001C
:1091100000000000000C121C123C000000000302C2
:10912000020E1212120E000000000000001C1202BB
:10913000021C000000001810101C1212123C00004B
:1091400000000000000C121E021C00000000380489
:10915000041E0404041E000000000000003C120C69
:10916000021E221C00000302020E1212123700001F
:109170000000040000060404040E000000000800C3
:10918000000C08080808080700000302023A0A0E4B
:10919000123700000000070404040404041F000048
:1091A00000000000000F151515150000000000005C
:1091B000000F12121237000000000000000C121203
:1091C000120C000000000000000F1212120E020725
:1091D00000000000001C1212121C103800000000D9
:1091E000001B06020207000000000000001E020C27
:1091F000101E000000000004040E04040418000007
:1092000000000000001B1212123C000000000000D1
:109210000037120A0C040000000000000015150EB3
:109220000A0A000000000000001B0A040A1B0000DC
:10923000000000000037120A0C04040300000000C4
:10924000001E0804041E000000180808080408088E
:109250000808180008080808080808080808080886
:10926000000604040408040404040600022518008F
:1092700000000000000000000000000F0000800758
:109280000000000000001F0000C0070000000000F8
:10929000003F0000E0070000000000007EE01FF03B
:1092A00007000000000000FCFCFFF90300000000C4
:1092B0000000F8FFFFFF01000000000000F0FFFFCA
:1092C000FF00000000000000F0FFFF7F0000000032
:1092D000000000F8FFFF7F00000000000000FCFF1E
:1092E000FFFF01000000000000FEFFFFFF03000081
:1092F00000000000FEFFFFFF03000000000000FF71
:10930000FFFFFF07000000000080FFFFFFFF0F00CE
:109310000000000080FFFCFFF90F0000000000C00B
:10932000FFFCFFF91F0000000000C0FFFCFFF91F59
:109330000000000000E0FFFFFFFF1F000000000032
:10934000E0FFFFFFFF3F0000000000E0FFFFFFFF26
:109350003F0000000000E0FFFFFFFF3F00000000B3
:1093600000E0FFFFFFFF3F0000000000E0FFFFFF05
:10937000FF7F0000000000F0FFFFFFFF7F00000004
:109380000000E0FFFFFFFF7F000000000000000082
:1093900000000000000000000000000000000000CD
:1093A00000001CF0FFFFFFFF7FE0000000FFF0FF68
:1093B000FFFFFF7FF8030000FFF1FFFFFFFF7FFCCF
:1093C000070080FFF1FFFFFFFF7FFC0F0080FFF32E
:1093D000FFFFFFFF7FFC0F0080FFF3FFFFFFFF7F1A
:1093E000FE1F00C0FFF3FFFFFFFF7FFE1F00C0FF57
:1093F000F3FFFFFFFF7FFE1F00C0FFF3FFFFFFFF34
:109400007FFE1F00C0FFF3FFFFFFFF7FFE1F00C0B6
:10941000FFF3FFFFFFFF7FFE1F00C0FFF3FFFFFF13
:10942000FF7FFE1F00C0FFF3FFFFFFFF7FFE1F0057
:10943000C0FFF3FFFFFFFF7FFE1F00C0FFF3FFFF32
:10944000FFFF7FFE1F00C0FFF3FFFFFFFF7FFE1F38
:1094500000C0FFF3FFFFFFFF7FFE1F00C0FFF3FF11
:10946000FFFFFF7FFE1F00C0FFF3FFFFFFFF7FFE38
:109470001F00C0FFF3FFFFFFFF7FFE1F00C0FFF3D1
:10948000FFFFFFFF7FFE1F00C0FFF3FFFFFFFF7F17
:10949000FE1F00C0FFF3FFFFFFFF7FFE1F00C0FFA6
:1094A000F3FFFFFFFF7FFE1F00C0FFF3FFFFFFFF83
:1094B0007FFE1F00C0FFF3FFFFFFFF7FFE1F00C006
:1094C000FFF3FFFFFFFF7FFE1F00C0FFF3FFFFFF63
:1094D000FF7FFE1F00C0FFF3FFFFFFFF7FFE1F00A7
:1094E000C0FFF3FFFFFFFF7FFE1F0080FFF3FFFFC2
:1094F000FFFF7FFE1F0080FFF3FFFFFFFF7FFC0FDA
:109500000080FFF1FFFFFFFF7FFC0F0000FFF1FF76
:10951000FFFFFF7FFC070000FEF0FFFFFFFF7FF073
:1095200007000038F0FFFFFFFF7FC001000000E0F0
:10953000FFFFFFFF7F0000000000E0FFFFFFFF3F95
:109540000000000000C0FFFFFFFF1F000000000040
:1095500000F87FE0FF00000000000000F87FE0FF5F
:1095600000000000000000F87FE0FF0000000000A5
:109570000000F87FE0FF00000000000000F87FE03E
:10958000FF00000000000000F87FE0FF0000000086
:10959000000000F87FE0FF00000000000000F87FFE
:1095A000E0FF00000000000000F87FE0FF00000086
:1095B00000000000F87FE0FF00000000000000F85D
:1095C0007FE0FF00000000000000F87FE0FF0000E7
:1095D0000000000000F83FE0FF0000000000000075
:1095E000F03FE0FF00000000000000F03FE07F00DF
:1095F000000000000000E01FC07F0000000000002D
:1096000000C00F801F0000000000000000000000EC
:10961000000000000000000000000000000000004A
:10962000000000000000000000000000000000003A
:10963000000000000000000000000000000000002A
:10964000000000000000000000000000E0FFFFFF3D
:10965000FFFFFF1F000000FCFFFFFFFFFFFFFF01F8
:109660000000FEFFFFFFFFFFFFFF030000FFFFFF03
:10967000FFFFFFFFFF070080FFFFFFFFFFFFFFFF70
:109680000F0080FFFFFFFFFFFFFFFF0F0080FFFFC6
:10969000FFFFFFFFFFFF0F0080FFFFFFFFFFFFFF48
:1096A000FF1F0080FFFFFFFFFFFFFFFF1F0080FF86
:1096B000FFFFFFFFFFFFFF1F0080FFFFFFFFFFFF18
:1096C000FFFF1F0080FFFFFFFFFFFFFFFF1F008066
:1096D000FFFFFFFFFFFFFFFF1F0080FFFFFFFFFFF8
:1096E000FFFFFF1F0080FFFFFFFFFFFFFFFF1F00C7
:1096F00080FF1F00000000C0FF1F0080FF1F000050
:109700000000C0FF1F0080FF1F00000000C0FF1FFF
:109710000080FF1F00000000C0FF1F0080FF1F002F
:10972000000000C0FF1F0080FF1F00000000C0FFFE
:109730001F0080FFFFFFFFFFFFFFFF1F0080FFFFF5
:10974000FFFFFFFFFFFF1F0080FFFFFFFFFFFFFF87
:10975000FF1F0080FFFFFFFFFFFFFFFF1F0080FFD5
:10976000FFFFFFFFFFFFFF1F0080FF1F0000000043
:10977000C0FF1F0080FF1F00000000C0FF1F00800F
:10978000FF1F00000000C0FF1F0080FF1F0000003F
:1097900000C0FF1F0080FF1F00000000C0FF1F006F
:1097A00080FF1F00000000C0FF1F0080FFFFFFFFC1
:1097B000FFFFFFFF1F0080FFFFFFFFFFFFFFFF1FF7
:1097C0000080FFFFFFFFFFFFFFFF1F0080FFFFFF85
:1097D000FFFFFFFFFF1F0080FF1F00000000C0FF12
:1097E0001F0080FF1F00000000C0FF1F0080FF1F40
:1097F00000000000C0FF1F00C0FF1F00000000C0ED
:10980000FF1F00C0FF1F00000000C0FF1F00C0FFBF
:109810001F00000000C0FF1F00C0FFFFFFFFFFFF91
:10982000FFFF1F00C0FFFFFFFFFFFFFFFF1F00C084
:10983000FFFFFFFFFFFFFFFF1F00C0FFFFFFFFFF56
:10984000FFFFFF1F00C0FFFFFFFFFFFFFFFF1F0025
:10985000C0FFFFFFFFFFFFFFFF1F00C0FFFFFFFF75
:10986000FFFFFFFF1F00C0FFFFFFFFFFFFFFFF1F06
:1098700000C0FFFFFFFFFFFFFFFF0F00C0FFFFFF64
:10988000FFFFFFFFFF0F00C0FFFFFFFFFFFFFFFF16
:109890000F00C0FFFFFFFFFFFFFFFF0700C0FFFF3C
:1098A000FFFFFFFFFFFF0700C0FFFFFFFFFFFFFFFE
:1098B000FF0100C0FFFFFFFFFFFFFF7F0000C0FFB1
:1098C0000F0000000000000000C0FF0700000000C3
:1098D00000000000C0FF030000000000000000C006
:1098E000FF010000000000000000C0FF00000000B9
:1098F0000000000000C07F00000000000000000029
:10990000C03F000000000000000000C01F00000079
:10991000000000000000C00F000000000000000078
:1099200000C007000000000000000000C0030000AD
:1099300000000000000000C0010000000000000066
:109940000000C00000000000000000000000000057
:109950000000000000000000000000000000000007
:1099600000000000000000000000000000000000F7
:1099700000000000000000000000000000000000E7
:1099800000000000000000000000000000000000D7
:1099900000000000000000000000000000000000C7
:1099A00000000000000000000000000000000000B7
:1099B000000000000000000000000000000000E0C7
:1099C00003000000000000000000FC030000000095
:1099D0000000000000FF030000000000000000C0C5
:1099E000FF030000000000000000E0FF0300000093
:1099F0000000000000F0FF03000000000000000075
:109A0000F8FF030000000000000000FCFF0300005E
:109A1000000000000000FEFF030000000000000046
:109A200000FEFF030000000000000000FFFF030035
:109A300000000000000000FFFF0300000000000025
:109A40000080FFFF030000000000000080FFFF0314
:109A50000000000000000080FFFF03000000000085
:109A60000000C0FFFF0300000000000000C0FFFF77
:109A70000300000000000000C0FFFF030000000022
:109A8000000000C0FFFF0300000000000000C0FF56
:109A9000FF0300FF0000000000C0FFFF03E0FF0F16
:109AA00000000000C0FFFF03F8FF3F00000000C0FF
:109AB000FFFF03FEFF7F00000000C0FFFF03FFFF6A
:109AC000FF0100000080FFFF83FFFFFF0300000095
:109AD00080FFFFC3FFFFFF0700000080FFFFE3FFE1
:109AE000FFFF0F00000000FFFFF3FFFFFF0F00006C
:109AF0000000FFFFF3FFFFFF1F00000000FEFFFB61
:109B0000FFFFFF3F00000000FEFFFBFFFFFF3F00E5
:109B1000000000FCFFFFFFFFFF7F00000000F8FFD8
:109B2000FFFFFFFF7F00000000F0FFFFFFFFFF7F50
:109B300000000000E0FFFFFFFFFFFF0000000080CB
:109B4000FFFFFFFFFFFF0000000000FFFFFFFFFF20
:109B5000FF0000000000FCFFFFFFFFFF00F8FFFF19
:109B6000FFFFFFFFFFFFFF00F8FFFFFFFFFF010008
:109B7000000000F8FFFFFFFFFF0700000000F8FFF4
:109B8000FFFFFFFF0F00000000F8FFFFFFFFFF3F98
:109B900000000000F0FFFFFFFFFF7F00000000F06B
:109BA000FFFFFFFFFFFF00000000F0FFFFFFFFFFD0
:109BB000FF01000000E0FFFFFFFFFEFF01000000CB
:109BC000E0FFFFFFFFFEFF03000000C0FFFFFF7F7D
:109BD000FEFF07000000C0FFFFFF7FFEFF07000041
:109BE0000080FFFFFF3FFEFF0F00000000FFFFFFB0
:109BF0001FFEFF0F00000000FEFFFF0FFEFF0F0023
:109C0000000000FCFFFF07FEFF1F00000000F8FF40
:109C1000FF03FEFF1F00000000E0FFFF00FEFF1F2C
:109C20000000000080FF3F00FEFF1F00000000005A
:109C3000FC0700FEFF1F0000000000000000FEFF08
:109C40001F0000000000000000FEFF1F00000000D9
:109C500000000000FEFF1F0000000000000000FEEA
:109C6000FF1F0000000000000000FEFF0F000000CA
:109C70000000000000FEFF0F0000000000000000D8
:109C8000FEFF0F0000000000000000FEFF070000C4
:109C9000000000000000FEFF0700000000000000C0
:109CA00000FEFF030000000000000000FEFF0300B4
:109CB00000000000000000FEFF01000000000000A6
:109CC0000000FEFF000000000000000000FE7F001A
:109CD0000000000000000000FE3F00000000000047
:109CE000000000FE1F000000000000000000FE0752
:109CF000000000000000000000FE01000000000065
:109D0000000000003E000000000000000000000015
:109D10000000000000000000000000000000000043
:109D20000000000000000000000000000000000033
:109D30000000000000000000000000000000000023
:109D40000000000000000000000000000000000013
:109D50000000000000000000000000000000000003
:109D600000000000000000000000000000000000F3
:109D7000F8FFFFFFFF1F0000000000FFFFFFFFFFD5
:109D8000FF01000000C0FFFFFFFFFFFF0300000016
:109D9000C0FFFFFFFFFFFF07000000E0FFFFFFFF26
:109DA000FFFF0F000000E0FFFFFFFFFFFF0F0000BD
:109DB00000E0FFFFFFFFFFFF0F000000F0FFFFFFCD
:109DC000FFFFFF1F000000F0FFFFFFFFFFFF1F006E
:109DD0000000F0FFFFFFFFFFFF1F000000F0FFFF8C
:109DE000FFFFFFFF1F000000F0FFFFFFFFFFFF1F4F
:109DF000000000F0FFFFFFFFFFFF1F000000F0FF6B
:109E0000FFFFFFFFFF1F00803FF0FFFFFBFFFFFF93
:109E10001F00C03FF0FFFFF3FFFFFF1F00C03FF038
:109E2000FFFFE3FFFFFF1F00C03FF0FFFF83FFFFC7
:109E3000FF1F00C03FF0FFFF03FFFFFF1F00C03FF9
:109E4000F0FFFF03FEFFFF1F00C03FF0FFFF03F81E
:109E5000FFFF1F00C03FF0FFFF03F0FFFF1F00C028
:109E60003FF0FFFF03E0FFFF1F00C03FF0FFFF03D5
:109E700080FFFF1F00C03FF0FFFF0300FFFF1F0038
:109E8000C03FF0FFFF0300FEFF1F00C03FF0FFFFD9
:109E90000300F8FF1F00C03FF0FFFF0300F0FF1FAB
:109EA00000C03FF0FFFF0300E0FF1F00C03FF0FFD6
:109EB000FF0300F0FF1F00C03FF0FFFF0300F8FFAB
:109EC0001F00C03FF0FFFF0300FEFF1F00C03FF078
:109ED000FFFF0300FFFF1F00C03FF0FFFF0380FFF5
:109EE000FF1F00C03FF0FFFF03E0FFFF1F00C03F68
:109EF000F0FFFF03F0FFFF1F00C03FF0FFFF03F87C
:109F0000FFFF1F00C03FF0FFFF03FEFFFF1F00C069
:109F10003FF0FFFF03FFFFFF1F00C03FF0FFFF8385
:109F2000FFFFFF1F00C03FF0FFFFE3FFFFFF1F0029
:109F3000C03FF0FFFFF3FFFFFF1F00C03FF0FFFF38
:109F4000FBFFFFFF1F00C03FF0FFFFFFFFFFFF1FF2
:109F500000C03FF0FFFFFFFFFFFF1F00C03FF0FF0B
:109F6000FFFFFFFFFF1F00C03FF0FFFFFFFFFFFFEE
:109F70001F00C03FF0FFFFFFFFFFFF1F00C03FF0CB
:109F8000FFFFFFFFFFFF1F00C03FF0FFFFFFFFFFCE
:109F9000FF1F00C03FE0FFFFFFFFFFFF0F00C03FBC
:109FA000E0FFFFFFFFFFFF0F00C03FE0FFFFFFFFED
:109FB000FFFF0F00C03FC0FFFFFFFFFFFF0700C014
:109FC0003FC0FFFFFFFFFFFF0700C03F00FFFFFF95
:109FD000FFFFFF0100C03F00F8FFFFFFFF7F000011
:109FE000C03F000000000000000000C03F00000073
:109FF000000000000000C03F000000000000000062
:10A0000000C03F000000000000000000C03F000052
:10A0100000000000000000C03F0000000000000041
:10A02000000080FFFFFFFFFFFF7F00000080FFFFB9
:10A03000FFFFFFFF7F00000080FFFFFFFFFFFF7FAC
:10A0400000000080FFFFFFFFFFFF7F00000000FF18
:10A05000FFFFFFFFFF7F00000000FEFFFFFFFFFF8D
:10A060007F00000000FCFFFFFFFFFF7F00000000FB
:10A07000C0FFFFFFFFFF7F000000000000000000A6
:10A0800000000000000000000000000000000000D0
:10A0900000000000000000000000000000000000C0
:10A0A00000000000000000000000000000000000B0
:10A0B00000000000000000000000000000000000A0
:10A0C0000000000001020304060708090000000068
:10A0D00001020304F4A00008000000209400000026
:10A0E0007829000888A1000894000020AC04000032
:10A0F00088290008542A00080C000C0018001400DD
:10A10000342C00081000100020001400B42E0008A9
:10A11000140014003C0014006433000818001800F8
:10A1200048004100AC4500082000200080001400D9
:10A13000AC4F000810002000400000006C670008D1
:10A140000C001800300000003C7900080A001400E0
:10A15000280000001488000808001000100000000B
:10A16000048E000806000C000C0000000000000037
:10A1700000000000010000001000000000000000CE
:08A180000024F40000000000BF
:040000050800018965
:00000001FF
