:020000040800F2
:10000000B80C00209D0100087F2100082B08000883
:100010007D21000819070008C5260008000000001F
:10002000000000000000000000000000852400081F
:100030001B07000800000000812100083D25000882
:10004000B7010008B7010008B7010008B7010008B0
:10005000B7010008B7010008B7010008B7010008A0
:10006000B7010008B7010008B7010008B701000890
:10007000B7010008B7010008B7010008B701000880
:10008000B7010008B7010008B7010008B701000870
:10009000B7010008B7010008B7010008B701000860
:1000A000B7010008B7010008B7010008B701000850
:1000B000B7010008B7010008B7010008B701000840
:1000C000B7010008B7010008B7010008B701000830
:1000D000B7010008B7010008B7010008B701000820
:1000E000B7010008B7010008B7010008B701000810
:1000F000B7010008B7010008B7010008B701000800
:10010000B7010008B7010008B7010008B7010008EF
:10011000B7010008B7010008B7010008B7010008DF
:10012000B7010008B7010008B7010008B7010008CF
:10013000B7010008B7010008B7010008B7010008BF
:10014000B7010008B7010008B7010008B7010008AF
:10015000B7010008B7010008B7010008B70100089F
:10016000B7010008B7010008B7010008B70100088F
:10017000B7010008B7010008B7010008B70100087F
:10018000B7010008B7010008DFF80CD000F0A2FAB0
:100190000048004711300008B80C0020064880478E
:1001A00006480047FEE7FEE7FEE7FEE7FEE7FEE75C
:1001B000FEE7FEE7FEE7FEE74125000889010008AB
:1001C0002DE9FE4F804681EA0300C00F0C460090E7
:1001D00021F0004123F00045B8EB0200A94105D20F
:1001E0004046214690461C460B46024623F00040FE
:1001F000104347D0270DC7F30A00C3F30A510290FA
:10020000401A019040286BDAC3F3130040F4801BBE
:100210000098924620B10023D2EB030A63EB0B0B4C
:1002200001985946C0F14002504600F036F90646A2
:100230000D4650465946019A00F03EF910EB080071
:100240006141002487EA115284EAE7731A4340D0DF
:10025000009A62B3019A012A4FEA075215DC001B8B
:1002600061EB02014FF0004202EA0752CDE9004281
:10027000001C41F5801132462B4600F03EF903B0D8
:10028000BDE8F08F40462146F9E7001B61EB020113
:10029000001C41F5801300185B412018A2F50017DF
:1002A00047EB030140EAD570B6196D4111E06D08C6
:1002B0004FEA360645EAC0754FEA0752001B61EB6C
:1002C0000201001C41F5801149084FEA3000001975
:1002D000514132462B4603B0BDE8F04F00F0FEB866
:1002E0000098012240000023D0EB020263EBE07390
:1002F000009821464FEAE074B8EB000061EB04017E
:10030000E9E783F000435BE781F0004158E72DE91E
:10031000FE4F81EA030404F0004421F00041009400
:100320004FF0000B23F0004350EA01045ED052EA84
:1003300003045BD0C3F30A54C1F30A552C44A4F25E
:10034000F3340194A0FB0254C1F3130141F4801172
:10035000C3F3130343F4801301FB024400FB034E79
:10036000840A970A44EA815447EA8357A4FB076842
:1003700002958D0A05FB07854FEA932C04FB0C546C
:100380002705029D4FEA065847EA1637B5EB0805E0
:100390006EEB070C870E920E47EA811742EA831232
:1003A000A7FB0201B6EB0B0164EB00042B0D43EA43
:1003B0000C335E1844EB1C50DA465146E7FB020151
:1003C000C5F313044FEA0B3343EA14534FEA0432E4
:1003D000019C43EA0603A4F10C040294009CCDE9BD
:1003E00000B400F08AF803B0BDE8F08F00200146A9
:1003F000F9E70EB540F2334102910021CDE9001139
:100400000A460B4600F079F803B000BD30B50B4644
:10041000014600202022012409E021FA02F59D4234
:1004200005D303FA02F5491B04FA02F52844151E08
:10043000A2F10102F1DC30BD2DE9F05F054600209C
:1004400092469B4688460646814640241BE0284645
:1004500041464746224600F04FF953465A46C01AD5
:10046000914110D311461846224600F016F82D1A75
:1004700067EB01084F4622460120002100F00DF8ED
:1004800017EB00094E41201EA4F10104DFDC4846B1
:1004900031462A464346BDE8F09F202A04DB203A35
:1004A00000FA02F1002070479140C2F1200320FAC7
:1004B00003F3194390407047202A06DBCB17203AFC
:1004C00041FA02F043EAE07306E041FA02F3D04059
:1004D000C2F12002914008431946704710B5141E1E
:1004E00073F1000408DA401C41F1000192185B41ED
:1004F0001A4301D120F0010010BD2DE9F04D9246C4
:100500009B4611B1B1FA81F202E0B0FA80F22032DA
:100510009046FFF7C2FF04460F4640EA0A0041EA50
:100520000B0153465A46084313D0114653EA0100C3
:1005300019D0C8F14002504600F0DEF805460E46DC
:10054000504659464246FFF7A8FF084305D0012010
:1005500004E020463946BDE8F08D0020054346EA18
:10056000E0762C4337430A986305E40AA0EB0800C1
:100570000022FD0A44EA47540A3002D50020014611
:10058000E9E7010510196941DDE9084500196941EC
:10059000BDE8F04DA2E72DE9F04D81EA030404F037
:1005A000004B21F0004514464FF0000A23F00041B3
:1005B00050EA050220D054EA01021DD0C5F30A57C3
:1005C0000246C5F31303C1F31300C1F30A5640F406
:1005D000801543F48013A7EB0608101BD64608F2DB
:1005E000FD3873EB050002D308F1010801E0921811
:1005F0005B41B8F1000F03DA00200146BDE8F08D41
:1006000000204FF48011064684460EE0171B73EB62
:10061000050705D3121B63EB050306434CEA010CE7
:1006200049084FEA300092185B4150EA0107EDD1CA
:1006300052EA030012D082EA040083EA050108436B
:1006400005D0101BAB4106D20122002306E0002298
:100650004FF0004302E06FF0010253101AEB060066
:100660004CEB085110EB0A0041EB0B01BDE8F04DDB
:10067000FFF734BFC1F30A52C1F3130140F2FF3355
:1006800041F480119A4202DA00200146704740F29C
:1006900033439A42A2F2334202DC524200F02CB8B9
:1006A000FFF7FBBE30B5041E71F1000404DB4FF010
:1006B0000044404264EB0101141E73F1000405DBA9
:1006C0001C464FF00043524263EB0403994208BFBB
:1006D000904230BD064C074D06E0E06840F0010353
:1006E00094E8070098471034AC42F6D3FFF750FD6A
:1006F000ACA60008CCA60008202A04DB203A21FA88
:1007000002F00021704721FA02F3D040C2F120022A
:100710009140084319467047FEE770470A484FF476
:100720007A710068B0FBF1F0401EB0F1807F0AD210
:100730004FF0E0214861054AF02082F8140D0020B6
:100740008861072008617047840000200FE000E006
:100750000249086008680028FCD1704700000020AA
:10076000F0B50023012403270D6804FA03F21540B5
:10077000954242D1D0F800C05E0007FA06F52CEA97
:10078000050CC0F800C091F804C0D0F800E00CFAE5
:1007900006FC4CEA0E0CC0F800C091F804C0BCF195
:1007A000010F02D0BCF1020F1FD1D0F808C02CEA13
:1007B000050CC0F808C091F805C0D0F808E00CFAA4
:1007C00006FC4CEA0E0CC0F808C0D0F804C02CEAB5
:1007D000020CC0F804C0426891F806C00CFA03FC91
:1007E0001FFA8CFC42EA0C024260C268AA43C26053
:1007F000CA79C568B2402A43C2605B1C102BB3D3D0
:10080000F0BD4B07DB0E9A40C90810B500EB810024
:10081000016A0F249C40A1430162016A11430162F5
:1008200010BD4183704701837047FEE71CB501216D
:10083000042001F0A7FC00208DF8040001218DF8B0
:1008400007108DF805000220009069460148FFF767
:1008500087FF1CBD000802402DE9F041204C00211B
:10086000A089401E83B26089401E82B2084600F013
:1008700053FD1C48018821F040010180018841F4AA
:1008800000610180018841F040010180164EC513CE
:100890007583A288134997B20023B4F80CE06289EB
:1008A000083101F1040C02FB0EF205E0ACF8007017
:1008B0000C88A407FCD55B1C9A42F7D80A8812065C
:1008C000FCD43583018821F040010180018821F4A6
:1008D00000610180018841F040010180BDE8F081A4
:1008E000A8080020003C00400000024008B500239A
:1008F00041F288310DE000BFADF8003005E000BFE7
:10090000BDF80020521CADF80020BDF800208A423E
:10091000F6D3401EF0D208BD2DE9F05F0023203A47
:1009200002F0FF0B284A824689464FF400401C46DD
:1009300019465083DFF894E0254EDEF8000026E0EB
:100940000768DFF890C00BFB0272BCF80070BCF8BF
:1009500004C09D5C0022BFB21FFA8CFC5FEAC57820
:1009600002D026F8147001E026F814C0641C491C5B
:10097000B0F804806D0889B2A4B2884501D1002185
:1009800003E0521C92B2082AE8D35B1C9BB2028996
:100990009A42D5D8C288A9F1010111448BB281884D
:1009A000AAF10100084482B274464946504600F05C
:1009B000B3FC20688188C088BDE8F05F414389B2FC
:1009C000034801F04DBB0000000002407C00002005
:1009D000A8000020A80800202DE9F05FDFF8D080F3
:1009E00083468A46D8F804000023177805890668EC
:1009F00019465C1C05FB04FC16F80CC0BC4508D16C
:100A000004FB056492F801C06478644501D19946FD
:100A100004E09B1C44899BB29C42EAD80022134606
:100A2000C646244E27E00768DFF88CC009FB047433
:100A3000BCF80070BCF804C01D5D0024BFB21FFAF2
:100A40008CFC00BF5FEAC57802D026F8127001E086
:100A500026F812C0521C491CB0F804806D0889B2F7
:100A600092B2884501D1002103E0641CA4B2082C95
:100A7000E8D35B1C9BB204899C42D4D8C288AAF1FB
:100A8000010111448BB28188ABF10100084482B2AC
:100A900074465146584600F03FFC60688188C08823
:100AA000BDE8F05F414389B2024801F0D9BA0000C5
:100AB0007C000020A8000020A808002030B50546D2
:100AC000094887B00C46007A8DED000B50B107A1A4
:100AD00002A801F01BFE02AA2146284600F02CF8CD
:100AE00007B030BD03A1F3E7A8080020252A2E2A6D
:100AF0006C66000025302A2E2A6C66007FB51E46E3
:100B0000094B05460C46187A1346324648B107A1F0
:100B1000684601F0FBFD6A462146284600F00CF8C5
:100B20007FBD03A1F4E70000A8080020252A640087
:100B300025302E2A640000002DE9F0411546884634
:100B400004460A4F0A4E08E041462046FFF7E4FEFD
:100B500038686D1C8088204484B27089A04202D914
:100B60002A78002AF0D1BDE8F08100007C00002046
:100B7000A80800202DE9F04114460F4605460E4E08
:100B800015E07F2A09D839462846FFF7C5FE3068A8
:100B9000641C8088284485B209E0224639462846EC
:100BA000FFF71AFF7068A41C8088284485B2227859
:100BB000002AE6D1BDE8F0817C0000202DE9F84F45
:100BC00081465542002602201E4F884600EB450410
:100BD000A9EB05003A6808EB060A00901FFA8AF1B3
:100BE00080B200F04BFA09EB050B1FFA8AF11FFAED
:100BF0008BF03A6800F042FAA8EB060A1FFA8AF175
:100C00001FFA8BF03A6800F039FA00981FFA8AF15F
:100C10003A6880B200F032FA2046B44208DC761C12
:100C200000EB4604641CF54202D1A84200DC00201F
:100C3000A84203DD6D1C04EB4504641C002DC7DDD8
:100C4000BDE8F88FA80800202DE9F05F00EE102A1B
:100C500080465742F8EEC00A00EE103A022000EB40
:100C60004704B8EEC00A00256C480E462DED028BF5
:100C70009A4267DD80EE808A4FEA000900EE105A42
:100C8000A8EB070BD9F80020B8EEC00AC0EE080A9E
:100C9000BCEEE00A10EE100A304481B21FFA8BF06D
:100CA00000F0ECF900EE105A08EB070AD9F8002022
:100CB000B8EEC00AC0EE080ABCEEE00A10EE100A58
:100CC000304481B21FFA8AF000F0D8F900EE105AD1
:100CD000D9F80020B8EEC00AC0EE080ABCEEE00A5F
:100CE00010EE100A301A81B21FFA8AF000F0C6F92D
:100CF00000EE105AD9F80020B8EEC00AC0EE080A7B
:100D0000BCEEE00A10EE100A301A81B21FFA8BF026
:100D100000F0B4F92046AC4208DC6D1C00EB450441
:100D2000641CEF4202D1B84200DC0020B84203DD6F
:100D30007F1C04EB4704641C002F9FDDBDEC028B7D
:100D4000BDE8F09F80EE208A5F420025814600BF0B
:100D500000EE105A06EB070A1FFA8AF1B8EEC00A35
:100D6000D9F80020C0EE080ABCEEE00A10EE100A26
:100D7000A8EB000080B200F081F900EE105A1FFAD3
:100D80008AF1D9F80020B8EEC00AC0EE080ABCEE1D
:100D9000E00A10EE100A404480B200F06FF900EE55
:100DA000105AA6EB070A1FFA8AF1B8EEC00AD9F862
:100DB0000020C0EE080ABCEEE00A10EE100A404423
:100DC00080B200F05BF900EE105A1FFA8AF1D9F8F0
:100DD0000020B8EEC00AC0EE080ABCEEE00A10EE31
:100DE000100AA8EB000080B200F048F92046AC429F
:100DF00009DC6D1C05EB45010C18641CEF4202D1A7
:100E0000B84200DC0020B84204DD7F1C07EB47003D
:100E10000444641C002F9BDD90E70000A80800201C
:100E20002DE9FF4F83B00746064604989B464FF4D2
:100E300080610090B1FBFBF0DDF84090144601901A
:100E400038194FF0000A401E554602906EE000200F
:100E5000F4EE000A27E000BF374B99F80020A3F515
:100E6000006EB3F800C09B8800211FFA8CFC9BB277
:100E70005FEAC27802D02EF815C001E02EF81530D6
:100E8000761CB6B26D1C5208A6EB0708ADB2A045A1
:100E900001D13E4603E0491C89B20829E8D3401C31
:100EA00009F1010980B200EE104AB8EE400A20EEC6
:100EB000201A00EE100AB8EE400AB4EEC01AF1EEA5
:100EC00010FAC9DC01986043A84216D1DDE900019F
:100ED00000EB0108A8F1010083B20298002582B25C
:100EE0003846009900F018FA0198604381B213481F
:100EF00001F0B6F81FFA88F000900AF10108D84511
:100F000012D1049902988A4482B21FFA8AF33846B1
:100F1000009900F001FA0099AAEB0100401C60431F
:100F200081B2064801F09CF81FFA88FADA458ED3A0
:100F300007B0BDE8F08F0000A8080020A80000203E
:100F40002DE9FE4F0027141A002C00DC841A0FFA3A
:100F500084F85C1A002C00DCCC1A0FFA84FC06B270
:100F60000DB24FF0FF34824203D30120824601903C
:100F700001E0A24601948B4203D3012081460090F8
:100F800001E0A1460094E0454FF0000008DB8146F7
:100F9000019008EBD870C3464410CDF808C026E095
:100FA000824600200090E3460CEBDC70CDF8088010
:100FB0004410D8461BE01048A9B20268B0B200F055
:100FC0005DF80298204404B25C4508DBA4EB0B00FA
:100FD00004B20198304406B20098284405B206EBEA
:100FE0000A0006B205EB09007F1C05B23FB2474577
:100FF000E1DDBDE8FE8F0000A808002070B51446B2
:101000000C4A0B46A2F500651288002192B203E05B
:1010100025F81120491C89B2A142F9D30119491EB2
:101020008AB2194600F078F92146BDE870400248BE
:1010300001F016B8A8080020A800002070B50D4BDC
:101040001446A3F500651B8800229BB204E000BF94
:1010500025F81230521C92B2A242F9D30A19521E3C
:1010600093B2024600F058F92146BDE870400248AC
:1010700000F0F6BFA8080020A800002070B50B46BD
:10108000024600F049F9074D4FF400446C830648CE
:10109000008880B201F03EF8044801880906FCD4BB
:1010A0002C8370BD00000240A8080020083C0040CE
:1010B0002DE9F0411C4616460D460746FFF79EFFF8
:1010C0002819401E81B232463846FFF797FF224664
:1010D00029463846FFF7B2FFB81922462946BDE82F
:1010E000F041401E80B2FFF7A9BF2DE9F84F8B46B3
:1010F000032190460746A1EB4806002415464FF60B
:10110000FF7931E08DB1ABEB050081B2009009EAC7
:101110004502381B924680B2FFF790FF0098524676
:1011200081B2381980B2FFF789FF8CB1ABEB0400B4
:1011300081B2009009EA4402781B924680B2FFF720
:101140007DFF0098524681B2781980B2FFF776FF92
:10115000002E03DA06EB8406B61D04E0601B06EBE6
:1011600080066D1E0A36641CAC42CBD942465946F5
:101170003846BDE8F84FFFF721BD00002DE9F041EA
:101180001D4614464A19521E93B20219521E92B2BB
:1011900000F0C2F81A48018821F04001018001885E
:1011A00041F400610180018841F040010180154F48
:1011B000C6137E83144B124A002108321B8802F1A9
:1011C000040C9BB26C4306E0ACF800301588AD0708
:1011D000FCD5491C89B28C42F6DC11880906FCD486
:1011E0003E83018821F040010180018821F40061E3
:1011F0000180018841F040010180BDE8F0810000DC
:10120000003C004000000240A80800202DE9FC41FD
:101210000121CC03204600F0C1FF01210B2000F08A
:10122000B1FF234E062203213046FFF7EAFA0622D9
:1012300005213046FFF7E5FA02258DF8045003201A
:101240008DF8050000208DF806008DF807000820B5
:10125000009069463046FFF783FA202000906946E7
:101260003046FFF77DFA01208DF80400114F8DF80C
:101270000550694638460094FFF772FADFF8388067
:10128000A510694640460095FFF76AFAE6106946E0
:1012900040460096FFF764FA29464046FFF7C3FA36
:1012A0003C8331464046FFF7BCFABDE8FC810000B4
:1012B0000004024000000240000C024010B5012171
:1012C00086B0C80300F06AFF4FF44040ADF800005C
:1012D0004FF48270ADF802000020ADF80800ADF8C0
:1012E0000400ADF80C00ADF80600ADF80E004FF4A8
:1012F00000710720074CADF80A10ADF810006946E0
:10130000204600F0B5FF0121204600F0A7FF06B0FF
:1013100010BD0000003C00402DE9F047174E4FF48F
:1013200000459A4617468846814675832A2000F074
:10133000CFFE134CA17B01EB090080B200F0EAFE66
:10134000A07B384480B200F0E5FE2B2000F0C0FE08
:10135000E17B01EB080080B200F0DCFEE17B01EBF9
:101360000A0080B200F0D6FE2C2000F0B1FE054845
:1013700001880906FCD43583BDE8F08700000240EF
:10138000A8080020083C00400149086070470000A0
:101390007C0000204FF478414FF4FC6201EA1021F8
:1013A00002EA5012C0F3C4001143014301484160F6
:1013B00070470000A80800204FF478414FF4FC6209
:1013C00001EA102102EA5012C0F3C40011430143A4
:1013D0000148016070470000A80800202DE9F0478F
:1013E0001D4CDFF878904FF400486072A9F81A801D
:1013F00000254FF4A076F02730B1022809D001284B
:101400000CD0032815D01EE0362000F061FE7020BD
:1014100008E0362000F05CFE00200EE0362000F0F0
:1014200057FEA02000F084FEA573E5736681A781B6
:1014300009E0362000F04CFEC02000F079FEA573D4
:10144000E5736781A681064801880906FCD4A9F8DE
:101450001880BDE8F0870000A808002000000240C6
:10146000083C00400C494860808814280FD005DCF7
:101470000C280AD0102807D1084804E0182808D002
:10148000202801D10648086070470648FBE7064857
:10149000F9E70648F7E700007C0000206400002020
:1014A0004000002070000020580000204C00002068
:1014B0000149087270470000A80800202DE9F05F7C
:1014C00000242548FFF7CEFF0020FFF775FFDFF867
:1014D0009090DFF888B0214D214E224FDFF88880B0
:1014E000DFF888A009F17F090BF17F0B082C0AD2E5
:1014F000DFE804F004062426282A2C2E284600E0E3
:101500003046FFF747FFFFF7A7F919A246210D2044
:10151000FFF730FB1AA26A210D20FFF72BFB1DA25B
:101520008E210D20FFF726FB4FF47A70FFF710F99C
:10153000641CE4B2082CD9D3BDE8F09F3846E0E73C
:101540004046DEE74846DCE75046DAE75846D8E74B
:101550006FF07F40D5E70000280000208080FF006A
:1015600080FF8000FF80800080FFFF00A3A3A30016
:1015700053544D333220CBA2C6C1B2E2CAD40000CC
:10158000C6C1C4BBB7D6B1E6C2CA3A3234302A3378
:1015900032300000BFD8D6C6C6F73A535437373872
:1015A0003900000070B50020FFF7F4FEFFF754F992
:1015B0007948FFF757FF6FF07F40FFF7FDFE0021EE
:1015C00076A20846FFF7D6FA00244FF47F0500BF45
:1015D000A5EB0440FFF7F0FE0A2214212046FFF796
:1015E0002DFD641CA4B2F02CF2D300244FF47F45EF
:1015F000A5EB0420FFF7E0FE0A2223212046FFF797
:101600001DFD641CA4B2F02CF2D30024C4F1FF0031
:10161000FFF7D2FE0A2232212046FFF70FFD641C9D
:10162000A4B2F02CF2D346245F48FFF7C5FE0A238C
:101630005A224B219620FFF7A1FD5CA221460020F3
:10164000FFF77AFA5C48FFF7B7FE0A235A225F21B8
:101650009620FFF793FD59A25A210020FFF76CFA5C
:101660005A48FFF7A9FE0A235A2273219620FFF752
:1016700085FD57A26E210020FFF75EFA5848FFF75C
:101680009BFE0A235A2287219620FFF777FD55A259
:1016900082210020FFF750FA47487F38FFF78CFE81
:1016A0009B210A235A229620FFF768FD962150A21B
:1016B0000020FFF741FA5148FFF77EFEAF210A23D1
:1016C0005A229620FFF75AFDAA214DA20020FFF7CB
:1016D00033FA48F28000FFF76FFEC3210A235A2233
:1016E0009620FFF74BFDBE2148A20020FFF724FA09
:1016F0004FF08010FFF760FED7210A235A22962070
:10170000FFF73CFDD22144A20020FFF715FA3B4829
:10171000FF38FFF751FEEB210A235A229620FFF7EC
:101720002DFDE62140A20020FFF706FA4148FFF711
:1017300043FEFF210A235A229620FFF71FFDFA21BC
:101740003DA20020FFF7F8F94FF40000FFF734FE48
:1017500040F213110A235A229620FFF70FFD4FF48F
:10176000877138A20020FFF7E7F94FF40040FFF738
:1017700023FE40F227110A235A229620FFF7FEFC8F
:101780004FF4917132A20020FFF7D6F9BDE8704006
:101790004FF4FA60FEF7DCBF1C000020524742C83D
:1017A000FDBBF9C9AB3A0000FFFF80004C49474838
:1017B000545F4359414E0000FF80FF004C494748A9
:1017C000545F4D4147454E544100000080FFFF00EB
:1017D0004C494748545F59454C4C4F570000000056
:1017E000A3A3A3004C494748545F47524559000002
:1017F0004C494748545F524544000000FF80800038
:101800004C494748545F424C554500004441524BB7
:101810005F4359414E0000004441524B5F4D4147E8
:10182000454E5441000000004441524B5F59454C25
:101830004C4F5700404040004441524B5F47524597
:10184000590000004441524B5F52454400000000E3
:101850004441524B5F475245454E00002DE9F84345
:101860002B4E2C4F2C4DDFF8B48000244FF47A79A6
:101870000020FFF78FFDFEF7EFFF2948FFF7F2FD8D
:101880003046FFF799FD34B1012C09D0022C34D039
:10189000032C0DD136E00220FFF7A0FD21A203E0CA
:1018A0000020FFF79BFD22A214210846FFF762F9F2
:1018B0003846FFF781FD53231A4650211320009527
:1018C000FFF7AEFA1D48FFF7CDFD4046FFF774FD68
:1018D0001BA25A218220FFF74DF982211AA2084645
:1018E000FFF748F90220FFF779FD4846FEF730FF81
:1018F000641C042CBCDBBDE8F8830320FFF76EFDFD
:1019000013A2D1E70120FFF769FD16A2CCE7000082
:10191000FBF9DFFF8DE5F6FF66980008A8D39DFF71
:1019200028000020446972656374696F6E5F560019
:10193000446972656374696F6E5F4800340000200B
:10194000C2B9D0A1B0E00000BFC6BCBC000000001E
:10195000446972656374696F6E5F565F466C697047
:1019600000000000446972656374696F6E5F485FD0
:10197000466C69700000000010B50020FFF70AFDFA
:10198000FEF76AFF6FF07F40FFF716FD00214FF46E
:10199000A073F0220846FFF78BFB4FF47F00FFF7A0
:1019A0000BFD1E2232218C20FFF79FFB4FF47F405E
:1019B000FFF702FD1E223221AA20FFF796FBFF202F
:1019C000FFF7FAFC1E223221C820FFF78EFB3848B1
:1019D000FFF7F2FC1A21402371220846FFF7B0FA04
:1019E00051236A2216212320FFF7AAFA64235D22DD
:1019F00014212D20FFF7A4FA6C2345221021342056
:101A0000FFF79EFA6C232C2210213E20FFF798FA54
:101A10002848FFF7D1FC1E22AA217820FFF7CEF834
:101A20001422AA217820FFF7C9F82348FFF7C4FC45
:101A300028235A22AA217820FFF706F928234622D4
:101A4000AA217820FFF700F91B487F30FFF7B4FC8C
:101A500032236422AA217820FFF7F6F83C236E2275
:101A6000AA217820FFF7F0F84FF40000FFF7A4FC5C
:101A700032231A46FA211846FFF780FB8020FFF731
:101A80009BFC32231A46FA216420FFF777FB0948B2
:101A90007F38FFF791FC32231A46FA219620FFF790
:101AA0006DFBBDE810404FF4FA60FEF751BE000038
:101AB00000FFFF00FFFF80008080FF0008B50020CE
:101AC000FFF768FCFEF7C8FE1848FFF775FC1848DA
:101AD000532300901A4637211320FFF7A1F9154828
:101AE000FFF76AFC1448532300901A4637218D20D3
:101AF000FFF796F91148FFF75FFC11485323009058
:101B00001A46AF211320FFF78BF90E48FFF754FC5C
:101B10000D48532300901A46AF218D20FFF780F91E
:101B2000BDE808404FF4FA60FEF712BE8DE5F6FFFF
:101B300066980008FBF9DFFFF79B0008A8D39DFF1C
:101B4000889F00085387FFFF19A3000870B5002085
:101B5000FFF720FCFEF780FE6FF07F442046FFF782
:101B60002BFC5648FFF710FC002155A20846FEF753
:101B7000E3FF5748FFF708FC56A220210020FEF79C
:101B8000DBFF5A48FFF700FC59A238210020FEF77E
:101B9000D3FF5E48FFF7F8FB5DA24C210020FEF763
:101BA000CBFF6348FFF7F0FB62A25C210020FEF749
:101BB000C3FF2012FFF700FC5D48FFF7E5FB68A2BA
:101BC00068210020FEF7B8FF5048FFF7DDFB6FA249
:101BD00074210020FEF7B0FF4448FFF7D5FB73A245
:101BE00084210020FEF7A8FF3948FFF7CDFB76A23D
:101BF00098210020FEF7A0FF3048FFF7C5FB78A230
:101C0000B0210020FEF798FF7948FFF72BFC7948B8
:101C1000FFF7D2FB78A2D8210020FEF7ABFF4FF4EC
:101C2000FA652846FEF794FDFEF716FE7548FFF7A5
:101C300019FC7548FFF7C0FB74A20A210E20FEF7BD
:101C400099FF7648FFF70EFC7548FFF7B5FB75A2C4
:101C50001E210E20FEF78EFF7648FFF703FC764824
:101C6000FFF7AAFB75A23C210E20FEF783FF604818
:101C7000FFF7F8FB7548FFF79FFB75A25A210E206E
:101C8000FEF778FF7648FFF7EDFB7648FFF794FB09
:101C900075A282210E20FEF76DFF5548FFF7E2FB8B
:101CA0002046FFF789FB74A2B4210E20FEF762FFE5
:101CB0002846BDE87040FEF74BBD00004000002004
:101CC0002123242728292A2B2C2D2E303132330092
:101CD0004C0000202123242728292A2B2C2D2E30AC
:101CE00031323334353637380000000058000020D8
:101CF0002123242728292A2B2C2D2E30313233342E
:101D000035363738393A3B3C00000000640000208B
:101D10002123242728292A2B2C2D2E30313233340D
:101D200035363738393A3B3C3D3E3F404142000072
:101D3000700000202123242728292A2B2C2D2E3027
:101D40003132333435363738393A3B3C3D3E3F400B
:101D50004142434445464748494A4B4C0000000035
:101D60002123262728292A2B2C2D2E3031323334BB
:101D700035363738393A3B3C3D3E3F40414243449B
:101D800045464748494A4B4C00000000212326277E
:101D900028292A2B2C2D2E30313233343536373842
:101DA000393A3B3C3D3E3F4041420000212326273B
:101DB00028292A2B2C2D2E30313233343536373822
:101DC000393A3B3C000000002123262728292A2BF2
:101DD0002C2D2E30313233343536373800000000A8
:101DE0002123262728292A2B2C2D2E30313233006F
:101DF0002800002000FFFF004153434949D7D6B7D0
:101E0000FBBCAF0004000020D1C68A003132313261
:101E10003AC2B9D0A1B0E0BFC6BCBC0010000020DF
:101E2000A5E1C500313631363AC2B9D0A1B0E0BF24
:101E3000C6BCBC001C00002049B5FF003230323067
:101E40003AC2B9D0A1B0E0BFC6BCBC005D58FF002B
:101E5000323432343AC2B9D0A1B0E0BFC6BCBC0003
:101E600034000020B9B6FF00333233323AC2B9D061
:101E7000A1B0E0BFC6BCBC00D6D0CEC4CFD4CABED1
:101E8000000000002DE9F05F4FF000082DED088BF9
:101E9000464647469FED599B9FED5A8B4046FFF7BC
:101EA00079FAFEF7D9FC5948FFF7DCFA5848FFF7F2
:101EB00083FA58A20A210020FEF75CFE57A22821CF
:101EC0000020FEF757FEDFF85C914846FFF774FAF2
:101ED00055A250210020FEF74DFE56A26E21002093
:101EE000FEF748FEDFF854A15046FFF765FA54A20A
:101EF00096210020FEF73EFE53A2B4210020FEF7FB
:101F000039FE0024CB469FED52AB9FED53BB4048BA
:101F1000FFF752FA0120FFF7CBFA04EB840006EB3F
:101F2000400204230A215020FEF7E8FD604200EB46
:101F3000800007EB4002042328215020FEF7DEFD3D
:101F40005846FFF739FA0120FFF7B2FAC4EB041044
:101F500000EB800508EB4502082350218220FEF7A4
:101F6000CDFD0020FFF7A4FA06EB450208236E2101
:101F70008220FEF7C3FD5046FFF71EFA0120FFF74F
:101F800097FA2046FEF735FA894649EC100B0546CC
:101F900053EC1A2B51EC100BFEF7B9F953EC192B3B
:101FA000FEF70EF941EC100B032306229621642064
:101FB000FEF784FD49EC105B53EC1B2B51EC100B2E
:101FC000FEF7A5F953EC182BFEF7FAF841EC100BCD
:101FD00004230B22B4216420FEF770FD0F20FEF7CE
:101FE000B7FB641CA4B2642C91D3BDEC088B40F603
:101FF000C410BDE8F05FFEF7ABBB00004AD8124D3D
:10200000FB2109404ED1915C7E4893C028000020FE
:10201000FFFF8000D5FDCAFD3A000000B8BACAFD36
:102020003A00000080FFFF00CCEEB3E4BFD5B8F16A
:102030003A000000CCEEB3E4303A00008080FF00AC
:10204000D5FDD0A1CAFD3A00B8BAD0A1CAFD3A0068
:102050009A9999999999B93F7B14AE47E17A843F4F
:10206000F0B5194A138823F040031380138843F412
:1020700000631380138843F040031380134ED5137D
:102080007583114C00230834271D09E030F813C074
:10209000A7F800C0B4F800C05FEA8C7CFAD55B1CDE
:1020A0008B42F3D320880006FCD43583108820F0BF
:1020B00040001080108820F400601080108840F0EC
:1020C00040001080F0BD0000003C004000000240D5
:1020D0002DE9F0410D4C074620880006FCD40C4E3B
:1020E0004FF4005529463046FEF79BFB0748001D7C
:1020F000078020888007FCD520880006FCD429466C
:102100003046BDE8F041FEF78EBB0000083C0040C1
:10211000000C0240054A010A1180111F0B889B0721
:10212000FCD5108008888007FCD570470C3C004027
:1021300003490880081F01888907FCD57047000003
:102140000C3C00401CB50121042000F01BF80120CC
:102150008DF8040000218DF806108DF80700064C5C
:102160008DF80510009069462046FEF7F9FA012126
:102170002046FEF756FB1CBD00080240FEE77047F4
:1021800070470000044A0029116801D0014300E0B3
:10219000814311607047000030380240044A002932
:1021A000116801D0014300E08143116070470000D5
:1021B00040380240044A0029116801D0014300E080
:1021C00081431160704700004438024070B5204AD6
:1021D0001168204C11F00C0104D06610042903D0C2
:1021E000082903D004601BE0066019E01849091FA4
:1021F0000B68C3F380550B6803F03F0315B1B6FBC2
:10220000F3F301E0B4FBF3F30C680968C4F388143A
:102210006343C1F30141491C4900B3FBF1F1016083
:1022200011680F2303EA11110B4B5C5C0168E1405C
:1022300041601468072505EA94241C5D21FA04F422
:102240008460126805EA52329A5CD140C16070BD68
:10225000083802400024F40098000020002901887A
:1022600002D041F0400101E021F0400101807047BF
:1022700030B502884C8802F441530A88CD88224345
:102280008C882C4322430C8922434C8922438C891D
:102290002243CC8922431A430280828B22F40062BB
:1022A0008283098A018230BD70B5FEF7AFFFFFF768
:1022B00005F80520FEF71AFB6C4D4FF400446C83C3
:1022C0003620FFF705FF0020FFF732FF3A20FFF727
:1022D000FFFE0520FFF72CFFB220FFF7F9FE0C20D0
:1022E000FFF726FF0C20FFF723FF0020FFF720FF5A
:1022F0003320FFF71DFF3320FFF71AFFB720FFF74A
:10230000E7FE3520FFF714FFBB20FFF7E1FE1920A1
:10231000FFF70EFFC020FFF7DBFE2C20FFF708FFC2
:10232000C220FFF7D5FE0120FFF702FFC320FFF711
:10233000CFFE1220FFF7FCFEC420FFF7C9FE2020CD
:10234000FFF7F6FEC620FFF7C3FE0F20FFF7F0FEF3
:10235000D020FFF7BDFEA420FFF7EAFEA120FFF783
:10236000E7FEE020FFF7B4FED020FFF7E1FE0420F7
:10237000FFF7DEFE0D20FFF7DBFE1120FFF7D8FE92
:102380001320FFF7D5FE2B20FFF7D2FE3F20FFF7EB
:10239000CFFE5420FFF7CCFE4C20FFF7C9FE1820DB
:1023A000FFF7C6FE0D20FFF7C3FE0B20FFF7C0FEB0
:1023B0001F20FFF7BDFE2320FFF7BAFEE120FFF745
:1023C00087FED020FFF7B4FE0420FFF7B1FE0C20FB
:1023D000FFF7AEFE1120FFF7ABFE1320FFF7A8FEBC
:1023E0002C20FFF7A5FE3F20FFF7A2FE4420FFF7B9
:1023F0009FFE5120FFF79CFE2F20FFF799FE1F2024
:10240000FFF796FE1F20FFF793FE2020FFF790FEB8
:102410002320FFF78DFE2120FFF75AFE1120FFF742
:1024200057FE7820FEF762FA2920FFF751FE104888
:1024300001880906FCD42C830220FEF7CFFF002080
:10244000FEF7A8FF6FF07F40FEF7B6FFFEF704FA35
:10245000094908480860094900200872BDE8704031
:102460004FF480510648FEF7DEB90000000002403C
:10247000083C00404C0000207C000020A808002000
:10248000000C0240704700000CB500202749019065
:1024900000900A6842F480320A604FF4A0430A6850
:1024A00002F400320092019A521C0192009A12B971
:1024B000019A9A42F3D10A68920334D50120009020
:1024C0001A484030026842F08052026018480268A0
:1024D00042F4404202601548083002680260026817
:1024E00042F400420260026842F4A0520260031FFC
:1024F000104A1A600A6842F080720A600A68920103
:10250000FCD50D4A40F205711160016821F003010C
:102510000160016841F0020101600168C1F38101BD
:102520000229FAD10CBD00900CBD00000038024019
:102530000070004008544007003C024000F02EB8F4
:10254000124810B5016841F470010160104801683B
:1025500041F0010101600E4A002108321160026859
:102560000C4B1A400260031D0B4A1A60026822F4E9
:102570008022026006480C300160FFF785FF0349A6
:102580004FF000608039086010BD000088ED00E069
:1025900000380240FFFFF6FE1030002403480168B7
:1025A000002902D00168491E016070470000002028
:1025B0000029818902D041F4005101E021F4005149
:1025C000818170471CB501210846FFF7DBFD022021
:1025D0008DF8040000208DF8060001218DF8071009
:1025E0008DF8050048020B4C009069462046FEF726
:1025F000B7F82015009069462046FEF7B1F807228B
:1026000009212046FEF7FDF807220A212046FEF7A1
:10261000F8F81CBD000002407FB50446008A0D4654
:1026200020F44051E88808432082A08941F20C61DF
:102630008843A9882A8911436A8902431143A181E9
:10264000A08A20F44071A8890843A0826846FFF759
:10265000BDFD1A48844202D01948844201D1039832
:1026600000E00298A189090400EBC00101EB001011
:10267000296801D5490000E08900B0FBF1F264202F
:10268000B2FBF0F109010B096FF018056B4302EB87
:102690008302A3891D044FF0320306D503EBC20267
:1026A000B2FBF0F000F0070005E003EB0212B2FB12
:1026B000F0F000F00F00084320817FBD00100140C2
:1026C00000140140FEE700001FB501211020FFF7B4
:1026D00071FDFFF777FF4FF4E13000900020ADF877
:1026E0000800ADF804000C21074CADF80600ADF869
:1026F0000A10ADF80C0069462046FFF78DFF012156
:102700002046FFF755FF1FBD001001400FB4084BD6
:1027100010B504A902AA039800F0DEF8044602A945
:10272000002000F070FC204610BC5DF814FB000097
:102730000730000802E008C8121F08C1002AFAD1B9
:1027400070477047002001E001C1121F002AFBD131
:10275000704700002DE9FF5F82B00021DDE9043001
:10276000020DDDF840B0034318D044F61050A2F239
:10277000FF3242431514119801281FD0A5EB0B001E
:10278000401C5FEA000A4FF000064E4FDFF8389118
:10279000B046504615D5CAF1000413E01198012443
:1027A0004AA3012801D16FEA0B010298119AC0E9EE
:1027B0000031C0E9024206B0BDE8F09FCBF1000055
:1027C000DFE704460021404A491842EB0450CDE9B6
:1027D000001012E0E00707D032463B46404649462B
:1027E000FDF795FD8046894632463B461046194620
:1027F000FDF78DFD06460F466410002CEAD1DDE999
:102800000401DDE90023BAF1000F06DAFDF77FFDD0
:1028100042464B46FDF77BFD05E0FDF7BCFE424618
:102820004B46FDF7B8FE04460E460022284BFDF746
:1028300039FF03D84FF0FF30014607E00022254B57
:1028400020463146FDF7BCFCFDF714FF102409E0DB
:10285000002C0ADB0A220023FDF7EEFD039B303239
:102860001A55641E50EA0102F2D1641C039AC4F1A5
:1028700011031444119A012A03D0012208430DD1F7
:102880000AE0084304D000204FF0110B119072E7CA
:10289000A3EB0B056D1E0DE05B4504DD4FF0000260
:1028A00005F1010504E003DA4FF00002A5F101058E
:1028B000002AECD002981199C0E90231C0E9004524
:1028C00079E70000000014400000F03F30000000F5
:1028D0000000F0430000E03F2DE9FF4F95B09B461C
:1028E0008946064600250FE2252877D10024274691
:1028F000F84A0121059400E0044316F8013F203B0B
:1029000001FA03F01042F7D130782A2811D06FF085
:102910002F033078A0F13002092A16D8059A44F026
:10292000020402EB820203EB42021044761C059083
:10293000EFE759F8042B0592002A03DA504244F4D9
:102940000054059044F00204761C30782E2816D1ED
:1029500016F8010F44F004042A280DD06FF02F025E
:102960003078A0F13003092B09D807EB870302EB7D
:102970004303C718761CF3E759F8047B761C3078BC
:102980006C280FD006DC4C2817D068280DD06A2898
:1029900014D104E0742810D07A280FD10DE044F44B
:1029A00000140AE044F4801401E044F44014727806
:1029B000824202D104F58014761C761C3078662899
:1029C0000BD013DC582877D009DC002875D04528B7
:1029D000F6D04628F4D047281AD19DE118E06328A4
:1029E00035D0642879D0652812D195E1702873D04C
:1029F00008DC6728F1D069286FD06E280DD06F28C9
:102A000006D1B5E073282CD0752875D0782874D0FD
:102A10005A46179990476D1C75E1C4F3025002287D
:102A200009D003280DD0D9F8001004280DD00D606E
:102A300009F1040967E1D9F80010EA17C1E9005269
:102A4000F6E7D9F800100D80F2E70D70F0E719F8FD
:102A5000041B8DF8001000208DF80100EA460120CB
:102A600003E059F804AB4FF0FF3061074FF000016D
:102A700002D40DE008F101018846B9420FDA804521
:102A8000F8DB1AF808100029F4D108E008F1010178
:102A900088468142FADB1AF808100029F6D1059819
:102AA0005B46A0EB080721463846179A00F094FAD7
:102AB000284400EB080507E04DE029E10DE01AF895
:102AC000010B5A4617999047B8F10108F7D25B46B7
:102AD00021463846179A13E142E00A220092C4F3D5
:102AE00002524FF0000A022A08D059F804CB032AF8
:102AF0004FEAEC710AD00DE029E02AE009F1070164
:102B000021F00702F2E802C1914609E00FFA8CFCBD
:102B10004FEAEC71042A03D14FFA8CFC4FEAEC71B6
:102B2000002907DA0A460021DCF1000C61EB020102
:102B30002D2202E0220504D52B228DF8042001224B
:102B400003E0E20701D02022F7E7904659E00A218E
:102B500002E010220DE010214FF0000A00910BE07E
:102B600010224FF0000A44F004040827009203E00A
:102B700008224FF0000A0092C4F30252022A05D044
:102B800059F804CB0021032A08D009E009F1070114
:102B900021F00702F2E802C1914605E01FFA8CFC21
:102BA000042A01D10CF0FF0C4FF00008220728D5B1
:102BB000702806D0009B83F0100353EA0A0305D067
:102BC0000EE040228DF80420012208E05CEA0102B8
:102BD00006D030228DF804208DF8050002229046A0
:102BE000009B83F0080353EA0A030AD15CEA01025E
:102BF00001D1620705D530228DF804204FF001087D
:102C00007F1E582804D034A003900EA802900DE037
:102C100036A0F9E753466046009AFDF70DFC84465E
:102C20000398825C0298401E029002705CEA0100E8
:102C3000F0D1029806A9081A00F1200A600702D50F
:102C400024F4803400E00127574502DDA7EB0A0099
:102C500000E0002000EB0A01009005984144401A72
:102C60000590E00306D45B462146179A059800F0CC
:102C7000B3F90544002706E001A85A46C05D17993C
:102C800090476D1C7F1C4745F6DBE0030CD55B4687
:102C90002146179A059800F09FF9054404E030207A
:102CA0005A46179990476D1C0099481E00900029BC
:102CB000F5DC08E0029802995A460078491C029116
:102CC000179990476D1CBAF10001AAF1010AF1DCD5
:102CD00065E10000092801003031323334353637E0
:102CE0003839616263646566000000003031323358
:102CF00034353637383941424344454600000000F8
:102D000000F058F90544761C307800287FF4ECADCB
:102D100019B02846BDE8F08F620700D4062709F1F4
:102D2000070222F0070CFCE80223E14603F000480A
:102D30005FEA080C02D00FF2702C0DE05FEA045C31
:102D400002D50FF2682C07E05FEAC47C02D00FF2D4
:102D5000602C01E0AFF2700C4FF0FF3823F000431D
:102D6000CDF850C065280CD006DC452809D046288F
:102D70001DD047283DD13DE0662818D067287ED178
:102D800038E00021112F01DB112000E0781CCDE993
:102D9000000106A90EA8FFF7DDFCDDE90F010E9A80
:102DA00003910021009207F1010A04914DE04FF0D8
:102DB00000400097CDE9011006A90EA8FFF7CAFC54
:102DC000DDE90F0203920E9B11990022DDF80CA0A1
:102DD0000093049211B9791C00EB010AB7EB0A00C9
:102DE00004D4C0F1FF3007F1010A0490AAEB0700F8
:102DF000019044E0012F00DA01270021112F01DDAD
:102E0000112000E03846CDE9000106A90EA8FFF721
:102E1000A1FCDDE90F010E9A0391002104910092BB
:102E2000BA4621070CD40399514500DA8A46BAF113
:102E3000010F05DD009AAAF10101515C302908D08B
:102E4000B84202DA10F1040F06DA0121CDE90110CF
:102E500015E0AAF10101E9E7002805DC0499014425
:102E60000491AAEB000102E0411C514500DD8A46B5
:102E70000499401A401C01904FF000400290200736
:102E800004D40198504501DBCDF8048000208DF872
:102E90004F0002980DF14F07B0F1004F25D02B20C5
:102EA0000E9002984FF0020800280CDA404202907F
:102EB0002D200E9007E00A210298FDF7A7FA303185
:102EC000029007F8011DB8F10001A8F10108F2DC39
:102ED00002980028EFD1791E0E980870307800F023
:102EE000200040F0450007F8020D12A8C01B00F1B9
:102EF00007081498007800B1012000EB0A0101983E
:102F000001EBE07105984144401A401E0590E00332
:102F100006D45B462146179A059800F05DF80544F3
:102F20001498007818B15A46179990476D1CE00321
:102F300024D55B462146179A059800F04DF80544C4
:102F40001CE00498002807DBDDE90301884203DD6B
:102F50000098405C179901E0179930205A46904735
:102F6000049805F10105401C04900198401E019051
:102F700004D12E205A46179990476D1CBAF10001D2
:102F8000AAF1010ADDDC05E017F8010B5A46179992
:102F900090476D1CB8F10001A8F10108F4DC5B4614
:102FA0002146179A0598ABE62D0000002B00000083
:102FB000200000002DE9F041044600251E4617467A
:102FC000880404D405E039462020B0476D1C641EF7
:102FD000F9D52846BDE8F0812DE9F04104460025E9
:102FE0001E469046C80301D5302700E020278804FC
:102FF00004D505E041463846B0476D1C641EF9D53E
:103000002846BDE8F0810A68531C0B6010707047B9
:10301000FDF784FBFFF796F8FDF708FCFFF754FB7C
:10302000FFF742F9FEF74AFAFEF790FDFEF72AFF96
:10303000FEF7B8FAFEF7A0FCFEF740FDFEF70EFC27
:10304000F0E74000FE079200FE079204FE07020030
:103050008A04BA028A01AA041907C2B92000000032
:103060000000000000000000000000000000000060
:103070000000200020002000200024012402220261
:1030800022042104200020003800D0A120000000EC
:103090000000000000000000000000000000000030
:1030A00000002000A70722012A012A012F01AA07F8
:1030B0002601220116011301C807B0E0200000001C
:1030C0000000000000000000000000000000000000
:1030D000000008012701440104013F0144010E01E1
:1030E0001607E501040104010401BFC62000000029
:1030F00000000000000000000000000000000000D0
:10310000000084008400F4078F008400F4032C0284
:1031100027024401840044013606BCBC20000000A4
:10312000000000000000000000000000000000009F
:10313000000000000000000000000000000000008F
:10314000000000000000000000000000000000007F
:10315000000000000000000000000000000000006F
:10316000000000000000000000000000000000005F
:10317000000000000000000000000000000000004F
:10318000000000000000000000000000000000003F
:10319000000000000000000000000000000000002F
:1031A000000000000000000000000000000000001F
:1031B000000000000000000000000000000000000F
:1031C00000000000000000000000000000000000FF
:1031D00000000000000000000000000000000000EF
:1031E00000000000000000000000000000000000DF
:1031F00000000000000000000000000000000000CF
:1032000000000000000000000000000000000000BE
:1032100000000000000000000000000000000000AE
:10322000000080000001FC7F44044404FC3F44246F
:103230004424FC3F14021422F41A12061222D12252
:10324000303CC2B920000000000000000000000077
:10325000000000000000000000000000000000006E
:1032600000008000800080008000800088088810B6
:103270008820842084408240814080008000A0001B
:103280004000D0A12000000000000000000000006D
:10329000000000000000000000000000000000002E
:1032A0000000000100011F7D44114411441144112C
:1032B0005F7D4411241104119C108710427C200072
:1032C0001000B0E02000000000000000000000003E
:1032D00000000000000000000000000000000000EE
:1032E00000001008B8080F0908090808BF080809F5
:1032F0001C092C080A78CA0F0908080808080808D9
:103300000808BFC620000000000000000000000008
:1033100000000000000000000000000000000000AD
:103320000000080408040804C87F3F0408040804D7
:10333000A83F18210C110B12080A0804080A8A1168
:103340006460BCBC20000000000000000000000021
:10335000000000000000000000000000000000006D
:10336000000000000000000000000000000000005D
:10337000000000000000000000000000000000004D
:10338000000000000000000000000000000000003D
:10339000000000000000000000000000000000002D
:1033A000000000000000000000000000000000001D
:1033B000000000000000000000000000000000000D
:1033C00000000000000000000000000000000000FD
:1033D00000000000000000000000000000000000ED
:1033E00000000000000000000000000000000000DD
:1033F00000000000000000000000000000000000CD
:1034000000000000000000000000000000000000BC
:1034100000000000000000000000000000000000AC
:10342000000000000000000000000000000000009C
:10343000000000000000000000000000000000008C
:10344000000000000000000000000000000000007C
:10345000000000000000000000000000000000006C
:10346000000000000000000000000000000000005C
:10347000000000000000000000000000000000004C
:10348000000000000000000000000000000000003C
:10349000000000000000000000000000000000002C
:1034A0000000000000000400000C00F8EE0308110A
:1034B00000081100F8FF01081101081101F8F701D7
:1034C000080801C81001489001C87300481002485C
:1034D0001402441302C4F003020000000000C2B949
:1034E00020000000000000000000000000000000BC
:1034F00000000000000000000000000000000000CC
:1035000000000000000000000000000000000000BB
:1035100000000000000000000000000000000400A7
:1035200000040000040000040000040040040060E7
:10353000240020C4002084011004030804030804AC
:1035400002040402000400000400000400800700DC
:10355000000200000000D0A12000000000000000D8
:10356000000000000000000000000000000000005B
:10357000000000000000000000000000000000004B
:10358000000000000000000000000000000000003B
:103590000000000000000400EC040010BC03104414
:1035A00000104400104400104500FC450010E503E5
:1035B000904400104400104400D042003042000EFD
:1035C000410082F807400000300000000000B0E039
:1035D00020000000000000000000000000000000CB
:1035E00000000000000000000000000000000000DB
:1035F00000000000000000000000000000000000CB
:10360000000000000000000000000000000080003A
:10361000C081003C8000208800209000209000FCA9
:103620008100208000608800B0900030810728F978
:10363000002487002280002080002080002080005D
:10364000208000000000BFC6200000000000000035
:10365000000000000000000000000000000000006A
:10366000000000000000000000000000000000005A
:10367000000000000000000000000000000000004A
:10368000000000000010100030200020200020204A
:1036900000FCFF03202000202000202000E0F80193
:1036A0003804012684002088002048002070002073
:1036B00030002048003C8603900102000000BCBCA2
:1036C00020000000000000000000000000000000DA
:1036D00000000000000000000000000000000000EA
:1036E00000000000000000000000000000000000DA
:1036F00000000000000000000000000000000000CA
:10370000000000000000000000FCFF0300000000BB
:103710000000000000000000F8FF010000000000B1
:1037200000000000000000000000FEFF0700000095
:10373000000000000000C8FD2000000000000000A4
:103740000000000000000000000000000000000079
:103750000000000000000000000000000000000069
:103760000000000000000000000000000000000059
:103770000000000000000000000000000000000049
:1037800000102000FEFF01102000F03F001020007C
:10379000F03F00102000FFFF03102100FCFF00039A
:1037A0000103FEFF01000000000000000000BBF963
:1037B00020000000000000000000000000000000E9
:1037C00000000000000000000000000000000000F9
:1037D00000000000000000000000000000000000E9
:1037E00000000000000000000000000000000000D9
:1037F000000000000000000000400000F01F001862
:103800001800040C00FFFF00048200048200FCFF8B
:1038100000048000040000040002F8FF0100000022
:10382000000000000000C9AB200000000000000004
:103830000000000000000000000000000000000088
:103840000000000000000000000000000000000078
:103850000000000000000000000000000000000068
:103860000000000000000000000000000000000058
:103870000000000000000000000000000000000048
:103880000000000000000000000000000000000038
:103890000000000000000000000000000000000028
:1038A0000000000000000000000000000000000018
:1038B0000000000000000000000000000000000008
:1038C00000000000000000000000000000000000F8
:1038D00000000000000000000000000000000000E8
:1038E00000000000000000000000000000000000D8
:1038F00000000000000000000000000000000000C8
:1039000000000000000000000000000000000000B7
:1039100000000000000000000000000000000000A7
:103920000000000000000000000000000000000097
:103930000000000000000000000000000000000087
:103940000000000000000000000000000000000077
:103950000000000000001000003010F0FF3F104297
:1039600000104200104200F0FF1F104208104208F1
:10397000104208F0FF0F10200890C00090410890FE
:10398000410E904F0398C100884110884910844728
:103990003084C13F020000000000C2B920000000D6
:1039A0000000000000000000000000000000000017
:1039B0000000000000000000000000000000000007
:1039C00000000000000000000000000000000000F7
:1039D00000000000000000000000000000000000E7
:1039E0000000000000000000001800001800001097
:1039F00000001000001000001000809000801101F5
:103A0000C0100240100460101C3010181010300854
:103A100010300410200010000010000010000019E9
:103A200000001E00000C00000000D0A120000000DB
:103A30000000000000000000000000000000000086
:103A40000000000000000000000000000000000076
:103A50000000000000000000000000000000000066
:103A60000000000000000000000000000000000056
:103A70000000000000001000003000FED13F2010C8
:103A800002201002201002201002201402FC150255
:103A900020140220D63F201202201202201002A081
:103AA00009026008021C080206040200020200F17A
:103AB0003FC00000200000000000B0E02000000037
:103AC00000000000000000000000000000000000F6
:103AD00000000000000000000000000000000000E6
:103AE00000000000000000000000000000000000D6
:103AF00000000000000000000000000000000000C6
:103B0000000000000000000400070CF80004C000E2
:103B100004C06004C0C004C00004FE0704C0000468
:103B2000C02004E06004E04304F04624D04474C89C
:103B3000800FC87804C40404C20004C00004C0009C
:103B400004C00004C00004400004BFC62000000000
:103B50000000000000000000000000000000000065
:103B60000000000000000000000000000000000055
:103B70000000000000000000000000000000000045
:103B80000000000000000000000000000000000035
:103B900000000000002080006080016080006080E4
:103BA00000608000FEFF3F60800060800060800059
:103BB000608200E0FD1F7010086E100C642004602D
:103BC0002006604002604003608001604003643072
:103BD0000E780C7C200310000000BCBC200000000C
:103BE00000000000000000000000000000000000D5
:103BF00000000000000000000000000000000000C5
:103C000000000000000000000000000000000000B4
:103C100000000000000000000000000000000000A4
:103C20000000000000000000000000000000000094
:103C3000C0F8FFC018C0CC18C0CCF8FFCC18C0CC5E
:103C4000180CCC180CCCD8FFCCD8CCCCD8CCCCD839
:103C5000CCCCCCCCC0CCCCC004FCC0060C7E0000CC
:103C600000000000000000000000CBA220000000C7
:103C70000000000000000000000000000000000044
:103C80000000000000000000000000000000000034
:103C90000000000000000000000000000000000024
:103CA0000000000000000000000000000000000014
:103CB0000000000000000000000000000000000004
:103CC00000F8FF7F180060180060F8FF7F18066694
:103CD000180C06180803D8FF7F180C06180C06F8F5
:103CE000FFFF0C0C060C0C06040606060306030177
:103CF00006000000000000000000C6C12000000017
:103D000000000000000000000000000000000000B3
:103D100000000000000000000000000000000000A3
:103D20000000000000000000000000000000000093
:103D30000000000000000000000000000000000083
:103D40000000000000000000000000000000020071
:103D5000C084FFCC9CC1CC88C1CC80D9CC83D9CCC9
:103D60008ED9CC98D9CC80D9CC80D9CC88D9CC98D4
:103D7000CDCC0C0CCC0C36C00C63C0C6C1C074805A
:103D80007D000000000000000000B2E22000000002
:103D90000000000000000000000000000000000023
:103DA0000000000000000000000000000000000013
:103DB0000000000000000000000000000000000003
:103DC00000000000000000000000000000000000F3
:103DD00000000000000000000000000000000200E1
:103DE0001B0C007318004338000380FFFF00000322
:103DF0001F000318000398FF0318180218180698EC
:103E00001806D8188678188C38F88D9C0F980800FA
:103E1000F0000000000000000000CAD420000000F4
:103E20000000000000000000000000000000000092
:103E30000000000000000000000000000000000082
:103E40000000000000000000000000000000000072
:103E50000000000000000000000000000000000062
:103E600000000000000000000000000000000083CF
:103E700001FEFFFF008301F0FF3F300030F0FF3F05
:103E8000300030F0FF3F300C30000600FEFFFFC076
:103E9000300CF8FF7F67309860301860301F0030BA
:103EA00000000000000000000000C4BB2000000073
:103EB0000000000000000000000000000000000002
:103EC00000000000000000000000000000000000F2
:103ED00000000000000000000000000000000000E2
:103EE00000000000000000000000000000000000D2
:103EF000000000000000000000000000000000635F
:103F00000080C100C0800160000330000618001C62
:103F10000E00700200C0F8FF0F00030E00030E80B9
:103F20000106800106C0000660000738FC030E0091
:103F300000000000000000000000B7D620000000D4
:103F40000000000000000000000000000000000071
:103F50000000000000000000000000000000000061
:103F60000000000000000000000000000000000051
:103F70000000000000000000000000000000000041
:103F8000000000000000000000000018600C30601D
:103F900018306010FEE1FF00600082EDC1C46C6368
:103FA0006C6C36FE65FF306618306618306018FE9F
:103FB000B1FF3030183818181C1C180E0E180202E9
:103FC00018000000000000000000B1E62000000022
:103FD00000000000000000000000000000000000E1
:103FE00000000000000000000000000000000000D1
:103FF00000000000000000000000000000000000C1
:1040000000000000000000000000000000000000B0
:104010000000000000000000000000000000003868
:1040200000007000FFFFFF003800064E608C633810
:10403000D03F08001C00202604F8C31CCFFFF1026B
:104040003041003000FFFFFF003000003000003042
:1040500000000000000000000000C2CA20000000B4
:104060000000000000000000000000000000000050
:104070000000000000000000000000000000000040
:104080000000000000000000000000000000000030
:104090000000000000000000000000000000000020
:1040A00000000000000000000000003080003080B0
:1040B0000130000330FEFFFE06C03086C4304018D9
:1040C000303030301860F00FC03EF87F30000330E1
:1040D000000330000330000330000330FFFF1E00F8
:1040E00000000000000000000000BFD82000000019
:1040F00000000000000000000000000000000000C0
:1041000000000000000000000000000000000000AF
:10411000000000000000000000000000000000009F
:10412000000000000000000000000000000000008F
:1041300000000000000000000000000000008001FE
:10414000609801608C0163FC3F63860163820163B8
:10415000FFFF63800163800163FC7F638C61638C7C
:1041600061638C61608C61608C3D6080013F000008
:1041700000000000000000000000D6C62000000083
:10418000000000000000000000000000000000002F
:10419000000000000000000000000000000000001F
:1041A000000000000000000000000000000000000F
:1041B00000000000000000000000000000000000FF
:1041C00000000000000000000000000000000000EF
:1041D00000FCC77F0CC6600CC660FCC77F0CC660C5
:1041E000003006FEFFFF006E0000C701F0010F1F48
:1041F00000F8FCC77F0CC6600CC660FCC77F0CC60D
:1042000060000000000000000000C6F72000000071
:10421000000000000000000000000000000000009E
:10422000000000000000000000000000000000008E
:10423000000000000000000000000000000000007E
:10424000000000000000000000000000000000006E
:10425000000000000000000000000000080000183E
:1042600000003000FEFFFF0600C00600C0E0FF0FA8
:1042700000000700800100E000003000FFFFFF00A9
:104280003000003000003000003000801F000000CF
:1042900000000000000000000000D7D62000000051
:1042A000000000000000000000000000000000000E
:1042B00000000000000000000000000000000000FE
:1042C00000000000000000000000000000000000EE
:1042D00000000000000000000000000000000000DE
:1042E000000000000000000000000020800130C03D
:1042F00000F8DFFFC8600684710C02390801100065
:1043000060000C70000CB8FFFF3C000C36040C324F
:104310000C0C30180C30100C30000C30000C30E05D
:1043200007000000000000000000B7FB20000000B4
:10433000000000000000000000000000000000007D
:10434000000000000000000000000000000000006D
:10435000000000000000000000000000000000005D
:10436000000000000000000000000000000000004D
:104370000000000000000000000000000000C0304D
:104380000060E000F0FFFF386000F6FFFF336000E0
:10439000F0FFFF306000F0FFFF3000000030000051
:1043A0003000FEFFFF00FE018031077030380F3013
:1043B000C0000000000000000000BCAF20000000B2
:1043C00000000000000000000000000000000000ED
:1043D00000000000000000000000000000000000DD
:1043E00000000000000000000000000000000000CD
:1043F00000000000000000000000000000000000BD
:104400000000000000000000000000000000001894
:1044100000001800001800001800FCFF7F0C186056
:104420000C18600C18600C18600C1860FCFF7F0CF6
:10443000186000180000180000180000180000188C
:1044400000000000000000000000D6D020000000A6
:10445000000000000000000000000000000000005C
:10446000000000000000000000000000000000004C
:10447000000000000000000000000000000000003C
:10448000000000000000000000000000000000002C
:104490000000000000000000000000001C000038C8
:1044A00000006000FFFFFF60000C60000CC0000611
:1044B000C0000680010300830100C700006C0000FB
:1044C000380000EE00C0830778003C0600E00000E2
:1044D00000000000000000000000CEC4200000002A
:1044E00000000000000000000000000000000000CC
:1044F00000000000000000000000000000000000BC
:1045000000000000000000000000000000000000AB
:10451000000000000000000000000000000000009B
:10452000000000000000000000000000000000008B
:1045300000F8FF3F180030180030F8FF3F18003037
:10454000180030F8FF3F18003004C62008C63018A5
:10455000C63830C61820C60800C600FEFFFF00009F
:1045600000000000000000000000CFD42000000088
:10457000000000000000000000000000000000003B
:10458000000000000000000000000000000000002B
:10459000000000000000000000000000000000001B
:1045A000000000000000000000000000000000000B
:1045B00000000000000000000000000000000000FB
:1045C00000FCFF7F00000000000000000000000071
:1045D000FFFFFF00300020300430300C3830181856
:1045E00030300C30600630C0023080003000801F58
:1045F00000000000000000000000CABE2000000013
:1046000000000000000000000000000000000000AA
:10461000000000000000000000000000000000009A
:10462000000000000000000000000000000000008A
:10463000000000000000000000000000000000007A
:10464000000000000000000000000000000000006A
:1046500000FEFFFF0030000030000030003030006E
:1046600030300030300030F07F30300030300030FB
:104670003000303000303000303000FFFFFF0000ED
:1046800000000000000000000000D5FD2000000038
:10469000000000000000000000000000000000001A
:1046A000000000000000000000000000000000000A
:1046B00000000000000000000000000000000000FA
:1046C00000000000000000000000000000000000EA
:1046D00000000000000000000000000000000003D7
:1046E00000800100C0FF076000033880010C6000FB
:1046F000F4FF3F3000303030303030303030303048
:10470000303030303030F83000980300070EE001D0
:10471000781E00C0000000000000B8BA20000000B1
:104720000000000000000000000000000000000089
:104730000000000000000000000000000000000079
:104740000000000000000000000000000000000069
:104750000000000000000000000000000000000059
:104760000000000000000000000000000000003019
:104770000000300000300000300060300630300CA7
:1047800030301C1830381830300C30600E30E006F5
:1047900030C0023080003000003000C01F00000038
:1047A00000000000000000000000D0A12000000078
:1047B00000000000000000000000000000000000F9
:1047C00000000000000000000000000000000000E9
:1047D00000000000000000000000000000000000D9
:1047E00000000000000000000000000000000000C9
:1047F0000000000000000000000000000000C000F9
:1048000003C60C01C48601C080FFFECF60E0C0601B
:10481000F8E360CCFE31C39831308031FF0F1B0CC0
:104820000C1B06060E3C070EE0031BE0C3313C7672
:10483000E0071880000000000000CAFD2000000012
:104840000000000000000000000000000000000068
:104850000000000000000000000000000000000058
:104860000000000000000000000000000000000048
:104870000000000000000000000000000000000038
:1048800000000000000000000000000000003000F8
:104890000330000330FEFF300003300003FFFD7FD4
:1048A000300C6030FC7F300C6030FC7F300C60B02E
:1048B000FD7F780C6007FFFF00601C001CF0800388
:1048C00000000000000000000000CCEE200000000E
:1048D00000000000000000000000000000000000D8
:1048E00000000000000000000000000000000000C8
:1048F00000000000000000000000000000000000B8
:1049000000000000000000000000000000000000A7
:10491000000000000000000000000000000000088F
:1049200000001800003800FFFFFF000E0080830128
:10493000C0000770000CFCFF3F00C32000C30080D4
:10494000C10080C1C0E0C0C038C0C007807F000087
:1049500000000000000000000000B3E420000000A0
:104960000000000000000000000000000000000047
:104970000000000000000000000000000000000037
:104980000000000000000000000000000000000027
:104990000000000000000000000000000000000017
:1049A00000000000000000000000000000000038CF
:1049B00000007000FEFFFF0600C00686C3C0011E97
:1049C0003800700600C0000000F8FF3F001800002B
:1049D0001800001800001800001800FEFFFF00007B
:1049E00000000000000000000000BFD52000000013
:1049F00000000000000000000000000000000000B7
:104A000000000000000000000000000000000000A6
:104A10000000000000000000000000000000000096
:104A20000000000000000000000000000000000086
:104A300000000000000000000000000000003060E6
:104A40000030300030F07F307870FF5B3830CC0CB5
:104A5000F88007B8C10F3C7A78360EC033F87F3142
:104A6000186030186030186030186030F87F3018E7
:104A700060000000000000000000B8F1200000000D
:104A80000000000000000000000000000000000026
:104A90000000000000000000000000000000000016
:104AA0000000000000000000000000000000000006
:104AB00000000000000000000000000000000000F6
:104AC00000000000000000000000000000000000E6
:104AD00000000000000000000000000000000000D6
:104AE00000000000000000000000000000000000C6
:104AF00000000000000000000000000000000000B6
:104B000000000000000000000000000000000000A5
:104B10000000000000000000000000000000000095
:104B20000000000000000000000000000000000085
:104B30000000000000000000000000000000000075
:104B40000000000000000000000000000000000065
:104B50000000000000000000000000000000000055
:104B60000000000000000000000000000000000045
:104B70000000000000000000000000000000000035
:104B80000000000000000000000000000000000025
:104B90000000000000000000000000000000000015
:104BA000000000800000000003000000030020005F
:104BB000020CE0FFFF1F60300C0060300C00603022
:104BC0000C04E0FFFF0F60300C0460300C04603018
:104BD0000C0460300C04E0FFFF076000000460007C
:104BE000040060041C00600C0C0460040C0F60C422
:104BF0008C0320FCED0020041C0030040C00100489
:104C00000D0810C40C0808340C18081E1838040CC1
:104C1000F81F0200000000000000C2B920000000E0
:104C20000000000000000000000000000000000084
:104C30000000000000000000000000000000000074
:104C40000000000000000000000000000000000064
:104C50000000000000000000000000000000000054
:104C60000000000000000000000000000000000044
:104C70000000000000000000000000000000000034
:104C80000000000000000000000000000000000024
:104C90000000000000000000000000000000000014
:104CA00000000080000000800700008001000080FC
:104CB00001000080010000800100008001000080F0
:104CC000010000820100008E210000864100008763
:104CD0008100008381018081010380810106C08001
:104CE000010E4080011C6080011C30800118108082
:104CF000011808800110048001000080010000807C
:104D0000010000800100008C010000F0010000E0C3
:104D100000000040000000000000D0A120000000C2
:104D20000000000000000000000000000000000083
:104D30000000000000000000000000000000000073
:104D40000000000000000000000000000000000063
:104D50000000000000000000000000000000000053
:104D60000000000000000000000000000000000043
:104D70000000000000000000000000000000000033
:104D80000000000000000000000000000000000023
:104D90000000000000000000000000000000000013
:104DA00000000000010000000700000C0318FC1FB9
:104DB000FF3FC0008301C0008301C0008301C00029
:104DC0008301C0008301C0008301C0248301FC2F44
:104DD0008301C0208309C020FF1FC0308301C01899
:104DE0008101C0008101C0008101C0908101C08C9F
:104DF0008101C0838001F0C080013E4080010C2011
:104E00008001003080110008FE3F00060000000114
:104E10000000C000000000000000B0E02000000022
:104E20000000000000000000000000000000000082
:104E30000000000000000000000000000000000072
:104E40000000000000000000000000000000000062
:104E50000000000000000000000000000000000052
:104E60000000000000000000000000000000000042
:104E70000000000000000000000000000000000032
:104E80000000000000000000000000000000000022
:104E90000000000000000000000000000000000012
:104EA00000000000000100300007003C0003E007A4
:104EB00000031C0300030003060300030C030003AC
:104EC00018030003180300230003FC7F0003000302
:104ED00000030003020380030603800F0C03C03BA2
:104EE0000803403300336023003F2023F003108386
:104EF0000F0308630003040300030203000300031D
:104F00000003000300030003000300030003000389
:104F100000030001000100000000BFC620000000E7
:104F20000000000000000000000000000000000081
:104F30000000000000000000000000000000000071
:104F40000000000000000000000000000000000061
:104F50000000000000000000000000000000000051
:104F60000000000000000000000000000000000041
:104F70000000000000000000000000000000000031
:104F80000000000000000000000000000000000021
:104F90000000000000000000000000000000000011
:104FA000000080001000800370008001300080014C
:104FB0003000800130008001300080193018FCFF83
:104FC000FF3F80013000800130008001300080010F
:104FD00030008031300480CDFF0F80030106F001E6
:104FE0000106BC0102038C010203800186018001DD
:104FF00084018001CC008001680080017000800184
:1050000078008001EC008001C703F881011FE07186
:10501000003E400C000000000000BCBC200000006E
:105020000000000000000000000000000000000080
:105030000000000000000000000000000000000070
:105040000000000000000000000000000000000060
:105050000000000000000000000000000000000050
:105060000000000000000000000000000000000040
:105070000000000000000000000000000000000030
:105080000000000000000000000000000000000020
:105090000000000000000000000000000000000010
:1050A0000000000000000000000000000000000000
:1050B00000000000000000000000000000000000F0
:1050C00000000000000000000000000000000000E0
:1050D00000000000000000000000000000000000D0
:1050E00000000000000000000000000000000000C0
:1050F00000000000000000000000000000000000B0
:10510000000000000000000000000000000000009F
:10511000000000000000000000000000000000008F
:10512000000000000000000000000000000000007F
:10513000000000000000000000000000000000006F
:10514000000000000000000000000000000000005F
:10515000000000000000000000000000000000004F
:10516000000000000000000000000000000000003F
:10517000000000000000000000000000000000002F
:10518000000000000000000000000000000000001F
:10519000000000000000000000000000000000000F
:1051A00000000000000000000000000000000000FF
:1051B00000000000000000000000000000000000EF
:1051C00000000000000000000000000000000000DF
:1051D00000000000000000000000000000000000CF
:1051E00000000000000000000000000000000000BF
:1051F00000000000000000000000000000000000AF
:10520000000000000000000000000000000000009E
:10521000000000000000000000000000000000008E
:10522000000000000000000000000000000000007E
:10523000000000000000000000000000000000006E
:10524000000000000000000000000000000000005E
:10525000000000000000000000000000000000004E
:10526000000000000000000000000000000000003E
:10527000000000000000000000000000000000002E
:10528000000000000000000000000000000000001E
:10529000000000000000000000000000000000000E
:1052A00000000000000000000000000000000000FE
:1052B00000000000000000000000000000000000EE
:1052C00000000000000000000000000000000000DE
:1052D00000000000000000000000000000000000CE
:1052E00000000000000000000000000000000000BE
:1052F00000000000000000000000000000000000AE
:10530000000000000000000000000000000000009D
:10531000000000000000000000000000000000008D
:10532000000000000000000000000000000000007D
:10533000000000000000000000000000000000006D
:10534000000000000000000000000000000000005D
:10535000000000000000000000000000000000004D
:10536000000000000000000000000000000000003D
:10537000000000000000000000000000000000002D
:10538000000000000000000000000000000000001D
:10539000000000000000000000000000000000000D
:1053A00000000000000000000000000000000000FD
:1053B00000000000000000000000000000000000ED
:1053C00000000000000000000000000000000000DD
:1053D00000000000000000000000000000000000CD
:1053E00000000000000000000000000000000000BD
:1053F00000000000000000000000000000000000AD
:10540000000000000000000000000000000000009C
:10541000000000000000000000000000000000008C
:10542000000000000000000000000000000000007C
:10543000000000000000000000000000000000006C
:10544000000000000000000000000000000000005C
:10545000000000000000000000000000000000004C
:10546000000000000000000000000000000000003C
:10547000000000000000000000000000000000002C
:10548000000000000000000000000000000000001C
:10549000000000000000000000000000000000000C
:1054A00000000000000000000000000000000000FC
:1054B00000000000000000000000000000000000EC
:1054C00000000000000000000000000000000000DC
:1054D00000000000000000000000000000000000CC
:1054E00000000000000000000000000000000000BC
:1054F00000000000000000000000000000000000AC
:10550000000000000000000000000000000000009B
:10551000000000000000000000000000000000008B
:10552000000000000000000000000000000000007B
:10553000000000000000000000000000000000006B
:10554000000000000000000000000000000000005B
:10555000000000000000000000000000000000004B
:10556000000000000000000000000000000000003B
:10557000000000000000000000000000000000002B
:10558000000000000000000000000000000000001B
:10559000000000000000000000000000000000000B
:1055A00000000000000000000000000000000000FB
:1055B00000000000000000000000000000000000EB
:1055C00000000000000000000000000000000000DB
:1055D00000000000000000000000000000000000CB
:1055E000000000000000C003C003C003C003C003EC
:1055F000C00380038001800180018001800180015F
:10560000800180010000000000008001C003C00391
:105610008001000000000000000000000000C01831
:10562000E01CE01C700E300618038C0184000000A2
:10563000000000000000000000000000000000006A
:10564000000000000000000000000000000000005A
:10565000000000000000000000000000000000004A
:10566000000000000000201020102010201020104A
:10567000FE7FFE7FFE7F100810081008100810083B
:105680001008FE7FFE7FFE7F180C08040804080443
:1056900008040000000000000000000000000000FE
:1056A000000080008000C003B00C90189818981C6F
:1056B000981CB800B000F000E000C0038007800F25
:1056C000800C801C80189C189C188C188C0C9806D8
:1056D000E003800080008000000000000000000067
:1056E0000000000000001C08360822046304630266
:1056F00063026302630163012201B61C9C364022EF
:1057000040634063206320631063106310220836F7
:10571000081C000000000000000000000000000065
:10572000000000000000F00098008C018C018C014A
:105730008C018C00CC005C0038001C3E3C08320818
:1057400073086304E304C3048303834306678C3E46
:10575000781C0000000000000000000000001C0099
:105760003C003C003000300010000C00060000003F
:105770000000000000000000000000000000000029
:105780000000000000000000000000000000000019
:1057900000000000000000000000000000000040C9
:1057A000002000100018000C000400060002000396
:1057B000000380018001800180018001800180015F
:1057C0008001800100030003000200060004000CB9
:1057D000001800100020004000000000000002003F
:1057E0000400080018003000200060004000C000E5
:1057F000C000800180018001800180018001800162
:1058000080018001C000C000C000600020003000A6
:105810001800080004000200000000000000000062
:10582000000000000000000000000003800380036F
:105830000C631C713839600D80038003600D3839AA
:105840001C718C6180038003800300000000000055
:105850000000000000000000000000000000000048
:105860000000000000000000000000000001000136
:1058700000010001000100010001FC7F00010001A6
:105880000001000100010001000100000000000013
:105890000000000000000000000000000000000008
:1058A00000000000000000000000000000000000F8
:1058B00000000000000000000000000000000000E8
:1058C000000000000000000000001C003C003C0044
:1058D0003000300010000C00060000000000000046
:1058E00000000000000000000000000000000000B8
:1058F00000000000000000000000FE7F000000002B
:105900000000000000000000000000000000000097
:105910000000000000000000000000000000000087
:105920000000000000000000000000000000000077
:105930000000000000000000000000000000000067
:105940000000000000000000000018003C003C00C7
:10595000180000000000000000000000000000002F
:105960000040006000200030001000180008000C0B
:105970000004000600020003000180018000C00056
:1059800040006000200030001000180008000C00EB
:1059900004000600020000000000000000000000FB
:1059A000000000000000C0036004300C1818181834
:1059B00018100C300C300C300C300C300C300C301B
:1059C0000C300C300C30181018181818300C6004FB
:1059D000C003000000000000000000000000000004
:1059E00000000000000000018001F801800180013A
:1059F000800180018001800180018001800180019F
:105A00008001800180018001800180018001C0034C
:105A1000F81F00000000000000000000000000006F
:105A2000000000000000E007101C081804300430DB
:105A30000C300C30003000180018000C0006000379
:105A40008001C00040002020102008200430FC1FEE
:105A5000FC1F00000000000000000000000000002B
:105A6000000000000000E00318060C0C0C180C18D5
:105A70000C1800180018000C0006C003000E0018D7
:105A80000010003000300C300C300C100C18180CCA
:105A9000E003000000000000000000000000000023
:105AA0000000000000000006000600070007800656
:105AB00080064006200620061006100608060C0682
:105AC00004060206FE3F0006000600060006000669
:105AD000C03F0000000000000000000000000000C7
:105AE000000000000000F03FF03F08000800080040
:105AF000080008000800C807280C18180810003013
:105B00000030003000300C300C3004180418180C31
:105B1000E0030000000000000000000000000000A2
:105B200000000000000080076018301810181800EE
:105B3000080008000C00CC076C0C1C181C100C3062
:105B40000C300C300C300C30183018103018700C31
:105B5000C00700000000000000000000000000007E
:105B6000000000000000F83FF83F08100C0804088F
:105B70000404000400020002000200010001800091
:105B8000800080008000C000C000C000C000C000D5
:105B9000C000000000000000000000000000000045
:105BA000000000000000E007300C18180C300C302A
:105BB0000C301C301C107818F004E003180F0C1E79
:105BC0000C1C063806300630063006300C18180C4F
:105BD000E0030000000000000000000000000000E2
:105BE000000000000000E00318040C080C18061068
:105BF000063006300630063006300E380C341836C3
:105C0000F03100300018001800080C0C0C060C03D2
:105C1000F001000000000000000000000000000093
:105C20000000000000000000000000000000000074
:105C3000000000008001C003C003800100000000DC
:105C4000000000000000000000008001C003C0034D
:105C500080010000000000000000000000000000C3
:105C60000000000000000000000000000000000034
:105C7000000000000000C001C001C00100000000E1
:105C8000000000000000000000000000C001C00192
:105C9000C0018001C000C000000000000000000042
:105CA00000000000000000200010000800040002B6
:105CB00000018000400020001000080008001000D3
:105CC00020004000800000010002000400080010D5
:105CD00000200000000000000000000000000000A4
:105CE00000000000000000000000000000000000B4
:105CF00000000000FE7F0000000000000000000027
:105D0000FE7F000000000000000000000000000016
:105D10000000000000000000000000000000000083
:105D200000000000000004000800100020004000F7
:105D300080000001000200040008001000100008AC
:105D40000004000200018000400020001000080054
:105D5000040000000000000000000000000000003F
:105D6000000000000000C0073018183008600C6008
:105D70001C601C601C6000300018000E0003000155
:105D8000000100010001000000008001C003C00309
:105D90008001000000000000000000000000000082
:105DA000000000000000C0076008301018200C2B15
:105DB0008C4D844CC64CC644664466446644664674
:105DC000662666266417CC0C0C4008201830301864
:105DD000C0070000000000000000000000000000FC
:105DE000000000000000C001C001C001C00120038C
:105DF00020032003200330021006100610061004B2
:105E0000F80F080C080C080C0418041804180638BD
:105E10001F7C0000000000000000000000000000E7
:105E2000000000000000FE07181C18181830183079
:105E30001830183018301818180CF80718181830BF
:105E4000182018601860186018601860183018184A
:105E5000FE0F000000000000000000000000000035
:105E6000000000000000C0076038103018600C40CF
:105E70000C400C00060006000600060006000600A6
:105E80000600060006000C400C40082018103008E0
:105E9000C00700000000000000000000000000003B
:105EA000000000000000FE03180E1818181018302B
:105EB0001830186018601860186018601860186052
:105EC000186018601820183018301818181818069C
:105ED000FE030000000000000000000000000000C1
:105EE000000000000000FE3F183018201840184045
:105EF0001800180018081808180CF80F180C1808C3
:105F000018081800180018001840184018201830F9
:105F1000FE3F000000000000000000000000000044
:105F2000000000000000FE3F1838182018401840FC
:105F30001800180018081808180CF80F180C180882
:105F40001808180818001800180018001800180081
:105F50007E000000000000000000000000000000C3
:105F6000000000000000C003300C100818180C10CE
:105F70000C10040006000600060006000600067E5F
:105F80000618061804180C180C18081818183004ED
:105F9000E00300000000000000000000000000001E
:105FA0000000000000003FFC0C300C300C300C30C6
:105FB0000C300C300C300C300C30FC3F0C300C3002
:105FC0000C300C300C300C300C300C300C300C30F1
:105FD0003FFC000000000000000000000000000086
:105FE000000000000000F81F800180018001800196
:105FF0008001800180018001800180018001800199
:106000008001800180018001800180018001800188
:10601000F81F000000000000000000000000000069
:10602000000000000000E07F0006000600060006F9
:106030000006000600060006000600060006000630
:106040000006000600060006000600060006000620
:1060500000060E060E038E01FC000000000000008A
:106060000000000000007E3E180C180418061802FC
:106070001801180198009800D800B801B801180359
:10608000180318061806180C180C180C18181818ED
:106090007E7C000000000000000000000000000006
:1060A0000000000000007E00180018001800180012
:1060B0001800180018001800180018001800180020
:1060C0001800180018001800184018401820183040
:1060D000FE3F000000000000000000000000000083
:1060E0000000000000000FF01C381C381C381C3861
:1060F0001C34343434343434343234326432643220
:10610000643264314431C431C431C430C430843069
:106110008FFC0000000000000000000000000000F4
:106120000000000000000FF81C201C203420342048
:1061300064206420C420C4208421842104230423F7
:1061400004260426042C042C0438043804300430BB
:106150001F20000000000000000000000000000000
:10616000000000000000C003300C181808100C30AC
:106170000C30062006600660066006600660066059
:106180000660066004600C300C3008101818300CE3
:10619000C00300000000000000000000000000003C
:1061A000000000000000FE0F18181830186018607A
:1061B000186018601860186018301818F807180070
:1061C000180018001800180018001800180018000F
:1061D0007E00000000000000000000000000000041
:1061E000000000000000C003300C181808100C302C
:1061F0000C30066006600660066006600660066099
:10620000066006600660E4211C331C36181E300E42
:10621000C007004C003C00380000000000000000F7
:10622000000000000000FE07181C18181830183075
:106230001830183018301818180CF80718031803FD
:10624000180618061806180C180C180C1818181828
:106250007E78000000000000000000000000000048
:10626000000000000000F013181E0C18061806109D
:10627000061006000E003C00F800E003800F001E30
:106280000018003802300230063004300C181C0CA4
:10629000E407000000000000000000000000000013
:1062A000000000000000FC3F8C218461824182419B
:1062B00080018001800180018001800180018001D6
:1062C00080018001800180018001800180018001C6
:1062D000E0070000000000000000000000000000D7
:1062E0000000000000003F7C0C100C100C100C1083
:1062F0000C100C100C100C100C100C100C100C10BE
:106300000C100C100C100C100C100C101808380489
:10631000E00300000000000000000000000000009A
:106320000000000000003E781830181018101810F7
:10633000300830083008300830046004600460041D
:106340006002C002C002C002C00180018001800062
:1063500080000000000000000000000000000000BD
:10636000000000000000CFF3866186218421042113
:106370000C238C238C238C138C13881348125816EF
:106380005816580E380E300E300E300C30041004F3
:1063900010040000000000000000000000000000E9
:1063A0000000000000003E7C18101808300830047F
:1063B00060046002C002C00180018001800180038E
:1063C000400340062006200E100C100C1818083848
:1063D0003E7C000000000000000000000000000003
:1063E0000000000000007E7C1C1018101808300807
:1063F0003008300460046004C002C002C0018001A3
:106400008001800180018001800180018001800184
:10641000E007000000000000000000000000000095
:10642000000000000000F87F383018300C18041805
:10643000000C000600060003000380018001C0007C
:10644000C000600060003000184018600C200C385C
:10645000FE3F0000000000000000000000000000FF
:10646000C03FC000C000C000C000C000C000C000ED
:10647000C000C000C000C000C000C000C000C0001C
:10648000C000C000C000C000C000C000C000C0000C
:10649000C000C000C03F000000000000000000007D
:1064A00000000000180018001000300020006000FC
:1064B00060004000C00080008001800100010003F6
:1064C000000200060006000C000C000C001800186A
:1064D00000300030003000600000000000000000CC
:1064E000FC03000300030003000300030003000398
:1064F0000003000300030003000300030003000384
:106500000003000300030003000300030003000373
:1065100000030003FC030000000000000000C003B3
:10652000C007600410080000000000000000000028
:10653000000000000000000000000000000000005B
:10654000000000000000000000000000000000004B
:10655000000000000000000000000000000000003B
:10656000000000000000000000000000000000002B
:10657000000000000000000000000000000000001B
:10658000000000000000000000000000000000000B
:106590000000000000000000FFFF00000000780085
:1065A000C00000010000000000000000000000002A
:1065B00000000000000000000000000000000000DB
:1065C00000000000000000000000000000000000CB
:1065D00000000000000000000000000000000000BB
:1065E00000000000000000000000000000000000AB
:1065F00000000000E007180C0C180C180C18001C08
:10660000E01B38180C1806180618061806980C9E79
:10661000F871000000000000000000000000000011
:106620000000000010001E001800180018001800DC
:10663000180018009807581C3818383018301830CF
:106640001830183018301830183018103818380C26
:10665000C80700000000000000000000000000006B
:10666000000000000000000000000000000000002A
:1066700000000000C0077008301818180C180C0033
:106680000C000C000C000C000C2018201810300816
:10669000C007000000000000000000000000000033
:1066A000000000000010001E00180018001800185C
:1066B00000180018E01B301C181818180C180C18BB
:1066C0000C180C180C180C180C180818181C307A18
:1066D000E0090000000000000000000000000000D1
:1066E00000000000000000000000000000000000AA
:1066F00000000000C003300C101818100C300C30D3
:106700000C30FC3F0C000C000C0018201810701806
:10671000C0070000000000000000000000000000B2
:10672000000000000000003E80618060C060C0008A
:10673000C000C000FC1FC000C000C000C000C000FE
:10674000C000C000C000C000C000C000C000C00049
:10675000F80F000000000000000000000000000032
:106760000000000000000000000000000000000029
:1067700000000000C077306C10181818181818188E
:106780001018300CF00718001800F803F01F183824
:106790000C300C300C301818E0070000000000002E
:1067A0000000000010001E0018001800180018005B
:1067B000180018009807580C3818181818181818C6
:1067C0001818181818181818181818181818181849
:1067D0007E7E0000000000000000000000000000BD
:1067E0000000000000008001C003800100000000E4
:1067F00000000001F801800180018001800180011A
:106800008001800180018001800180018001800180
:10681000F81F000000000000000000000000000061
:10682000000000000000001C001E000C0000000022
:1068300000000008C00F000C000C000C000C000C45
:10684000000C000C000C000C000C000C000C000CE8
:10685000000C000C18061802F001000000000000F7
:106860000000000010001E0018001800180018009A
:1068700018001800183E180C180418021801980186
:10688000D801780338031806180C180C1818183893
:106890007E7C0000000000000000000000000000FE
:1068A000000000000001F8018001800180018001EA
:1068B00080018001800180018001800180018001D0
:1068C00080018001800180018001800180018001C0
:1068D000F81F0000000000000000000000000000A1
:1068E00000000000000000000000000000000000A8
:1068F00000000400F73C8E638661866186618661D4
:10690000866186618661866186618661866186614F
:10691000CFF30000000000000000000000000000B5
:106920000000000000000000000000000000000067
:106930000000000090075E0C381818181818181876
:1069400018181818181818181818181818181818C7
:106950007E7E00000000000000000000000000003B
:106960000000000000000000000000000000000027
:1069700000000000C003300C1018181808300C304C
:106980000C300C300C300C300C3018181818300C3F
:10699000C003000000000000000000000000000034
:1069A00000000000000000000000000000000000E7
:1069B0000000000090075E0C3818181018301830CE
:1069C0001830183018301830183018183818780C5B
:1069D00098071800180018007E0000000000000052
:1069E00000000000000000000000000000000000A7
:1069F00000000000C013301E181C18180C180C18CA
:106A00000C180C180C180C180C180818181C301E30
:106A1000E019001800180018007E000000000000B7
:106A20000000000000000000000000000000000066
:106A30000000000060387E666061E001E0006000F8
:106A40006000600060006000600060006000600046
:106A5000FE07000000000000000000000000000031
:106A60000000000000000000000000000000000026
:106A700000000000C0276038303030203020700027
:106A8000E003800F001E0038083008301830381836
:106A9000C80F00000000000000000000000000001F
:106AA0000000000000000000000080008000800066
:106AB000C000E000FC1FC000C000C000C000C0005B
:106AC000C000C000C000C000C000C020C0208011B5
:106AD000000F0000000000000000000000000000A7
:106AE00000000000000000000000000000000000A6
:106AF000000010101E1E181818181818181818184A
:106B0000181818181818181818181818181C307A87
:106B1000E00900000000000000000000000000008C
:106B20000000000000000000000000000000000065
:106B3000000000003E7C183018101818300830088B
:106B4000200460046004C002C002C0038001800110
:106B500080000000000000000000000000000000B5
:106B60000000000000000000000000000000000025
:106B700000000000DFF3866184218C218C218C13BE
:106B8000881358135812580E700E300E300C300403
:106B900020040000000000000000000000000000D1
:106BA00000000000000000000000000000000000E5
:106BB000000000007C3E300870086004C002C00283
:106BC00080018001800340062006200C1018181850
:106BD0003E7E0000000000000000000000000000F9
:106BE00000000000000000000000000000000000A5
:106BF000000000003E7C1818180810083008200417
:106C0000600460044002C0028002800180018000B4
:106C10008000800040007C003C000000000000007C
:106C20000000000000000000000000000000000064
:106C300000000000FC1F0C1C0C0C040604070003E1
:106C40008001C001C00060007020302018300C1896
:106C5000FC1F0000000000000000000000000030E9
:106C60000008000400040004000400040004000400
:106C7000000400040004000400038001000200047A
:106C800000040004000400040004000400040004E4
:106C900000040004000800300000000100010001B1
:106CA00000010001000100010001000100010001DC
:106CB00000010001000100010001000100010001CC
:106CC00000010001000100010001000100010001BC
:106CD0000001000100010001000100000000180097
:106CE00020004000400040004000400040004000C4
:106CF0004000400040004000800100038000400050
:106D00004000400040004000400040004000400083
:106D10004000400020001800000000007800C4007F
:106D2000824102410027001C00000000000000001A
:106D30000000000000000000000000000000000053
:106D40000000000000000000000000000000000043
:106D50000000000000000000000000000000000033
:106D60000000000000000000000000000000000023
:106D70000000000000000000000000000000000013
:106D80000000000000000000000000000000000003
:106D90000000600060006000600060006000600053
:106DA00040002000200020000000000000006000E3
:106DB00060006000000000000000000000006006AD
:106DC00060063003980188004400000000000000C5
:106DD00000000000000000000000000000000000B3
:106DE00000000000000000000000000000000000A3
:106DF00000001002100210021002FE07FE07080237
:106E00000801080108010801FE07FE07040104014A
:106E10000401040100000000000000000000000068
:106E200040004000F00158034C03CC034C005800D4
:106E30007000E000C001C00140034C035C034C0340
:106E40004801F00040004000000000000000000089
:106E500000000E010A0191009100910051005100C3
:106E60003A00AE03A0025004500448044804480409
:106E70008402840300000000000000000000000005
:106E8000000038006C006C006C006C006C002C0082
:106E900098071C011A01330133016301E300C308A1
:106EA000C6093C07000000000000000000000C00C4
:106EB0001C0010001000080004000000000000008A
:106EC00000000000000000000000000000000000C2
:106ED00000000000000000000000000000000004AE
:106EE00000020001800080004000400020002000DF
:106EF00020002000200020002000400040008000F2
:106F000080000001000200040000000000000200F8
:106F10000400080010001000200020004000400085
:106F200040004000400040004000200020001000D1
:106F30001000080004000200000000000000000033
:106F40000000000000004000C0004000460C4E0F52
:106F5000D001F0015E0F460C4000400040000000F0
:106F60000000000000000000000000000000000021
:106F70000000000000000000400040004000400011
:106F80004000FE0F40004000400040004000000074
:106F900000000000000000000000000000000000F1
:106FA00000000000000000000000000000000000E1
:106FB00000000000000000000000000000000C00C5
:106FC0001C00100010000800040000000000000079
:106FD00000000000000000000000000000000000B1
:106FE0000000FE070000000000000000000000009C
:106FF0000000000000000000000000000000000091
:107000000000000000000000000000000000000080
:1070100000000000000000000000000000001C0054
:107020001C001C0000000000000000000000000424
:107030000006000200030001000180008000400003
:107040004000600020002000100010000800080030
:107050000C00040006000200000000000000000018
:1070600000000000F00098010C030C030606060661
:107070000606060606060606060606060C030C03AA
:107080009801F00000000000000000000000000077
:107090000000000040007C006000600060006000B4
:1070A00060006000600060006000600060006000E0
:1070B0006000FC0300000000000000000000000071
:1070C00000000000F8008401020306030603000329
:1070D00000018001C00060002000100008020402CE
:1070E0000602FE0300000000000000000000000097
:1070F000000000007800C600860186018001800142
:10710000C0007000800100010003000306030603B5
:107110008601F800000000000000000000000000F0
:107120000000000080018001C001A001A0019001C9
:107130008801880184018201FE0F800180018001A5
:107140008001E007000000000000000000000000D7
:1071500000000000FC03040004000400040004001C
:10716000F4008C01040300030003060306038201FC
:107170008401F80000000000000000000000000092
:1071800000000000E00118030C030C0004000600DE
:10719000E60116030E0606060606060604060C029F
:1071A0001803F000000000000000000000000000D4
:1071B00000000000F8070C060402040100010001B1
:1071C00080008000400040004000600060006000DF
:1071D00060006000000000000000000000000000EF
:1071E00000000000F8010C030606060606060C0265
:1071F0001C03F000C8010C03060606060606060678
:107200000C03F0010000000000000000000000007E
:1072100000000000F0000C010C0306020606060642
:10722000060606078C0678060006000300030C011C
:107230008C01780000000000000000000000000049
:107240000000000000000000000000000000E0005E
:10725000E000E00000000000000000000000E0008E
:10726000E000E0000000000000000000000000005E
:1072700000000000000000000000000000006000AE
:10728000600000000000000000000000000000009E
:1072900060006000400020002000000000000000AE
:1072A00000000004000200018000400020001000E7
:1072B00008000400080010002000400080000001C9
:1072C00000020004000000000000000000000000B8
:1072D0000000000000000000000000000000FE07A9
:1072E000000000000000FE07000000000000000099
:1072F000000000000000000000000000000000008E
:107300000000040008001000200040008000000180
:107310000002000400020001800040002000100074
:107320000800040000000000000000000000000051
:1073300000000000E0031806040C040C0C0C0C0CFC
:107340000007800140004000400000000000E00015
:10735000E000E0000000000000000000000000006D
:107360000000E00018030C02CC0564056605A605C4
:10737000B604B604B604B604B602E4010C040C026A
:107380001803F000000000000000000000000000F2
:1073900000000000600060005000D00090009000ED
:1073A000880088010801F8010403040304020202B2
:1073B00002060F0F000000000000000000000000A7
:1073C00000000000FE008C030C030C030C030C03F4
:1073D0008C01FC000C030C020C060C060C060C06BF
:1073E0000C03FE010000000000000000000000008F
:1073F00000000000E00318030C060C04040406005F
:107400000600060006000600060006040C040C0236
:107410001803F00000000000000000000000000061
:10742000000000007F008C010C030C030C060C060E
:107430000C060C060C060C060C060C060C030C03C2
:107440008C017F0000000000000000000000000030
:1074500000000000FF030603060406040600860081
:107460008600FE00860086008600060006040604EC
:107470000602FF0300000000000000000000000002
:1074800000000000FF030603060406040600860051
:107490008600FE00860086008600060006000600C4
:1074A00006001F00000000000000000000000000B7
:1074B00000000000F00018010C020C02040206009B
:1074C000060006000600C60F060306030C030C03A5
:1074D0001803F000000000000000000000000000A1
:1074E000000000000F0F0606060606060606060642
:1074F0000606FE0706060606060606060606060633
:1075000006060F0F00000000000000000000000051
:1075100000000000FC03600060006000600060008C
:10752000600060006000600060006000600060005B
:107530006000FC03000000000000000000000000EC
:1075400000000000F807C000C000C000C000C0007C
:10755000C000C000C000C000C000C000C000C0002B
:10756000C000C000C60066003C0000000000000033
:1075700000000000CF038601C6004600260016006A
:1075800036002E006E004600C60086008601060109
:1075900006038F070000000000000000000000004C
:1075A000000000001F00060006000600060006009E
:1075B0000600060006000600060006000604060493
:1075C0000602FF03000000000000000000000000B1
:1075D000000000000707860386038E038E034E0318
:1075E0004E034A035A035A033A0332033203320367
:1075F00012038707000000000000000000000000E8
:10760000000000008E0F0C021C021C023402340227
:10761000640264024402C4028402840384030403F7
:1076200004031F0200000000000000000000000032
:1076300000000000F00098010C030C02060606068C
:107640000606060606060606060606060C020C03D5
:107650009801F000000000000000000000000000A1
:1076600000000000FF0006030606060606060606E2
:1076700006068603FE000600060006000600060059
:1076800006001F00000000000000000000000000D5
:1076900000000000F00098010C030C02060606062C
:1076A0000606060606060606060676064C02CC0305
:1076B0009801F000800700030000000000000000B7
:1076C00000000000FF010603060606060606060681
:1076D0000603FE004600C600860086010603060378
:1076E00006060F0E00000000000000000000000071
:1076F00000000000F8020C030602060206000E005D
:107700003C00F800E00380030007020602060606BC
:107710000C03F00100000000000000000000000069
:1077200000000000FE07620461086108600060005C
:107730006000600060006000600060006000600049
:107740006000F801000000000000000000000000E0
:10775000000000001E070C020C020C020C020C02BE
:107760000C020C020C020C020C020C020C020C02A9
:107770001801F00000000000000000000000000000
:10778000000000000F070602040104010C010C01B7
:107790008800880098009800500050007000300069
:1077A0002000200000000000000000000000000099
:1077B00000000000F70E620442044604460464021E
:1077C0006402E402E4029C029C0198019801880191
:1077D0008800880000000000000000000000000099
:1077E000000000009E070C01080118019000B00085
:1077F0006000200060006000D00090008801080157
:1078000004038E07000000000000000000000000DC
:10781000000000000F0F060404020C02080118010A
:10782000B800B000700060006000600060006000A0
:107830006000F801000000000000000000000000EF
:1078400000000000FC070C0206030201800180001A
:1078500040004000200020001000180008040C0424
:107860000402FE0300000000000000000000E0032E
:107870002000200020002000200020002000200008
:1078800020002000200020002000200020002000F8
:10789000200020002000E0030000000000000000A5
:1078A0000000040004000800080010001000100090
:1078B0002000200040004000C00080008000000147
:1078C00000010002000200020004000000007C0031
:1078D00040004000400040004000400040004000A8
:1078E0004000400040004000400040004000400098
:1078F0004000400040007C0000000000600090005C
:10790000080100000000000000000000000000006E
:107910000000000000000000000000000000000067
:107920000000000000000000000000000000000057
:107930000000000000000000000000000000000047
:107940000000000000000000000000000000000037
:107950000000000000000000FF0F00000000180001
:1079600060000000000000000000000000000000B7
:107970000000000000000000000000000000000007
:1079800000000000000000000000000000000000F7
:107990000000000000000000000000000000F001F6
:1079A0000C030C030003E0031C030E030603060391
:1079B0008E0B7C0E000000000000000000000000A4
:1079C000000008000E000C000C000C000C00CC01A4
:1079D0003C031C060C060C060C060C060C060C02DE
:1079E0001C03E40100000000000000000000000093
:1079F0000000000000000000000000000000F00097
:107A00008C018C01860106000600060006020C02AD
:107A10000C01F00000000000000000000000000069
:107A200000000002C003000300030003000378030A
:107A30008C030C0306030603060306030603040374
:107A40008C0778010000000000000000000000002A
:107A50000000000000000000000000000000E00145
:107A6000180308020C060C06FC070C000C00180496
:107A70001802E0010000000000000000000000000B
:107A800000000000C0036006300630003000FE0138
:107A90003000300030003000300030003000300066
:107AA0003000FC01000000000000000000000000A9
:107AB0000000000000000000000000000000F007CF
:107AC000D8068C018C018C019801F8000C00FC0098
:107AD000CC03060306038E03F8000000000000003C
:107AE000000008000E000C000C000C000C00EC0163
:107AF0001C030C030C030C030C030C030C030C03FE
:107B00000C039E07000000000000000000000000C1
:107B100000000000600060000000000040007C00E9
:107B20006000600060006000600060006000600055
:107B30006000FC03000000000000000000000000E6
:107B400000000000C001C001000000000001F001C1
:107B5000800180018001800180018001800180011D
:107B6000800180018001CC007C000000000000004A
:107B7000000008000E000C000C000C000C008C0330
:107B80008C008C004C006C005C008C008C010C01A3
:107B90000C039E0700000000000000000000000031
:107BA000000040007C006000600060006000600039
:107BB00060006000600060006000600060006000C5
:107BC0006000FC0300000000000000000000000056
:107BD0000000000000000000000000000000370767
:107BE000EE066606660666066606660666066606AD
:107BF0006606FF0F0000000000000000000000000B
:107C00000000000000000000000000000000EE0185
:107C10001C030C030C030C030C030C030C030C03DC
:107C20000C039E07000000000000000000000000A0
:107C30000000000000000000000000000000F00054
:107C400098010C03060606060606060606060C0341
:107C50000C03F00000000000000000000000000025
:107C60000000000000000000000000000000EE0125
:107C70001C030C060C060C060C060C060C060C036A
:107C80001C03EC010C000C003E0000000000000092
:107C9000000000000000000000000000000078026A
:107CA0008C030C0306030603060306030603040302
:107CB0008C03780300030003C007000000000000ED
:107CC00000000000000000000000000000009F0312
:107CD0005806380618001800180018001800180078
:107CE0001800FF000000000000000000000000007D
:107CF0000000000000000000000000000000F00391
:107D00001C030C020C023800F000C003040304033F
:107D10008C03FC01000000000000000000000000D7
:107D20000000000000002000200030003000FE01B4
:107D300030003000300030003000300030003002C1
:107D40003002E00100000000000000000000000020
:107D500000000000000000000000000008028E0388
:107D60000C030C030C030C030C030C030C030C039B
:107D70009C077801000000000000000000000000E7
:107D800000000000000000000000000000001E07CE
:107D90000C020801080118019000B000B00060005A
:107DA0006000200000000000000000000000000053
:107DB0000000000000000000000000000000F70EBE
:107DC0006204460464026402EC029C01980198017A
:107DD0009801080000000000000000000000000002
:107DE0000000000000000000000000000000BC07D0
:107DF00018011001B00060006000E0009000080170
:107E000008039E07000000000000000000000000C2
:107E100000000000000000000000000000009E07BD
:107E200008010801080190009000B00060006000A7
:107E300060002000200024001C0000000000000062
:107E40000000000000000000000000000000FC0135
:107E50008401C400440060002000300018020802C1
:107E60000C03FC0100000000000000000000000303
:107E70008000800080008000800080008000800002
:107E800040002000400080008000800080008000D2
:107E9000800080008000000300004000400040009F
:107EA00040004000400040004000400040004000D2
:107EB00040004000400040004000400040004000C2
:107EC00040004000400040004000000000000C0066
:107ED0001000100010001000100010001000100022
:107EE00020004000200010001000100010001000C2
:107EF0001000100010000C00000000001C00220404
:107F0000C204800300000000000000000000000028
:107F10000000000000000000000000000000000061
:107F20000000000000000000000000000000000051
:107F30000000000000000000000000000000000041
:107F40000000000000000000000000000000000031
:107F50000000000000000000300030003000300061
:107F60003000200020002000200020000000000041
:107F7000300030000000000000000000D800D800F1
:107F80006C0024001200000000000000000000004F
:107F900000000000000000000000000000000000E1
:107FA0000000000000000000000084008400840045
:107FB000FF0184008400C60042004200FF0142002D
:107FC000420042000000000000000000000000002D
:107FD0002000F80024012401A401280030006000E2
:107FE000A00020012C0124012401F8002000200021
:107FF0000000000000000000000086004900490069
:10800000290029001900D60028012801280124018F
:108010002401C20000000000000000000000000079
:1080200000000C00120012001200EA004600460098
:1080300025002900390011003201CC0000000000A9
:10804000000000000600060004000200010000001D
:108050000000000000000000000000000000000020
:10806000000000000000000000000000000180008F
:108070004000200020002000100010001000100020
:1080800010001000200020002000400080000001AF
:1080900000000000010002000400080008000800C1
:1080A0001000100010001000100010000800080060
:1080B00008000400020001000000000000000000B1
:1080C00000000000200020002603AE0370007000B6
:1080D000AE03260320002000000000000000000086
:1080E0000000000000000000000000001000100070
:1080F00010001000FF011000100010001000000020
:10810000000000000000000000000000000000006F
:10811000000000000000000000000000000000005F
:10812000000000000000000006000600040002003D
:10813000010000000000000000000000000000003E
:1081400000000000FE03000000000000000000002E
:10815000000000000000000000000000000000001F
:10816000000000000000000000000000000000000F
:1081700000000000000000000600060000000000F3
:108180000000000000020001000180008000C0002B
:1081900040006000200030001000180008000800B7
:1081A00004000400020000000000000000000000C5
:1081B0000000780084008400020102010201020133
:1081C0000201020102018400840078000000000026
:1081D0000000000000000000000010001C00100063
:1081E000100010001000100010001000100010000F
:1081F00010007C00000000000000000000000000F3
:1082000000007C00820002010201020180004000A7
:1082100020001000080004010201FE01000000001F
:10822000000000000000000000003C00420082004E
:108230008200400070008000000100010201020184
:1082400082007C0000000000000000000000000030
:1082500040004000600050004800480044004200D8
:108260004200FE01400040004000F001000000001C
:1082700000000000000000000000FC0104000400F9
:108280000400040074008C000001000102010201DE
:1082900082007C00000000000000000000000000E0
:1082A0000000F00008010401040002007A008600CA
:1082B00002010201020104018400780000000000B4
:1082C00000000000000000000000FE0182004200EB
:1082D00040002000100010000800080008000800FE
:1082E000080008000000000000000000000000007E
:1082F000000078008400020102010201840078007D
:1083000084000201020102018400780000000000E4
:1083100000000000000000000000780084008200DF
:108320000201020102018401780100018000820043
:1083300042003C00000000000000000000000000BF
:1083400000000000000000003000300000000000CD
:1083500000000000000000003000300000000000BD
:10836000000000000000000000000000000000000D
:1083700000001000000000000000000000000000ED
:1083800000001000100010001000000000000000AD
:1083900080004000200010000800040002000400DB
:1083A00008001000200040008000000000000000D5
:1083B00000000000000000000000000000000000BD
:1083C000FF01000000000000FF01000000000000AD
:1083D000000000000000000000000000000000009D
:1083E000020004000800100020004000800040004F
:1083F000200010000800040002000000000000003F
:108400000000000000000000780084000201060166
:108410000601000180004000200020002000000034
:1084200030003000000000000000000000000000EC
:1084300000007800C400F2015901490145012501FD
:108440002501A500D9000201840078000000000089
:1084500000000000000000000000100010002800D4
:10846000280028002800440044007C0044008200CA
:108470008200C701000000000000000000000000B2
:1084800000003F0042004200420022003E00420045
:10849000820082008200820042003F000000000053
:1084A00000000000000000000000780184010201CB
:1084B00002010100010001000100010001010201AF
:1084C00086007800000000000000000000000000AE
:1084D00000003F00C200820002010201020102010D
:1084E000020102010201820042003F000000000080
:1084F00000000000000000000000FF0082000201F8
:10850000420042007E0042004200020002000201DE
:108510008200FF00000000000000000000000000DA
:108520000000FF0082000201420042007E00420083
:1085300042000200020002000200070000000000EA
:10854000000000000000000000007001880104012C
:108550000201020002000200820302010201040182
:108560000C01F0000000000000000000000000000E
:108570000000C70182008200820082008200FE00AB
:1085800082008200820082008200C7010000000099
:1085900000000000000000000000FE0010001000BD
:1085A000100010001000100010001000100010004B
:1085B0001000FE00000000000000000000000000AD
:1085C0000000FC01200020002000200020002000EE
:1085D00020002000200020002000210011000E00BB
:1085E00000000000000000000000E701420022003F
:1085F000220012001A00160022002200420042004F
:108600008200C70100000000000000000000000020
:108610000000070002000200020002000200020047
:1086200002000200020002018200FF0000000000C0
:1086300000000000000000000000C701C600C600E6
:10864000C600AA00AA00AA00AA00AA0092009200EE
:108650009200D701000000000000000000000000B0
:108660000000C70186008A008A008A0092009200FA
:10867000A200A200C200C200C200870000000000E9
:10868000000000000000000000003800C60082006A
:10869000010101010101010101010101010182004A
:1086A000C6003800000000000000000000000000CC
:1086B00000007F00820002010201020182007E00B0
:1086C0000200020002000200020007000000000099
:1086D000000000000000000000003800C60082001A
:1086E0000101010101010101010101011901A600BE
:1086F000A60078004001C00000000000000000005B
:1087000000003F0042008200820042003E00120052
:108710002200220042004200820087010000000087
:108720000000000000000000000078018401020148
:10873000020002000C007000800000010201020132
:1087400086007A0000000000000000000000000029
:108750000000FE00110111011000100010001000B7
:108760001000100010001000100038000000000081
:1087700000000000000000000000C701820082002D
:1087800082008200820082008200820082008200D9
:10879000440038000000000000000000000000005D
:1087A0000000C701820082004400440044004400ED
:1087B00028002800280038001000100000000000E9
:1087C00000000000000000000000BB0192009200C9
:1087D00092009200AA00AA00AA006A004400440085
:1087E0004400440000000000000000000000000001
:1087F0000000CE0184004400480028003000100032
:1088000030002800480048008400CE01000000002D
:1088100000000000000000000000C70182004400CA
:108820004400280028001000100010001000100064
:1088300010003800000000000000000000000000F0
:108840000000FC0184008200400040002000100075
:1088500010000800080004018400FE000000000071
:1088600000000000F00110001000100010001000C7
:108870001000100010001000100010001000100078
:1088800010001000F00100000000000000000200D5
:108890000400040008000800080010001000200078
:1088A0002000200040004000800080008000000187
:1088B000000000003E0020002000200020002000DA
:1088C00020002000200020002000200020002000A8
:1088D000200020003E0000000000000038002800BA
:1088E0004400000000000000000000000000000044
:1088F0000000000000000000000000000000000078
:108900000000000000000000000000000000000067
:108910000000000000000000000000000000000057
:108920000000000000000000FF030000180020000D
:108930000000000000000000000000000000000037
:108940000000000000000000000000000000000027
:108950000000000000000000000000000000000017
:1089600000007C0082008200F0008C008200820007
:10897000C202BC0300000000000000000000000074
:10898000000003000200020002003A0046008200DC
:10899000820082008200820046003A00000000004F
:1089A00000000000000000000000000000000000C7
:1089B0000000780084008200020002000200020130
:1089C00084007800000000000000000000000000AB
:1089D0000000C000800080008000B800C400820059
:1089E0008200820082008200C400B8010000000002
:1089F0000000000000000000000000000000000077
:108A00000000780084000201FE0102000200020161
:108A1000840078000000000000000000000000005A
:108A20000000E001100210001000FC001000100017
:108A300010001000100010001000FC0000000000EA
:108A40000000000000000000000000000000000026
:108A50000000F80184008400840084007800040091
:108A60007C00840102010201FC0000000000000003
:108A7000000003000200020002007A00860082006B
:108A800082008200820082008200C7010000000094
:108A900000000000000000000000180018000000A6
:108AA00000001C001000100010001000100010004A
:108AB00010007C000000000000000000000000002A
:108AC00000006000600000000000700040004000F6
:108AD00040004000400040004000400040002200B4
:108AE0001E00000000000000000003000200020061
:108AF0000200E200220012000A00160022004200DA
:108B00008200C7010000000000000000000000001B
:108B100000001E00100010001000100010001000D7
:108B200010001000100010001000FE0000000000F7
:108B30000000000000000000000000000000000035
:108B400000007F009200920092009200920092003A
:108B50009200B701000000000000000000000000CB
:108B6000000000000000000000007B008600820082
:108B700082008200820082008200C70100000000A3
:108B800000000000000000000000000000000000E5
:108B900000007800840002010201020102010201CA
:108BA00084007800000000000000000000000000C9
:108BB000000000000000000000003B0046008200B2
:108BC000820082008200820046003A000200020019
:108BD000070000000000000000000000000000008E
:108BE0000000B800C400820082008200820082007F
:108BF000C400B80080008000C00100000000000038
:108C000000000000000000000000CE012801180054
:108C1000080008000800080008003E0000000000EE
:108C20000000000000000000000000000000000044
:108C30000000BC00C200820006003800C0008200B4
:108C400086007A0000000000000000000000000024
:108C500000000000100010001000FC0010001000C8
:108C600010001000100010009000600000000000D4
:108C700000000000000000000000000000000000F4
:108C80000000C30082008200820082008200820015
:108C9000C200BC0100000000000000000000000055
:108CA00000000000000000000000C7018200440036
:108CB00044004400280028001000100000000000BC
:108CC00000000000000000000000000000000000A4
:108CD0000000BB01920092009200AA00AA0044008A
:108CE00044004400000000000000000000000000FC
:108CF00000000000000000000000CE0184004800D9
:108D000030003000300048008400CE010000000038
:108D10000000000000000000000000000000000053
:108D20000000EE0184008800480048005000300038
:108D300020001000100010000C00000000000000D7
:108D400000000000000000000000FE0042002200C1
:108D500020001000080084008200FE0000000000D7
:108D60000000000080014000400040004000400042
:108D700040006000100060004000400040004000E3
:108D80004000400040008001000020002000200042
:108D900020002000200020002000200020002000D3
:108DA00020002000200020002000200020002000C3
:108DB0002000000006000800080008000800080065
:108DC000080018002000180008000800080008002B
:108DD000080008000800060000001C00260222030C
:108DE000C0010000000000000000000000000000C2
:108DF0000000000000000000000000000000000073
:108E00000000000000000000000000000000000062
:108E100000000000000808080808080800001818EA
:108E2000000000486C241200000000000000000058
:108E300000000000002424247F1212127F1212125C
:108E400000000000081C2A2A0A0C1828282A2A1CBC
:108E5000080800000022251515152A5854545422DC
:108E600000000000000C1212120A76252911916EE2
:108E700000000006060403000000000000000000DF
:108E800000000040201010080808080808101020F2
:108E90004000000204080810101010101008080408
:108EA00002000000000008086B1C1C6B0808000092
:108EB000000000000000080808087F0808080800F3
:108EC0000000000000000000000000000000060696
:108ED00004030000000000000000FE00000000008D
:108EE0000000000000000000000000000000060676
:108EF00000000000804040202010100808040402F8
:108F00000200000000182442424242424242241819
:108F10000000000000080E08080808080808083EBD
:108F200000000000003C4242422020100804427E23
:108F300000000000003C4242201820404042221C19
:108F40000000000000203028242422227E202078E7
:108F500000000000007E0202021A26404042221C4D
:108F60000000000000382402021A2642424224185F
:108F700000000000007E22221010080808080808DF
:108F800000000000003C4242422418244242423C7D
:108F90000000000000182442424264584040241C53
:108FA0000000000000000000181800000000181861
:108FB00000000000000000000008000000000008A1
:108FC000080400000040201008040204081020409B
:108FD00000000000000000007F0000007F00000093
:108FE00000000000000204081020402010080402C5
:108FF00000000000003C42424640201010001818BB
:1090000000000000001C225A555555552D42221CC7
:1090100000000000000808181414243C224242E713
:1090200000000000001F2222221E22424242221F74
:1090300000000000007C4242010101010142221CAB
:1090400000000000001F2242424242424242221FD0
:1090500000000000003F4212121E12120242423F64
:1090600000000000003F4212121E1212020202070C
:1090700000000000003C2222010101712122221C7B
:109080000000000000E7424242427E42424242E784
:1090900000000000003E0808080808080808083E0C
:1090A00000000000007C10101010101010101010A4
:1090B000110F0000007722120A0E0A1212222277E4
:1090C0000000000000070202020202020202427FC8
:1090D000000000000077363636362A2A2A2A2A6B04
:1090E0000000000000E346464A4A5252526262477C
:1090F00000000000001C2241414141414141221C2D
:1091000000000000003F424242423E0202020207CB
:1091100000000000001C2241414141414D53321CDE
:1091200060000000003F4242423E1212222242C72B
:1091300000000000007C4242020418204042423EEF
:1091400000000000007F4908080808080808081CFB
:109150000000000000E74242424242424242423C9A
:109160000000000000E742422224241414180808DA
:1091700000000000006B494949495555362222221A
:109180000000000000E7422424181818242442E7B5
:109190000000000000772222141408080808081CA8
:1091A00000000000007E2120101008040442423F0D
:1091B00000000078080808080808080808080808D7
:1091C0007800000002020404080808101020202083
:1091D0004040001E10101010101010101010101031
:1091E0001E000038440000000000000000000000E5
:1091F000000000000000000000000000000000006F
:1092000000FF000608000000000000000000000051
:109210000000000000000000003C4278444242FC94
:109220000000000000030202021A26424242261AEF
:109230000000000000000000003844020202443830
:10924000000000000060404040784442424264D840
:109250000000000000000000003C427E0202423C90
:109260000000000000F08808087E08080808083E92
:109270000000000000000000007C22221C023C4292
:10928000423C000000030202023A4642424242E7E8
:1092900000000000000C0C00000E08080808083E42
:1092A0000000000000303000003820202020202066
:1092B000221E0000000302020272120A1612227716
:1092C00000000000000E0808080808080808083E0A
:1092D0000000000000000000007F9292929292B77E
:1092E0000000000000000000003B4642424242E70E
:1092F0000000000000000000003C42424242423CAC
:109300000000000000000000001B26424242221E16
:109310000207000000000000007844424242447806
:1093200040E000000000000000774C040404041F2B
:109330000000000000000000007C42023C40423E71
:109340000000000000000008083E08080808083077
:10935000000000000000000000634242424262DC64
:10936000000000000000000000E742242414080868
:10937000000000000000000000EB49495555222282
:109380000000000000000000007624181818246E69
:10939000000000000000000000E742242414180828
:1093A0000807000000000000007E22100808447E2C
:1093B000000000C02020202020102020202020207D
:1093C000C0001010101010101010101010101010FD
:1093D00010100006080808080810080808080808FF
:1093E00006000C32C2000000000000000000000077
:1093F000000000000000000000000000000000006D
:109400000404040404040004000000140A0A000018
:10941000000000000000000014143F140A3F0A0A74
:10942000000000041E1505060C14150F04000000B2
:1094300012150D0A142C2A1200000000040A0A1E3C
:1094400015150936000000020201000000000000AE
:10945000000000201008080808080810200000027A
:109460000408080808080804020000000004150E9B
:109470000E150400000000000404041F040404008E
:1094800000000000000000000000000202010000D7
:109490000000001F000000000000000000000000AD
:1094A0000000000200000010080808040402020284
:1094B000010000000E1111111111110E0000000029
:1094C000040604040404040E000000000E11110838
:1094D0000402011F000000000E11100C1010110EEC
:1094E00000000000080C0A0A091E0818000000000D
:1094F0001F01010F1010110E000000000E09010FD6
:109500001111110E000000001F09080404040404D6
:10951000000000000E11110E1111110E00000000CC
:109520000E1111111E10120E0000000000000400A8
:10953000000000040000000000000004000000041F
:10954000040000201008040204081020000000009D
:1095500000001F00001F000000000002040810208F
:1095600010080402000000000E1111080404000499
:10957000000000000E111915151D011E000000004D
:1095800004040C0A0A1E1233000000000F12120E0F
:109590001212120F000000001E1101010101110E34
:1095A000000000000F1212121212120F0000000031
:1095B0001F120A0E0A02121F000000001F120A0EDC
:1095C0000A020207000000001C1201013911120CEE
:1095D000000000003312121E1212123300000000AD
:1095E0001F0404040404041F000000003E080808CF
:1095F000080808090700000037120A060A0A12378D
:1096000000000000070202020202223F00000000E8
:109610001B1B1B1B15151515000000003B12161611
:109620001A1A1217000000000E1111111111110E5B
:10963000000000000F12120E0202020700000000DC
:109640000E1111111117190E180000000F12120E31
:109650000A121237000000001E1101060810110F37
:10966000000000001F1504040404040E00000000A4
:10967000331212121212120C000000003312120ADE
:109680000A0C0404000000001515150E0A0A0A0A47
:10969000000000001B0A0A04040A0A1B0000000064
:1096A0001B0A0A040404040E000000001F09080439
:1096B0000402121F0000001C040404040404040437
:1096C0001C00000202020404080808100000000E3A
:1096D00008080808080808080E0000040A0000002E
:1096E000000000000000000000000000000000007A
:1096F000003F000400000000000000000000000027
:109700000000000C121C123C000000000302020EBC
:109710001212120E000000000000001C1202021CB7
:10972000000000001810101C1212123C0000000073
:109730000000000C121E021C000000003804041E71
:109740000404041E000000000000003C120C021E75
:10975000221C00000302020E121212370000000049
:10976000040000060404040E000000000800000CC1
:1097700008080808080700000302023A0A0E123718
:1097800000000000070404040404041F000000009B
:109790000000000F15151515000000000000000F57
:1097A00012121237000000000000000C1212120CFE
:1097B000000000000000000F1212120E020700004D
:1097C0000000001C1212121C103800000000001BC8
:1097D00006020207000000000000001E020C101E1E
:1097E000000000000004040E04040418000000003F
:1097F0000000001B1212123C0000000000000037A5
:10980000120A0C040000000000000015150E0A0AE0
:10981000000000000000001B0A040A1B00000000FA
:1098200000000037120A0C04040300000000001EB0
:109830000804041E000000180808080408080808A6
:10984000180008080808080808080808080800069A
:10985000040404080404040406000225180000009F
:109860000000000000000000000F00008007000062
:10987000000000001F0000C0070000000000003FC3
:109880000000E0070000000000007EE01FF007007D
:109890000000000000FCFCFFF903000000000000D5
:1098A000F8FFFFFF01000000000000F0FFFFFF00D5
:1098B000000000000000F0FFFF7F0000000000003B
:1098C00000F8FFFF7F00000000000000FCFFFFFF2A
:1098D00001000000000000FEFFFFFF030000000089
:1098E0000000FEFFFFFF03000000000000FFFFFF7D
:1098F000FF07000000000080FFFFFFFF0F000000D7
:10990000000080FFFCFFF90F0000000000C0FFFC1A
:10991000FFF91F0000000000C0FFFCFFF91F00005E
:10992000000000E0FFFFFFFF1F0000000000E0FF5D
:10993000FFFFFF3F0000000000E0FFFFFFFF3F00D0
:1099400000000000E0FFFFFFFF3F0000000000E01C
:10995000FFFFFFFF3F0000000000E0FFFFFFFF7F71
:109960000000000000F0FFFFFFFF7F00000000008C
:10997000E0FFFFFFFF7F000000000000000000008C
:1099800000000000000000000000000000000000D7
:109990001CF0FFFFFFFF7FE0000000FFF0FFFFFF74
:1099A000FF7FF8030000FFF1FFFFFFFF7FFC0700D0
:1099B00080FFF1FFFFFFFF7FFC0F0080FFF3FFFF41
:1099C000FFFF7FFC0F0080FFF3FFFFFFFF7FFE1F05
:1099D00000C0FFF3FFFFFFFF7FFE1F00C0FFF3FF8C
:1099E000FFFFFF7FFE1F00C0FFF3FFFFFFFF7FFEB3
:1099F0001F00C0FFF3FFFFFFFF7FFE1F00C0FFF34C
:109A0000FFFFFFFF7FFE1F00C0FFF3FFFFFFFF7F91
:109A1000FE1F00C0FFF3FFFFFFFF7FFE1F00C0FF20
:109A2000F3FFFFFFFF7FFE1F00C0FFF3FFFFFFFFFD
:109A30007FFE1F00C0FFF3FFFFFFFF7FFE1F00C080
:109A4000FFF3FFFFFFFF7FFE1F00C0FFF3FFFFFFDD
:109A5000FF7FFE1F00C0FFF3FFFFFFFF7FFE1F0021
:109A6000C0FFF3FFFFFFFF7FFE1F00C0FFF3FFFFFC
:109A7000FFFF7FFE1F00C0FFF3FFFFFFFF7FFE1F02
:109A800000C0FFF3FFFFFFFF7FFE1F00C0FFF3FFDB
:109A9000FFFFFF7FFE1F00C0FFF3FFFFFFFF7FFE02
:109AA0001F00C0FFF3FFFFFFFF7FFE1F00C0FFF39B
:109AB000FFFFFFFF7FFE1F00C0FFF3FFFFFFFF7FE1
:109AC000FE1F00C0FFF3FFFFFFFF7FFE1F00C0FF70
:109AD000F3FFFFFFFF7FFE1F0080FFF3FFFFFFFF8D
:109AE0007FFE1F0080FFF3FFFFFFFF7FFC0F008062
:109AF000FFF1FFFFFFFF7FFC0F0000FFF1FFFFFF03
:109B0000FF7FFC070000FEF0FFFFFFFF7FF0070074
:109B10000038F0FFFFFFFF7FC001000000E0FFFF03
:109B2000FFFF7F0000000000E0FFFFFFFF3F00009D
:109B3000000000C0FFFFFFFF1F000000000000F852
:109B40007FE0FF00000000000000F87FE0FF000061
:109B50000000000000F87FE0FF00000000000000AF
:109B6000F87FE0FF00000000000000F87FE0FF0049
:109B7000000000000000F87FE0FF0000000000008F
:109B800000F87FE0FF00000000000000F87FE0FF29
:109B900000000000000000F87FE0FF00000000006F
:109BA0000000F87FE0FF00000000000000F87FE008
:109BB000FF00000000000000F87FE0FF0000000050
:109BC000000000F83FE0FF00000000000000F03F50
:109BD000E0FF00000000000000F03FE07F00000018
:109BE00000000000E01FC07F00000000000000C077
:109BF0000F801F00000000000000000000000000B7
:109C00000000000000000000000000000000000054
:109C10000000000000000000000000000000000044
:109C20000000000000000000000000000000000034
:109C300000000000000000000000E0FFFFFFFFFF49
:109C4000FF1F000000FCFFFFFFFFFFFFFF01000000
:109C5000FEFFFFFFFFFFFFFF030000FFFFFFFFFF0F
:109C6000FFFFFF070080FFFFFFFFFFFFFFFF0F0069
:109C700080FFFFFFFFFFFFFFFF0F0080FFFFFFFFE1
:109C8000FFFFFFFF0F0080FFFFFFFFFFFFFFFF1F32
:109C90000080FFFFFFFFFFFFFFFF1F0080FFFFFFB0
:109CA000FFFFFFFFFF1F0080FFFFFFFFFFFFFFFF22
:109CB0001F0080FFFFFFFFFFFFFFFF1F0080FFFF70
:109CC000FFFFFFFFFFFF1F0080FFFFFFFFFFFFFF02
:109CD000FF1F0080FFFFFFFFFFFFFFFF1F0080FF50
:109CE0001F00000000C0FF1F0080FF1F00000000D9
:109CF000C0FF1F0080FF1F00000000C0FF1F00808A
:109D0000FF1F00000000C0FF1F0080FF1F000000B9
:109D100000C0FF1F0080FF1F00000000C0FF1F00E9
:109D200080FFFFFFFFFFFFFFFF1F0080FFFFFFFF20
:109D3000FFFFFFFF1F0080FFFFFFFFFFFFFFFF1F71
:109D40000080FFFFFFFFFFFFFFFF1F0080FFFFFFFF
:109D5000FFFFFFFFFF1F0080FF1F00000000C0FF8C
:109D60001F0080FF1F00000000C0FF1F0080FF1FBA
:109D700000000000C0FF1F0080FF1F00000000C0A7
:109D8000FF1F0080FF1F00000000C0FF1F0080FFBA
:109D90001F00000000C0FF1F0080FFFFFFFFFFFF4C
:109DA000FFFF1F0080FFFFFFFFFFFFFFFF1F00807F
:109DB000FFFFFFFFFFFFFFFF1F0080FFFFFFFFFF11
:109DC000FFFFFF1F0080FF1F00000000C0FF1F00FB
:109DD00080FF1F00000000C0FF1F0080FF1F000069
:109DE0000000C0FF1F00C0FF1F00000000C0FF1FD9
:109DF00000C0FF1F00000000C0FF1F00C0FF1F00C9
:109E0000000000C0FF1F00C0FFFFFFFFFFFFFFFFBC
:109E10001F00C0FFFFFFFFFFFFFFFF1F00C0FFFF8E
:109E2000FFFFFFFFFFFF1F00C0FFFFFFFFFFFFFF60
:109E3000FF1F00C0FFFFFFFFFFFFFFFF1F00C0FF6E
:109E4000FFFFFFFFFFFFFF1F00C0FFFFFFFFFFFF40
:109E5000FFFF1F00C0FFFFFFFFFFFFFFFF1F00C04E
:109E6000FFFFFFFFFFFFFFFF0F00C0FFFFFFFFFF30
:109E7000FFFFFF0F00C0FFFFFFFFFFFFFFFF0F000F
:109E8000C0FFFFFFFFFFFFFFFF0700C0FFFFFFFF57
:109E9000FFFFFFFF0700C0FFFFFFFFFFFFFFFF0106
:109EA00000C0FFFFFFFFFFFFFF7F0000C0FF0F00AC
:109EB00000000000000000C0FF07000000000000DC
:109EC0000000C0FF030000000000000000C0FF0110
:109ED0000000000000000000C0FF000000000000C3
:109EE000000000C07F000000000000000000C03F34
:109EF000000000000000000000C01F000000000083
:109F000000000000C00F000000000000000000C0C2
:109F100007000000000000000000C0030000000077
:109F20000000000000C00100000000000000000070
:109F3000C000000000000000000000000000000061
:109F40000000000000000000000000000000000011
:109F50000000000000000000000000000000000001
:109F600000000000000000000000000000000000F1
:109F700000000000000000000000000000000000E1
:109F800000000000000000000000000000000000D1
:109F900000000000000000000000000000000000C1
:109FA00000000000000000000000000000E00300CE
:109FB0000000000000000000FC03000000000000A2
:109FC000000000FF030000000000000000C0FF03CD
:109FD0000000000000000000E0FF0300000000009F
:109FE000000000F0FF030000000000000000F8FF88
:109FF000030000000000000000FCFF030000000060
:10A0000000000000FEFF030000000000000000FE52
:10A01000FF030000000000000000FFFF030000003D
:10A020000000000000FFFF030000000000000080AF
:10A03000FFFF030000000000000080FFFF0300009E
:10A04000000000000080FFFF03000000000000008F
:10A05000C0FFFF0300000000000000C0FFFF03007E
:10A06000000000000000C0FFFF030000000000002F
:10A0700000C0FFFF0300000000000000C0FFFF035E
:10A0800000FF0000000000C0FFFF03E0FF0F000022
:10A090000000C0FFFF03F8FF3F00000000C0FFFF0B
:10A0A00003FEFF7F00000000C0FFFF03FFFFFF0172
:10A0B00000000080FFFF83FFFFFF0300000080FF20
:10A0C000FFC3FFFFFF0700000080FFFFE3FFFFFF6C
:10A0D0000F00000000FFFFF3FFFFFF0F0000000074
:10A0E000FFFFF3FFFFFF1F00000000FEFFFBFFFF6D
:10A0F000FF3F00000000FEFFFBFFFFFF3F000000EE
:10A1000000FCFFFFFFFFFF7F00000000F8FFFFFFE4
:10A11000FFFF7F00000000F0FFFFFFFFFF7F000058
:10A120000000E0FFFFFFFFFFFF0000000080FFFFD7
:10A13000FFFFFFFF0000000000FFFFFFFFFFFF0029
:10A1400000000000FCFFFFFFFFFF00F8FFFFFFFF24
:10A15000FFFFFFFFFF00F8FFFFFFFFFF0100000010
:10A1600000F8FFFFFFFFFF0700000000F8FFFFFF00
:10A17000FFFF0F00000000F8FFFFFFFFFF3F0000A0
:10A180000000F0FFFFFFFFFF7F00000000F0FFFF77
:10A19000FFFFFFFF00000000F0FFFFFFFFFFFF01D8
:10A1A000000000E0FFFFFFFFFEFF01000000E0FFF6
:10A1B000FFFFFFFEFF03000000C0FFFFFF7FFEFF69
:10A1C00007000000C0FFFFFF7FFEFF0700000080C8
:10A1D000FFFFFF3FFEFF0F00000000FFFFFF1FFE1D
:10A1E000FF0F00000000FEFFFF0FFEFF0F0000004A
:10A1F00000FCFFFF07FEFF1F00000000F8FFFF0349
:10A20000FEFF1F00000000E0FFFF00FEFF1F000038
:10A21000000080FF3F00FEFF1F0000000000FC0761
:10A2200000FEFF1F0000000000000000FEFF1F00F6
:10A2300000000000000000FEFF1F00000000000002
:10A240000000FEFF1F0000000000000000FEFF1FD6
:10A250000000000000000000FEFF0F0000000000F2
:10A26000000000FEFF0F0000000000000000FEFFE5
:10A270000F0000000000000000FEFF0700000000CB
:10A2800000000000FEFF070000000000000000FECC
:10A29000FF030000000000000000FEFF03000000BC
:10A2A0000000000000FEFF010000000000000000B0
:10A2B000FEFF000000000000000000FE7F00000024
:10A2C000000000000000FE3F000000000000000051
:10A2D00000FE1F000000000000000000FE0700005C
:10A2E00000000000000000FE01000000000000006F
:10A2F00000003E0000000000000000000000000020
:10A30000000000000000000000000000000000004D
:10A31000000000000000000000000000000000003D
:10A32000000000000000000000000000000000002D
:10A33000000000000000000000000000000000001D
:10A34000000000000000000000000000000000000D
:10A350000000000000000000000000000000F8FF06
:10A36000FFFFFF1F0000000000FFFFFFFFFFFF01D6
:10A37000000000C0FFFFFFFFFFFF03000000C0FF61
:10A38000FFFFFFFFFF07000000E0FFFFFFFFFFFFF1
:10A390000F000000E0FFFFFFFFFFFF0F000000E0E5
:10A3A000FFFFFFFFFFFF0F000000F0FFFFFFFFFFB9
:10A3B000FF1F000000F0FFFFFFFFFFFF1F00000076
:10A3C000F0FFFFFFFFFFFF1F000000F0FFFFFFFF98
:10A3D000FFFF1F000000F0FFFFFFFFFFFF1F000057
:10A3E00000F0FFFFFFFFFFFF1F000000F0FFFFFF77
:10A3F000FFFFFF1F00803FF0FFFFFBFFFFFF1F007D
:10A40000C03FF0FFFFF3FFFFFF1F00C03FF0FFFF63
:10A41000E3FFFFFF1F00C03FF0FFFF83FFFFFF1FB1
:10A4200000C03FF0FFFF03FFFFFF1F00C03FF0FF32
:10A43000FF03FEFFFF1F00C03FF0FFFF03F8FFFF19
:10A440001F00C03FF0FFFF03F0FFFF1F00C03FF001
:10A45000FFFF03E0FFFF1F00C03FF0FFFF0380FF8F
:10A46000FF1F00C03FF0FFFF0300FFFF1F00C03FC2
:10A47000F0FFFF0300FEFF1F00C03FF0FFFF0300DF
:10A48000F8FF1F00C03FF0FFFF0300F0FF1F00C0F8
:10A490003FF0FFFF0300E0FF1F00C03FF0FFFF039E
:10A4A00000F0FF1F00C03FF0FFFF0300F8FF1F0098
:10A4B000C03FF0FFFF0300FEFF1F00C03FF0FFFFA3
:10A4C0000300FFFF1F00C03FF0FFFF0380FFFF1FDF
:10A4D00000C03FF0FFFF03E0FFFF1F00C03FF0FFA1
:10A4E000FF03F0FFFF1F00C03FF0FFFF03F8FFFF77
:10A4F0001F00C03FF0FFFF03FEFFFF1F00C03FF043
:10A50000FFFF03FFFFFF1F00C03FF0FFFF83FFFFC0
:10A51000FF1F00C03FF0FFFFE3FFFFFF1F00C03F32
:10A52000F0FFFFF3FFFFFF1F00C03FF0FFFFFBFF47
:10A53000FFFF1F00C03FF0FFFFFFFFFFFF1F00C036
:10A540003FF0FFFFFFFFFFFF1F00C03FF0FFFFFFD7
:10A55000FFFFFF1F00C03FF0FFFFFFFFFFFF1F00D7
:10A56000C03FF0FFFFFFFFFFFF1F00C03FF0FFFFF6
:10A57000FFFFFFFF1F00C03FF0FFFFFFFFFFFF1FB8
:10A5800000C03FE0FFFFFFFFFFFF0F00C03FE0FF05
:10A59000FFFFFFFFFF0F00C03FE0FFFFFFFFFFFFD8
:10A5A0000F00C03FC0FFFFFFFFFFFF0700C03FC01D
:10A5B000FFFFFFFFFFFF0700C03F00FFFFFFFFFFA0
:10A5C000FF0100C03F00F8FFFFFFFF7F0000C03F1A
:10A5D000000000000000000000C03F00000000007C
:10A5E00000000000C03F000000000000000000C0AC
:10A5F0003F000000000000000000C03F000000001D
:10A600000000000000C03F0000000000000000004B
:10A6100080FFFFFFFFFFFF7F00000080FFFFFFFFC5
:10A62000FFFF7F00000080FFFFFFFFFFFF7F0000B4
:10A630000080FFFFFFFFFFFF7F00000000FFFFFF24
:10A64000FFFFFF7F00000000FEFFFFFFFFFF7F0016
:10A65000000000FCFFFFFFFFFF7F00000000C0FFC5
:10A66000FFFFFFFF7F00000000000000000000006F
:10A6700000000000000000000000000000000000DA
:10A6800000000000000000000000000000000000CA
:10A6900000000000000000000000000000000000BA
:10A6A000000000000000000000000000CCA6000830
:10A6B00000000020A80000003427000874A700084C
:10A6C000A8000020100C0000442700080000000033
:10A6D000423000080C000C00180014002232000860
:10A6E0001000100020001400A23400081400140010
:10A6F0003C001400523900081800180048004100BE
:10A700009A4B000820002000800014009A55000891
:10A7100010002000400000005A6D00080C001800D6
:10A72000300000002A7F00080A0014002800000002
:10A73000028E00080800100010000000F2930008CC
:10A7400006000C000C0000000000000000000000EB
:10A75000007A030A00000000000000000102030468
:10A7600006070809000000000102030401020304B7
:04A7700006070809C7
:040000050800018965
:00000001FF
