:020000040800F2
:10000000B80C00209D010008972000082B0800086C
:100010009520000819070008DD25000800000000F1
:100020000000000000000000000000009D23000808
:100030001B07000800000000992000085524000854
:10004000B7010008B7010008B7010008B7010008B0
:10005000B7010008B7010008B7010008B7010008A0
:10006000B7010008B7010008B7010008B701000890
:10007000B7010008B7010008B7010008B701000880
:10008000B7010008B7010008B7010008B701000870
:10009000B7010008B7010008B7010008B701000860
:1000A000B7010008B7010008B7010008B701000850
:1000B000B7010008B7010008B7010008B701000840
:1000C000B7010008B7010008B7010008B701000830
:1000D000B7010008B7010008B7010008B701000820
:1000E000B7010008B7010008B7010008B701000810
:1000F000B7010008B7010008B7010008B701000800
:10010000B7010008B7010008B7010008B7010008EF
:10011000B7010008B7010008B7010008B7010008DF
:10012000B7010008B7010008B7010008B7010008CF
:10013000B7010008B7010008B7010008B7010008BF
:10014000B7010008B7010008B7010008B7010008AF
:10015000B7010008B7010008B7010008B70100089F
:10016000B7010008B7010008B7010008B70100088F
:10017000B7010008B7010008B7010008B70100087F
:10018000B7010008B7010008DFF80CD000F0A2FAB0
:1001900000480047292F0008B80C00200648804777
:1001A00006480047FEE7FEE7FEE7FEE7FEE7FEE75C
:1001B000FEE7FEE7FEE7FEE7592400088901000894
:1001C0002DE9FE4F804681EA0300C00F0C460090E7
:1001D00021F0004123F00045B8EB0200A94105D20F
:1001E0004046214690461C460B46024623F00040FE
:1001F000104347D0270DC7F30A00C3F30A510290FA
:10020000401A019040286BDAC3F3130040F4801BBE
:100210000098924620B10023D2EB030A63EB0B0B4C
:1002200001985946C0F14002504600F036F90646A2
:100230000D4650465946019A00F03EF910EB080071
:100240006141002487EA115284EAE7731A4340D0DF
:10025000009A62B3019A012A4FEA075215DC001B8B
:1002600061EB02014FF0004202EA0752CDE9004281
:10027000001C41F5801132462B4600F03EF903B0D8
:10028000BDE8F08F40462146F9E7001B61EB020113
:10029000001C41F5801300185B412018A2F50017DF
:1002A00047EB030140EAD570B6196D4111E06D08C6
:1002B0004FEA360645EAC0754FEA0752001B61EB6C
:1002C0000201001C41F5801149084FEA3000001975
:1002D000514132462B4603B0BDE8F04F00F0FEB866
:1002E0000098012240000023D0EB020263EBE07390
:1002F000009821464FEAE074B8EB000061EB04017E
:10030000E9E783F000435BE781F0004158E72DE91E
:10031000FE4F81EA030404F0004421F00041009400
:100320004FF0000B23F0004350EA01045ED052EA84
:1003300003045BD0C3F30A54C1F30A552C44A4F25E
:10034000F3340194A0FB0254C1F3130141F4801172
:10035000C3F3130343F4801301FB024400FB034E79
:10036000840A970A44EA815447EA8357A4FB076842
:1003700002958D0A05FB07854FEA932C04FB0C546C
:100380002705029D4FEA065847EA1637B5EB0805E0
:100390006EEB070C870E920E47EA811742EA831232
:1003A000A7FB0201B6EB0B0164EB00042B0D43EA43
:1003B0000C335E1844EB1C50DA465146E7FB020151
:1003C000C5F313044FEA0B3343EA14534FEA0432E4
:1003D000019C43EA0603A4F10C040294009CCDE9BD
:1003E00000B400F08AF803B0BDE8F08F00200146A9
:1003F000F9E70EB540F2334102910021CDE9001139
:100400000A460B4600F079F803B000BD30B50B4644
:10041000014600202022012409E021FA02F59D4234
:1004200005D303FA02F5491B04FA02F52844151E08
:10043000A2F10102F1DC30BD2DE9F05F054600209C
:1004400092469B4688460646814640241BE0284645
:1004500041464746224600F04FF953465A46C01AD5
:10046000914110D311461846224600F016F82D1A75
:1004700067EB01084F4622460120002100F00DF8ED
:1004800017EB00094E41201EA4F10104DFDC4846B1
:1004900031462A464346BDE8F09F202A04DB203A35
:1004A00000FA02F1002070479140C2F1200320FAC7
:1004B00003F3194390407047202A06DBCB17203AFC
:1004C00041FA02F043EAE07306E041FA02F3D04059
:1004D000C2F12002914008431946704710B5141E1E
:1004E00073F1000408DA401C41F1000192185B41ED
:1004F0001A4301D120F0010010BD2DE9F04D9246C4
:100500009B4611B1B1FA81F202E0B0FA80F22032DA
:100510009046FFF7C2FF04460F4640EA0A0041EA50
:100520000B0153465A46084313D0114653EA0100C3
:1005300019D0C8F14002504600F0DEF805460E46DC
:10054000504659464246FFF7A8FF084305D0012010
:1005500004E020463946BDE8F08D0020054346EA18
:10056000E0762C4337430A986305E40AA0EB0800C1
:100570000022FD0A44EA47540A3002D50020014611
:10058000E9E7010510196941DDE9084500196941EC
:10059000BDE8F04DA2E72DE9F04D81EA030404F037
:1005A000004B21F0004514464FF0000A23F00041B3
:1005B00050EA050220D054EA01021DD0C5F30A57C3
:1005C0000246C5F31303C1F31300C1F30A5640F406
:1005D000801543F48013A7EB0608101BD64608F2DB
:1005E000FD3873EB050002D308F1010801E0921811
:1005F0005B41B8F1000F03DA00200146BDE8F08D41
:1006000000204FF48011064684460EE0171B73EB62
:10061000050705D3121B63EB050306434CEA010CE7
:1006200049084FEA300092185B4150EA0107EDD1CA
:1006300052EA030012D082EA040083EA050108436B
:1006400005D0101BAB4106D20122002306E0002298
:100650004FF0004302E06FF0010253101AEB060066
:100660004CEB085110EB0A0041EB0B01BDE8F04DDB
:10067000FFF734BFC1F30A52C1F3130140F2FF3355
:1006800041F480119A4202DA00200146704740F29C
:1006900033439A42A2F2334202DC524200F02CB8B9
:1006A000FFF7FBBE30B5041E71F1000404DB4FF010
:1006B0000044404264EB0101141E73F1000405DBA9
:1006C0001C464FF00043524263EB0403994208BFBB
:1006D000904230BD064C074D06E0E06840F0010353
:1006E00094E8070098471034AC42F6D3FFF750FD6A
:1006F000C4A50008E4A50008202A04DB203A21FA5A
:1007000002F00021704721FA02F3D040C2F120022A
:100710009140084319467047FEE770470A484FF476
:100720007A710068B0FBF1F0401EB0F1807F0AD210
:100730004FF0E0214861054AF02082F8140D0020B6
:100740008861072008617047840000200FE000E006
:100750000249086008680028FCD1704700000020AA
:10076000F0B50023012403270D6804FA03F21540B5
:10077000954242D1D0F800C05E0007FA06F52CEA97
:10078000050CC0F800C091F804C0D0F800E00CFAE5
:1007900006FC4CEA0E0CC0F800C091F804C0BCF195
:1007A000010F02D0BCF1020F1FD1D0F808C02CEA13
:1007B000050CC0F808C091F805C0D0F808E00CFAA4
:1007C00006FC4CEA0E0CC0F808C0D0F804C02CEAB5
:1007D000020CC0F804C0426891F806C00CFA03FC91
:1007E0001FFA8CFC42EA0C024260C268AA43C26053
:1007F000CA79C568B2402A43C2605B1C102BB3D3D0
:10080000F0BD4B07DB0E9A40C90810B500EB810024
:10081000016A0F249C40A1430162016A11430162F5
:1008200010BD4183704701837047FEE71CB501216D
:10083000042001F033FC00208DF8040001218DF824
:1008400007108DF805000220009069460148FFF767
:1008500087FF1CBD000802402DE9F041204C00211B
:10086000A089401E83B26089401E82B2084600F013
:1008700053FD1C48018821F040010180018841F4AA
:1008800000610180018841F040010180164EC513CE
:100890007583A288134997B20023B4F80CE06289EB
:1008A000083101F1040C02FB0EF205E0ACF8007017
:1008B0000C88A407FCD55B1C9A42F7D80A8812065C
:1008C000FCD43583018821F040010180018821F4A6
:1008D00000610180018841F040010180BDE8F081A4
:1008E000A8080020003C00400000024008B500239A
:1008F00041F288310DE000BFADF8003005E000BFE7
:10090000BDF80020521CADF80020BDF800208A423E
:10091000F6D3401EF0D208BD2DE9F05F0023203A47
:1009200002F0FF0B284A824689464FF400401C46DD
:1009300019465083DFF894E0254EDEF8000026E0EB
:100940000768DFF890C00BFB0272BCF80070BCF8BF
:1009500004C09D5C0022BFB21FFA8CFC5FEAC57820
:1009600002D026F8147001E026F814C0641C491C5B
:10097000B0F804806D0889B2A4B2884501D1002185
:1009800003E0521C92B2082AE8D35B1C9BB2028996
:100990009A42D5D8C288A9F1010111448BB281884D
:1009A000AAF10100084482B274464946504600F05C
:1009B000B3FC20688188C088BDE8F05F414389B2FC
:1009C000034801F0D9BA0000000002407C0000207A
:1009D000A8000020A80800202DE9F05FDFF8D080F3
:1009E00083468A46D8F804000023177805890668EC
:1009F00019465C1C05FB04FC16F80CC0BC4508D16C
:100A000004FB056492F801C06478644501D19946FD
:100A100004E09B1C44899BB29C42EAD80022134606
:100A2000C646244E27E00768DFF88CC009FB047433
:100A3000BCF80070BCF804C01D5D0024BFB21FFAF2
:100A40008CFC00BF5FEAC57802D026F8127001E086
:100A500026F812C0521C491CB0F804806D0889B2F7
:100A600092B2884501D1002103E0641CA4B2082C95
:100A7000E8D35B1C9BB204899C42D4D8C288AAF1FB
:100A8000010111448BB28188ABF10100084482B2AC
:100A900074465146584600F03FFC60688188C08823
:100AA000BDE8F05F414389B2024801F065BA000039
:100AB0007C000020A8000020A808002030B50546D2
:100AC000094887B00C46007A8DED000B50B107A1A4
:100AD00002A801F0A7FD02AA2146284600F02CF842
:100AE00007B030BD03A1F3E7A8080020252A2E2A6D
:100AF0006C66000025302A2E2A6C66007FB51E46E3
:100B0000094B05460C46187A1346324648B107A1F0
:100B1000684601F087FD6A462146284600F00CF839
:100B20007FBD03A1F4E70000A8080020252A640087
:100B300025302E2A640000002DE9F0411546884634
:100B400004460A4F0A4E08E041462046FFF7E4FEFD
:100B500038686D1C8088204484B27089A04202D914
:100B60002A78002AF0D1BDE8F08100007C00002046
:100B7000A80800202DE9F04114460F4605460E4E08
:100B800015E07F2A09D839462846FFF7C5FE3068A8
:100B9000641C8088284485B209E0224639462846EC
:100BA000FFF71AFF7068A41C8088284485B2227859
:100BB000002AE6D1BDE8F0817C0000202DE9F84F45
:100BC00081465542002602201E4F884600EB450410
:100BD000A9EB05003A6808EB060A00901FFA8AF1B3
:100BE00080B200F04BFA09EB050B1FFA8AF11FFAED
:100BF0008BF03A6800F042FAA8EB060A1FFA8AF175
:100C00001FFA8BF03A6800F039FA00981FFA8AF15F
:100C10003A6880B200F032FA2046B44208DC761C12
:100C200000EB4604641CF54202D1A84200DC00201F
:100C3000A84203DD6D1C04EB4504641C002DC7DDD8
:100C4000BDE8F88FA80800202DE9F05F00EE102A1B
:100C500080465742F8EEC00A00EE103A022000EB40
:100C60004704B8EEC00A00256C480E462DED028BF5
:100C70009A4267DD80EE808A4FEA000900EE105A42
:100C8000A8EB070BD9F80020B8EEC00AC0EE080A9E
:100C9000BCEEE00A10EE100A304481B21FFA8BF06D
:100CA00000F0ECF900EE105A08EB070AD9F8002022
:100CB000B8EEC00AC0EE080ABCEEE00A10EE100A58
:100CC000304481B21FFA8AF000F0D8F900EE105AD1
:100CD000D9F80020B8EEC00AC0EE080ABCEEE00A5F
:100CE00010EE100A301A81B21FFA8AF000F0C6F92D
:100CF00000EE105AD9F80020B8EEC00AC0EE080A7B
:100D0000BCEEE00A10EE100A301A81B21FFA8BF026
:100D100000F0B4F92046AC4208DC6D1C00EB450441
:100D2000641CEF4202D1B84200DC0020B84203DD6F
:100D30007F1C04EB4704641C002F9FDDBDEC028B7D
:100D4000BDE8F09F80EE208A5F420025814600BF0B
:100D500000EE105A06EB070A1FFA8AF1B8EEC00A35
:100D6000D9F80020C0EE080ABCEEE00A10EE100A26
:100D7000A8EB000080B200F081F900EE105A1FFAD3
:100D80008AF1D9F80020B8EEC00AC0EE080ABCEE1D
:100D9000E00A10EE100A404480B200F06FF900EE55
:100DA000105AA6EB070A1FFA8AF1B8EEC00AD9F862
:100DB0000020C0EE080ABCEEE00A10EE100A404423
:100DC00080B200F05BF900EE105A1FFA8AF1D9F8F0
:100DD0000020B8EEC00AC0EE080ABCEEE00A10EE31
:100DE000100AA8EB000080B200F048F92046AC429F
:100DF00009DC6D1C05EB45010C18641CEF4202D1A7
:100E0000B84200DC0020B84204DD7F1C07EB47003D
:100E10000444641C002F9BDD90E70000A80800201C
:100E20002DE9FF4F83B00746064604989B464FF4D2
:100E300080610090B1FBFBF0DDF84090144601901A
:100E400038194FF0000A401E554602906EE000200F
:100E5000F4EE000A27E000BF374B99F80020A3F515
:100E6000006EB3F800C09B8800211FFA8CFC9BB277
:100E70005FEAC27802D02EF815C001E02EF81530D6
:100E8000761CB6B26D1C5208A6EB0708ADB2A045A1
:100E900001D13E4603E0491C89B20829E8D3401C31
:100EA00009F1010980B200EE104AB8EE400A20EEC6
:100EB000201A00EE100AB8EE400AB4EEC01AF1EEA5
:100EC00010FAC9DC01986043A84216D1DDE900019F
:100ED00000EB0108A8F1010083B20298002582B25C
:100EE0003846009900F018FA0198604381B213481F
:100EF00001F042F81FFA88F000900AF10108D84585
:100F000012D1049902988A4482B21FFA8AF33846B1
:100F1000009900F001FA0099AAEB0100401C60431F
:100F200081B2064801F028F81FFA88FADA458ED314
:100F300007B0BDE8F08F0000A8080020A80000203E
:100F40002DE9FE4F0027141A002C00DC841A0FFA3A
:100F500084F85C1A002C00DCCC1A0FFA84FC06B270
:100F60000DB24FF0FF34824203D30120824601903C
:100F700001E0A24601948B4203D3012081460090F8
:100F800001E0A1460094E0454FF0000008DB8146F7
:100F9000019008EBD870C3464410CDF808C026E095
:100FA000824600200090E3460CEBDC70CDF8088010
:100FB0004410D8461BE01048A9B20268B0B200F055
:100FC0005DF80298204404B25C4508DBA4EB0B00FA
:100FD00004B20198304406B20098284405B206EBEA
:100FE0000A0006B205EB09007F1C05B23FB2474577
:100FF000E1DDBDE8FE8F0000A808002070B51446B2
:101000000C4A0B46A2F500651288002192B203E05B
:1010100025F81120491C89B2A142F9D30119491EB2
:101020008AB2194600F078F92146BDE870400248BE
:1010300000F0A2BFA8080020A800002070B50D4B4A
:101040001446A3F500651B8800229BB204E000BF94
:1010500025F81230521C92B2A242F9D30A19521E3C
:1010600093B2024600F058F92146BDE870400248AC
:1010700000F082BFA8080020A800002070B50B4631
:10108000024600F049F9074D4FF400446C830648CE
:10109000008880B200F0CAFF044801880906FCD429
:1010A0002C8370BD00000240A8080020083C0040CE
:1010B0002DE9F0411C4616460D460746FFF79EFFF8
:1010C0002819401E81B232463846FFF797FF224664
:1010D00029463846FFF7B2FFB81922462946BDE82F
:1010E000F041401E80B2FFF7A9BF2DE9F84F8B46B3
:1010F000032190460746A1EB4806002415464FF60B
:10110000FF7931E08DB1ABEB050081B2009009EAC7
:101110004502381B924680B2FFF790FF0098524676
:1011200081B2381980B2FFF789FF8CB1ABEB0400B4
:1011300081B2009009EA4402781B924680B2FFF720
:101140007DFF0098524681B2781980B2FFF776FF92
:10115000002E03DA06EB8406B61D04E0601B06EBE6
:1011600080066D1E0A36641CAC42CBD942465946F5
:101170003846BDE8F84FFFF721BD00002DE9F041EA
:101180001D4614464A19521E93B20219521E92B2BB
:1011900000F0C2F81A48018821F04001018001885E
:1011A00041F400610180018841F040010180154F48
:1011B000C6137E83144B124A002108321B8802F1A9
:1011C000040C9BB26C4306E0ACF800301588AD0708
:1011D000FCD5491C89B28C42F6DC11880906FCD486
:1011E0003E83018821F040010180018821F40061E3
:1011F0000180018841F040010180BDE8F0810000DC
:10120000003C004000000240A80800202DE9FC41FD
:101210000121CC03204600F04DFF01210B2000F0FE
:101220003DFF234E062203213046FFF7EAFA06224D
:1012300005213046FFF7E5FA02258DF8045003201A
:101240008DF8050000208DF806008DF807000820B5
:10125000009069463046FFF783FA202000906946E7
:101260003046FFF77DFA01208DF80400114F8DF80C
:101270000550694638460094FFF772FADFF8388067
:10128000A510694640460095FFF76AFAE6106946E0
:1012900040460096FFF764FA29464046FFF7C3FA36
:1012A0003C8331464046FFF7BCFABDE8FC810000B4
:1012B0000004024000000240000C024010B5012171
:1012C00086B0C80300F0F6FE4FF44040ADF80000D1
:1012D0004FF48270ADF802000020ADF80800ADF8C0
:1012E0000400ADF80C00ADF80600ADF80E004FF4A8
:1012F00000710720074CADF80A10ADF810006946E0
:10130000204600F041FF0121204600F033FF06B0E7
:1013100010BD0000003C00402DE9F047174E4FF48F
:1013200000459A4617468846814675832A2000F074
:101330005BFE134CA17B01EB090080B200F076FE4E
:10134000A07B384480B200F071FE2B2000F04CFEF0
:10135000E17B01EB080080B200F068FEE17B01EB6D
:101360000A0080B200F062FE2C2000F03DFE05482D
:1013700001880906FCD43583BDE8F08700000240EF
:10138000A8080020083C00400149086070470000A0
:101390007C0000204FF478414FF4FC6201EA1021F8
:1013A00002EA5012C0F3C4001143014301484160F6
:1013B00070470000A80800204FF478414FF4FC6209
:1013C00001EA102102EA5012C0F3C40011430143A4
:1013D0000148016070470000A80800202DE9F0478F
:1013E0001F4CDFF880A04FF400496072AAF81A90F1
:1013F000002514264FF48C774FF0F00830B1022806
:1014000009D001280CD0032816D020E0362000F0A7
:10141000EBFD702008E0362000F0E6FD00200FE034
:10142000362000F0E1FDA02000F00EFEA673E5736B
:101430006781A4F80C800AE0362000F0D5FDC020BA
:1014400000F002FEA573E673A4F80A80A78106489F
:1014500001880906FCD4AAF81890BDE8F0870000BE
:10146000A808002000000240083C00400C494860E9
:10147000808814280FD005DC0C280AD0102807D14A
:10148000084804E0182808D0202801D10648086040
:1014900070470648FBE70648F9E70648F7E700000B
:1014A0007C0000206400002040000020700000202C
:1014B000580000204C0000200149087270470000CD
:1014C000A80800202DE9F05F00240220FFF786FF26
:1014D0002448FFF7CBFF0020FFF76EFFDFF88C906A
:1014E000DFF884B0204D214E214FDFF88880DFF8EF
:1014F00088A009F17F090BF17F0B082C0AD2DFE8E5
:1015000004F004062426282A2C2E284600E0304623
:10151000FFF740FFFFF7A0F918A246210D20FFF7C3
:1015200029FB1AA26A210D20FFF724FB1CA28E21A1
:101530000D20FFF71FFB4FF47A70FFF709F9641CC9
:10154000E4B2082CD9D3BDE8F09F3846E0E7404626
:10155000DEE74846DCE75046DAE75846D8E76FF062
:101560007F40D5E7280000208080FF0080FF8000BA
:10157000FF80800080FFFF00A3A3A30053544D33DE
:101580003220CBA2C6C1B2E2CAD40000C6C1C4BBDD
:10159000B7D6B1E6C2CA3A3234302A323830000007
:1015A000BFD8D6C6C6F73A5354373738390000008B
:1015B00070B50020FFF7EEFEFFF74EF95948FFF730
:1015C00055FF6FF07F40FFF7F7FE57A21421002070
:1015D000FFF7D0FA00244FF47F0500BFA5EB0440CD
:1015E000FFF7EAFE0A2228212046FFF727FD641CA8
:1015F000A4B2F02CF2D300244FF47F45A5EB0420D5
:10160000FFF7DAFE0A2237212046FFF717FD641C98
:10161000A4B2F02CF2D30024C4F1FF00FFF7CCFEFB
:101620000A2246212046FFF709FD641CA4B2F02CD3
:10163000F2D35A243F48FFF7BFFE5F210A235A2204
:101640009620FFF79BFD3CA221460020FFF774FA8D
:101650003C48FFF7B1FE73210A235A229620FFF778
:101660008DFD6E2138A20020FFF766FA3A48FFF799
:10167000A3FE87210A235A229620FFF77FFD8221AD
:1016800036A20020FFF758FA3848FFF795FE9B2155
:101690000A235A229620FFF771FD962134A20020DA
:1016A000FFF74AFA48F28000FFF786FEAF210A23CF
:1016B0005A229620FFF762FDAA2130A20020FFF7F0
:1016C0003BFA4FF08010FFF777FEC3210A235A221E
:1016D0009620FFF753FDBE212BA20020FFF72CFA26
:1016E0002D48FFF769FED7210A235A229620FFF7DB
:1016F00045FDD22129A20020FFF71EFA2A48FFF754
:101700005BFEEB210A235A229620FFF737FDE621E4
:1017100026A20020FFF710FABDE870404FF4FA60EF
:10172000FFF716B81C000020524742C8FDBBF9C99C
:10173000AB3A0000FFFF80004C494748545F4359D3
:10174000414E0000FF80FF004C494748545F4D4127
:1017500047454E544100000080FFFF004C49474878
:10176000545F59454C4C4F5700000000A3A3A30001
:101770004C494748545F4752455900004441524B39
:101780005F4359414E0000004441524B5F4D414779
:10179000454E544100000000008080004441524BFF
:1017A0005F59454C4C4F5700404040004441524B1C
:1017B0005F475245590000002DE9F843294E2A4F52
:1017C0002A4DDFF8AC8000244FF47A790020FFF72F
:1017D000E1FDFFF741F82748FFF748FE3046FFF7E5
:1017E000EBFD34B1012C09D0022C31D0032C0DD1EA
:1017F00033E00220FFF7F2FD1FA203E00020FFF715
:10180000EDFD20A228211420FFF7B4F93846FFF798
:10181000D3FD53231A46642113200095FFF700FBE4
:101820001B48FFF723FE4046FFF7C6FD19A26E21B5
:101830008220FFF79FF919A296218220FFF79AF9DB
:101840004846FEF785FF641C042CBFDBBDE8F88327
:101850000320FFF7C3FD13A2D4E70120FFF7BEFD6D
:1018600015A2CFE7FBF9DFFF8DE5F6FF7E970008B5
:10187000A8D39DFF28000020446972656374696FD6
:101880006E5F5600446972656374696F6E5F4800ED
:1018900034000020C2B9D0A1B0E00000BFC6BCBC7B
:1018A00000000000446972656374696F6E5F565F83
:1018B000466C697000000000446972656374696F6A
:1018C0006E5F485F466C69700000000010B5002034
:1018D000FFF760FDFEF7C0FF6FF07F40FFF76CFD84
:1018E00000214FF48C73F0220846FFF7E1FB4FF420
:1018F0007F00FFF761FD1E2246218C20FFF7F5FBDC
:101900004FF47F40FFF758FD1E224621AA20FFF723
:10191000ECFBFF20FFF750FD1E224621C820FFF7F9
:10192000E4FB2948FFF748FD542371222E211A2099
:10193000FFF706FB65236A222A212320FFF700FB1D
:1019400078235D2228212D20FFF7FAFA80234522F3
:1019500024213420FFF7F4FA80232C2224213E2076
:10196000FFF7EEFA1948FFF727FD1E22BE21782067
:10197000FFF724F91422BE217820FFF71FF914483D
:10198000FFF71AFD28235A22BE217820FFF75CF9C1
:1019900028234622BE217820FFF756F90C487F30D5
:1019A000FFF70AFD32236422BE217820FFF74CF9AD
:1019B0003C236E22BE217820FFF746F9BDE8104097
:1019C0004FF4FA60FEF7C4BE00FFFF00FFFF800087
:1019D0008080FF0008B50020FFF7DCFCFEF73CFF2D
:1019E0001848FFF7E9FC1848532300901A462921AC
:1019F0001320FFF715FA1548FFF7DEFC14485323B0
:101A000000901A4629218D20FFF70AFA1148FFF7A6
:101A1000D3FC1148532300901A46A0211320FFF74E
:101A2000FFF90E48FFF7C8FC0D48532300901A46F3
:101A3000A0218D20FFF7F4F9BDE808404FF4FA60CB
:101A4000FEF786BE8DE5F6FF7E970008FBF9DFFF07
:101A50000F9B0008A8D39DFFA09E00085387FFFF9F
:101A600031A2000870B50020FFF794FCFEF7F4FEE9
:101A70006FF07F442046FFF79FFC5648FFF784FC39
:101A800055A214210020FFF757F85748FFF77CFCB8
:101A900056A234210020FFF74FF85A48FFF774FC94
:101AA00059A24C210020FFF747F85E48FFF76CFC75
:101AB0005DA260210020FFF73FF86348FFF764FC58
:101AC00062A270210020FFF737F82012FFF774FCA4
:101AD0005D48FFF759FC68A27C210020FFF72CF835
:101AE0005048FFF751FC6FA288210020FFF724F82F
:101AF0004448FFF749FC73A298210020FFF71CF827
:101B00003948FFF741FC76A2AC210020FFF714F81A
:101B10003048FFF739FC78A2C4210020FFF70CF809
:101B20007948FFF7A3FC7948FFF746FC78A2EC213F
:101B30000020FFF71FF84FF4FA652846FEF708FE6D
:101B4000FEF78AFE7548FFF791FC7548FFF734FCF5
:101B500074A21E210E20FFF70DF87648FFF786FCD1
:101B60007548FFF729FC75A232210E20FFF702F815
:101B70007648FFF77BFC7648FFF71EFC75A25021E4
:101B80000E20FEF7F7FF6048FFF770FC7548FFF77F
:101B900013FC75A26E210E20FEF7ECFF7648FFF7CE
:101BA00065FC7648FFF708FC75A296210E20FEF72B
:101BB000E1FF5548FFF75AFC2046FFF7FDFB74A2F2
:101BC000C8210E20FEF7D6FF2846BDE87040FEF77C
:101BD000BFBD0000400000202123242728292A2BF4
:101BE0002C2D2E30313233004C00002021232427AD
:101BF00028292A2B2C2D2E303132333435363738E4
:101C000000000000580000202123242728292A2B27
:101C10002C2D2E303132333435363738393A3B3C7F
:101C200000000000640000202123242728292A2BFB
:101C30002C2D2E303132333435363738393A3B3C5F
:101C40003D3E3F40414200007000002021232427F8
:101C500028292A2B2C2D2E30313233343536373883
:101C6000393A3B3C3D3E3F4041424344454647486C
:101C7000494A4B4C000000002123262728292A2B03
:101C80002C2D2E303132333435363738393A3B3C0F
:101C90003D3E3F404142434445464748494A4B4CFC
:101CA000000000002123262728292A2B2C2D2E3046
:101CB0003132333435363738393A3B3C3D3E3F409C
:101CC000414200002123262728292A2B2C2D2E30A3
:101CD0003132333435363738393A3B3C0000000076
:101CE0002123262728292A2B2C2D2E30313233343C
:101CF00035363738000000002123262728292A2BD3
:101D00002C2D2E30313233002800002000FFFF0040
:101D10004153434949D7D6B7FBBCAF00040000206C
:101D2000D1C68A00313231323AC2B9D0A1B0E0BF57
:101D3000C6BCBC0010000020A5E1C500313631361C
:101D40003AC2B9D0A1B0E0BFC6BCBC001C000020A4
:101D500049B5FF00323032303AC2B9D0A1B0E0BF4D
:101D6000C6BCBC005D58FF00323432343AC2B9D030
:101D7000A1B0E0BFC6BCBC0034000020B9B6FF0073
:101D8000333233323AC2B9D0A1B0E0BFC6BCBC00D6
:101D9000D6D0CEC4CFD4CABE000000002DE9F05F7B
:101DA0004FF000082DED088B464647469FED599BA6
:101DB0009FED5A8B4046FFF7EDFAFEF74DFD59486F
:101DC000FFF754FB5848FFF7F7FA58A21E210020EE
:101DD000FEF7D0FE57A23C210020FEF7CBFEDFF835
:101DE0005C914846FFF7E8FA55A264210020FEF70F
:101DF000C1FE56A282210020FEF7BCFEDFF854A1EE
:101E00005046FFF7D9FA54A2AA210020FEF7B2FEED
:101E100053A2C8210020FEF7ADFE0024CB469FED63
:101E200052AB9FED53BB4048FFF7C6FA0120FFF7C6
:101E300043FB04EB840006EB400204231E215020E8
:101E4000FEF75CFE604200EB800007EB40020423DB
:101E50003C215020FEF752FE5846FFF7ADFA012014
:101E6000FFF72AFBC4EB041000EB800508EB4502EA
:101E7000082364218220FEF741FE0020FFF71CFBAF
:101E8000822106EB450208230846FEF737FE50463E
:101E9000FFF792FA0120FFF70FFB2046FEF7A9FAA1
:101EA000894649EC100B054653EC1A2B51EC100BEC
:101EB000FEF72DFA53EC192BFEF782F941EC100BCB
:101EC00003230622AA216420FEF7F8FD49EC105BEB
:101ED00053EC1B2B51EC100BFEF719FA53EC182B9B
:101EE000FEF76EF941EC100B04230B22C82164208D
:101EF000FEF7E4FD0F20FEF72BFC641CA4B2642C5B
:101F000091D3BDEC088B40F6C410BDE8F05FFEF73E
:101F10001FBC00004AD8124DFB2109404ED1915CF4
:101F20007E4893C028000020FFFF8000D5FDCAFD39
:101F30003A000000B8BACAFD3A00000080FFFF0076
:101F4000CCEEB3E4BFD5B8F13A000000CCEEB3E478
:101F5000303A00008080FF00D5FDD0A1CAFD3A00D4
:101F6000B8BAD0A1CAFD3A009A9999999999B93FFE
:101F70007B14AE47E17A843FF0B5194A138823F009
:101F800040031380138843F400631380138843F0E5
:101F900040031380134ED5137583114C002308346E
:101FA000271D09E030F813C0A7F800C0B4F800C03E
:101FB0005FEA8C7CFAD55B1C8B42F3D32088000649
:101FC000FCD43583108820F040001080108820F465
:101FD00000601080108840F040001080F0BD0000CC
:101FE000003C0040000002402DE9F0410D4C074646
:101FF00020880006FCD40C4E4FF40055294630468C
:10200000FEF70FFC0748001D078020888007FCD5DD
:1020100020880006FCD429463046BDE8F041FEF792
:1020200002BC0000083C0040000C0240054A010AC6
:102030001180111F0B889B07FCD510800888800732
:10204000FCD570470C3C004003490880081F0188FC
:102050008907FCD5704700000C3C00401CB50121ED
:10206000042000F01BF801208DF8040000218DF8F9
:1020700006108DF80700064C8DF805100090694693
:102080002046FEF76DFB01212046FEF7CAFB1CBD72
:1020900000080240FEE7704770470000044A00292C
:1020A000116801D0014300E08143116070470000D6
:1020B00030380240044A0029116801D0014300E091
:1020C000814311607047000040380240044A0029F3
:1020D000116801D0014300E08143116070470000A6
:1020E0004438024070B5204A1168204C11F00C01B0
:1020F00004D06610042903D0082903D004601BE033
:10210000066019E01849091F0B68C3F380550B6876
:1021100003F03F0315B1B6FBF3F301E0B4FBF3F3B7
:102120000C680968C4F388146343C1F30141491C76
:102130004900B3FBF1F1016011680F2303EA1111AB
:102140000B4B5C5C0168E14041601468072505EABF
:1021500094241C5D21FA04F48460126805EA52326A
:102160009A5CD140C16070BD083802400024F40080
:10217000980000200029018802D041F0400101E0D0
:1021800021F040010180704730B502884C8802F48C
:1021900041530A88CD8822438C882C4322430C89E2
:1021A00022434C8922438C892243CC8922431A43FF
:1021B0000280828B22F400628283098A018230BD10
:1021C00070B5FFF723F8FFF779F80520FEF78EFBCF
:1021D0006C4D4FF400446C833620FFF705FF002060
:1021E000FFF732FF3A20FFF7FFFE0520FFF72CFF35
:1021F000B220FFF7F9FE0C20FFF726FF0C20FFF7B7
:1022000023FF0020FFF720FF3320FFF71DFF3320BF
:10221000FFF71AFFB720FFF7E7FE3520FFF714FF9F
:10222000BB20FFF7E1FE1920FFF70EFFC020FFF7EC
:10223000DBFE2C20FFF708FFC220FFF7D5FE0120B0
:10224000FFF702FFC320FFF7CFFE1220FFF7FCFECF
:10225000C420FFF7C9FE2020FFF7F6FEC620FFF7D7
:10226000C3FE0F20FFF7F0FED020FFF7BDFEA42035
:10227000FFF7EAFEA120FFF7E7FEE020FFF7B4FE3C
:10228000D020FFF7E1FE0420FFF7DEFE0D20FFF770
:10229000DBFE1120FFF7D8FE1320FFF7D5FE2B2021
:1022A000FFF7D2FE3F20FFF7CFFE5420FFF7CCFE12
:1022B0004C20FFF7C9FE1820FFF7C6FE0D20FFF7E0
:1022C000C3FE0B20FFF7C0FE1F20FFF7BDFE23203B
:1022D000FFF7BAFEE120FFF787FED020FFF7B4FE3C
:1022E0000420FFF7B1FE0C20FFF7AEFE1120FFF730
:1022F000ABFE1320FFF7A8FE2C20FFF7A5FE3F2022
:10230000FFF7A2FE4420FFF79FFE5120FFF79CFE3F
:102310002F20FFF799FE1F20FFF796FE1F20FFF7E3
:1023200093FE2020FFF790FE2320FFF78DFE212053
:10233000FFF75AFE1120FFF757FE7820FEF7D6FA76
:102340002920FFF751FE104801880906FCD42C8390
:102350000220FFF743F80020FFF71CF86FF07F40E2
:10236000FFF72AF8FEF778FA094908480860094992
:1023700000200872BDE870404FF480510648FEF717
:1023800052BA000000000240083C00404C0000200F
:102390007C000020A8080020000C024070470000CC
:1023A0000CB500202749019000900A6842F4803261
:1023B0000A604FF4A0430A6802F400320092019AC6
:1023C000521C0192009A12B9019A9A42F3D10A68FA
:1023D000920334D5012000901A484030026842F040
:1023E000805202601848026842F440420260154878
:1023F000083002680260026842F40042026002682B
:1024000042F4A0520260031F104A1A600A6842F0A8
:1024100080720A600A689201FCD50D4A40F205718B
:102420001160016821F003010160016841F00201BF
:1024300001600168C1F381010229FAD10CBD00904D
:102440000CBD0000003802400070004008544007F6
:10245000003C024000F02EB8124810B5016841F46B
:10246000700101601048016841F0010101600E4AED
:1024700000210832116002680C4B1A400260031DF3
:102480000B4A1A60026822F48022026006480C306F
:102490000160FFF785FF03494FF000608039086055
:1024A00010BD000088ED00E000380240FFFFF6FE9E
:1024B0001030002403480168002902D00168491E39
:1024C00001607047000000200029818902D041F49A
:1024D000005101E021F40051818170471CB50121B8
:1024E0000846FFF7DBFD02208DF8040000208DF880
:1024F000060001218DF807108DF8050048020B4CED
:10250000009069462046FEF72BF920150090694699
:102510002046FEF725F9072209212046FEF771F92A
:1025200007220A212046FEF76CF91CBD000002407C
:102530007FB50446008A0D4620F44051E8880843E0
:102540002082A08941F20C618843A9882A8911431D
:102550006A8902431143A181A08A20F44071A889AD
:102560000843A0826846FFF7BDFD1A48844202D0A6
:102570001948844201D1039800E00298A189090416
:1025800000EBC00101EB0010296801D5490000E013
:102590008900B0FBF1F26420B2FBF0F109010B09F4
:1025A0006FF018056B4302EB8302A3891D044FF003
:1025B000320306D503EBC202B2FBF0F000F00700D5
:1025C00005E003EB0212B2FBF0F000F00F0008434D
:1025D00020817FBD0010014000140140FEE7000093
:1025E0001FB501211020FFF771FDFFF777FF4FF4B2
:1025F000E13000900020ADF80800ADF804000C2197
:10260000074CADF80600ADF80A10ADF80C006946AD
:102610002046FFF78DFF01212046FFF755FF1FBD24
:10262000001001400FB4084B10B504A902AA03988A
:1026300000F0DEF8044602A9002000F070FC2046FD
:1026400010BC5DF814FB00001F2F000802E008C852
:10265000121F08C1002AFAD170477047002001E01C
:1026600001C1121F002AFBD1704700002DE9FF5F56
:1026700082B00021DDE90430020DDDF840B00343F3
:1026800018D044F61050A2F2FF32424315141198AC
:1026900001281FD0A5EB0B00401C5FEA000A4FF099
:1026A00000064E4FDFF83891B046504615D5CAF1B6
:1026B000000413E0119801244AA3012801D16FEA14
:1026C0000B010298119AC0E90031C0E9024206B03C
:1026D000BDE8F09FCBF10000DFE704460021404A4F
:1026E000491842EB0450CDE9001012E0E00707D092
:1026F00032463B4640464946FDF709FE804689463C
:1027000032463B4610461946FDF701FE06460F4687
:102710006410002CEAD1DDE90401DDE90023BAF1FF
:10272000000F06DAFDF7F3FD42464B46FDF7EFFDDD
:1027300005E0FDF730FF42464B46FDF72CFF04460F
:102740000E460022284BFDF7ADFF03D84FF0FF30B7
:10275000014607E00022254B20463146FDF730FDBB
:10276000FDF788FF102409E0002C0ADB0A22002371
:10277000FDF762FE039B30321A55641E50EA0102D7
:10278000F2D1641C039AC4F111031444119A012A72
:1027900003D0012208430DD10AE0084304D00020F1
:1027A0004FF0110B119072E7A3EB0B056D1E0DE0BE
:1027B0005B4504DD4FF0000205F1010504E003DA9A
:1027C0004FF00002A5F10105002AECD00298119902
:1027D000C0E90231C0E9004579E70000000014407B
:1027E0000000F03F300000000000F0430000E03F38
:1027F0002DE9FF4F95B09B468946064600250FE21E
:10280000252877D100242746F84A0121059400E0C5
:10281000044316F8013F203B01FA03F01042F7D1C0
:1028200030782A2811D06FF02F033078A0F13002D1
:10283000092A16D8059A44F0020402EB820203EB3F
:1028400042021044761C0590EFE759F8042B0592DC
:10285000002A03DA504244F40054059044F0020484
:10286000761C30782E2816D116F8010F44F0040497
:102870002A280DD06FF02F023078A0F13003092BF9
:1028800009D807EB870302EB4303C718761CF3E76D
:1028900059F8047B761C30786C280FD006DC4C2865
:1028A00017D068280DD06A2814D104E0742810D0FD
:1028B0007A280FD10DE044F400140AE044F48014A7
:1028C00001E044F440147278824202D104F580148D
:1028D000761C761C307866280BD013DC582877D00D
:1028E00009DC002875D04528F6D04628F4D04728C2
:1028F0001AD19DE118E0632835D0642879D0652885
:1029000012D195E1702873D008DC6728F1D06928CE
:102910006FD06E280DD06F2806D1B5E073282CD06B
:10292000752875D0782874D05A46179990476D1C31
:1029300075E1C4F30250022809D003280DD0D9F85C
:10294000001004280DD00D6009F1040967E1D9F8E1
:102950000010EA17C1E90052F6E7D9F800100D801F
:10296000F2E70D70F0E719F8041B8DF80010002055
:102970008DF80100EA46012003E059F804AB4FF05E
:10298000FF3061074FF0000102D40DE008F10101B2
:102990008846B9420FDA8045F8DB1AF8081000299A
:1029A000F4D108E008F1010188468142FADB1AF807
:1029B00008100029F6D105985B46A0EB08072146D0
:1029C0003846179A00F094FA284400EB080507E00F
:1029D0004DE029E10DE01AF8010B5A46179990478E
:1029E000B8F10108F7D25B4621463846179A13E141
:1029F00042E00A220092C4F302524FF0000A022A77
:102A000008D059F804CB032A4FEAEC710AD00DE044
:102A100029E02AE009F1070121F00702F2E802C1EA
:102A2000914609E00FFA8CFC4FEAEC71042A03D1BD
:102A30004FFA8CFC4FEAEC71002907DA0A460021B4
:102A4000DCF1000C61EB02012D2202E0220504D52D
:102A50002B228DF80420012203E0E20701D020227E
:102A6000F7E7904659E00A2102E010220DE010211C
:102A70004FF0000A00910BE010224FF0000A44F0E2
:102A800004040827009203E008224FF0000A009295
:102A9000C4F30252022A05D059F804CB0021032ABC
:102AA00008D009E009F1070121F00702F2E802C1AC
:102AB000914605E01FFA8CFC042A01D10CF0FF0CB2
:102AC0004FF00008220728D5702806D0009B83F01D
:102AD000100353EA0A0305D00EE040228DF80420CB
:102AE000012208E05CEA010206D030228DF80420C1
:102AF0008DF8050002229046009B83F0080353EAFC
:102B00000A030AD15CEA010201D1620705D530222D
:102B10008DF804204FF001087F1E582804D034A0FF
:102B200003900EA802900DE036A0F9E753466046E8
:102B3000009AFDF781FC84460398825C0298401E4F
:102B4000029002705CEA0100F0D1029806A9081A0E
:102B500000F1200A600702D524F4803400E0012748
:102B6000574502DDA7EB0A0000E0002000EB0A0158
:102B7000009005984144401A0590E00306D45B4656
:102B80002146179A059800F0B3F90544002706E09E
:102B900001A85A46C05D179990476D1C7F1C474598
:102BA000F6DBE0030CD55B462146179A059800F04A
:102BB0009FF9054404E030205A46179990476D1C50
:102BC0000099481E00900029F5DC08E0029802995F
:102BD0005A460078491C0291179990476D1CBAF12A
:102BE0000001AAF1010AF1DC65E1000009280100F9
:102BF0003031323334353637383961626364656673
:102C00000000000030313233343536373839414234
:102C1000434445460000000000F058F90544761C86
:102C2000307800287FF4ECAD19B02846BDE8F08F6D
:102C3000620700D4062709F1070222F0070CFCE81E
:102C40000223E14603F000485FEA080C02D00FF2CD
:102C5000702C0DE05FEA045C02D50FF2682C07E0EF
:102C60005FEAC47C02D00FF2602C01E0AFF2700C7E
:102C70004FF0FF3823F00043CDF850C065280CD04A
:102C800006DC452809D046281DD047283DD13DE027
:102C9000662818D067287ED138E00021112F01DB8B
:102CA000112000E0781CCDE9000106A90EA8FFF76D
:102CB000DDFCDDE90F010E9A03910021009207F17E
:102CC000010A04914DE04FF000400097CDE901105A
:102CD00006A90EA8FFF7CAFCDDE90F0203920E9BBE
:102CE00011990022DDF80CA00093049211B9791C0F
:102CF00000EB010AB7EB0A0004D4C0F1FF3007F182
:102D0000010A0490AAEB0700019044E0012F00DAC9
:102D100001270021112F01DD112000E03846CDE907
:102D2000000106A90EA8FFF7A1FCDDE90F010E9A2C
:102D30000391002104910092BA4621070CD4039913
:102D4000514500DA8A46BAF1010F05DD009AAAF171
:102D50000101515C302908D0B84202DA10F1040FA9
:102D600006DA0121CDE9011015E0AAF10101E9E738
:102D7000002805DC049901440491AAEB000102E05B
:102D8000411C514500DD8A460499401A401C0190BF
:102D90004FF000400290200704D40198504501DB19
:102DA000CDF8048000208DF84F0002980DF14F07F8
:102DB000B0F1004F25D02B200E9002984FF0020862
:102DC00000280CDA404202902D200E9007E00A21E4
:102DD0000298FDF71BFB3031029007F8011DB8F196
:102DE0000001A8F10108F2DC02980028EFD1791E59
:102DF0000E980870307800F0200040F0450007F889
:102E0000020D12A8C01B00F107081498007800B149
:102E1000012000EB0A01019801EBE07105984144A3
:102E2000401A401E0590E00306D45B462146179ADF
:102E3000059800F05DF805441498007818B15A46DA
:102E4000179990476D1CE00324D55B462146179ADD
:102E5000059800F04DF805441CE00498002807DBB5
:102E6000DDE90301884203DD0098405C179901E029
:102E7000179930205A469047049805F10105401CE7
:102E800004900198401E019004D12E205A461799B3
:102E900090476D1CBAF10001AAF1010ADDDC05E0E2
:102EA00017F8010B5A46179990476D1CB8F10001AD
:102EB000A8F10108F4DC5B462146179A0598ABE6B9
:102EC0002D0000002B000000200000002DE9F04143
:102ED000044600251E461746880404D405E03946FA
:102EE0002020B0476D1C641EF9D52846BDE8F0814E
:102EF0002DE9F041044600251E469046C80301D541
:102F0000302700E02027880404D505E041463846F4
:102F1000B0476D1C641EF9D52846BDE8F0810A68EB
:102F2000531C0B6010707047FDF7F8FBFFF796F825
:102F3000FDF77CFCFFF754FBFFF742F9FEF7C2FAFE
:102F4000FEF790FDFEF72AFFFEF732FBFEF7BEFC10
:102F5000FEF740FDFEF730FCF0E74000FE07920070
:102F6000FE079204FE0702008A04BA028A01AA043C
:102F70001907C2B920000000000000000000000096
:102F800000000000000000000000200020002000E1
:102F90002000240124022202220421042000200017
:102FA0003800D0A120000000000000000000000058
:102FB000000000000000000000002000A707220120
:102FC0002A012A012F01AA07260122011601130155
:102FD000C807B0E020000000000000000000000072
:102FE000000000000000000000000801270144016B
:102FF00004013F0144010E011607E501040104012B
:103000000401BFC620000000000000000000000016
:103010000000000000000000000084008400F407AD
:103020008F008400F4032C02270244018400440131
:103030003606BCBC200000000000000000000000BC
:103040000000000000000000000000000000000080
:103050000000000000000000000000000000000070
:103060000000000000000000000000000000000060
:103070000000000000000000000000000000000050
:103080000000000000000000000000000000000040
:103090000000000000000000000000000000000030
:1030A0000000000000000000000000000000000020
:1030B0000000000000000000000000000000000010
:1030C0000000000000000000000000000000000000
:1030D00000000000000000000000000000000000F0
:1030E00000000000000000000000000000000000E0
:1030F00000000000000000000000000000000000D0
:1031000000000000000000000000000000000000BF
:1031100000000000000000000000000000000000AF
:10312000000000000000000000000000000000009F
:103130000000000000000000000080000001FC7F93
:1031400044044404FC3F44244424FC3F140214225D
:10315000F41A12061222D122303CC2B9200000001B
:10316000000000000000000000000000000000005F
:1031700000000000000000000000800080008000CF
:103180008000800088088810882084208440824045
:10319000814080008000A0004000D0A120000000FD
:1031A000000000000000000000000000000000001F
:1031B00000000000000000000000000100011F7D71
:1031C00044114411441144115F7D44112411041130
:1031D0009C108710427C20001000B0E0200000000E
:1031E00000000000000000000000000000000000DF
:1031F000000000000000000000001008B8080F09DF
:1032000008090808BF0808091C092C080A78CA0F11
:1032100009080808080808080808BFC620000000B8
:10322000000000000000000000000000000000009E
:10323000000000000000000000000804080408046A
:10324000C87F3F0408040804A83F18210C110B1282
:10325000080A0804080A8A116460BCBC2000000047
:10326000000000000000000000000000000000005E
:10327000000000000000000000000000000000004E
:10328000000000000000000000000000000000003E
:10329000000000000000000000000000000000002E
:1032A000000000000000000000000000000000001E
:1032B000000000000000000000000000000000000E
:1032C00000000000000000000000000000000000FE
:1032D00000000000000000000000000000000000EE
:1032E00000000000000000000000000000000000DE
:1032F00000000000000000000000000000000000CE
:1033000000000000000000000000000000000000BD
:1033100000000000000000000000000000000000AD
:10332000000000000000000000000000000000009D
:10333000000000000000000000000000000000008D
:10334000000000000000000000000000000000007D
:10335000000000000000000000000000000000006D
:10336000000000000000000000000000000000005D
:10337000000000000000000000000000000000004D
:10338000000000000000000000000000000000003D
:10339000000000000000000000000000000000002D
:1033A000000000000000000000000000000000001D
:1033B0000000000000000000000000000000040009
:1033C000000C00F8EE03081100081100F8FF0108D6
:1033D0001101081101F8F701080801C8100148900F
:1033E00001C87300481002481402441302C4F003D9
:1033F000020000000000C2B9200000000000000030
:1034000000000000000000000000000000000000BC
:1034100000000000000000000000000000000000AC
:10342000000000000000000000000000000000009C
:10343000000000000000040000040000040000047C
:103440000000040040040060240020C40020840127
:10345000100403080403080402040402000400002A
:103460000400000400800700000200000000D0A15A
:10347000200000000000000000000000000000002C
:10348000000000000000000000000000000000003C
:10349000000000000000000000000000000000002C
:1034A0000000000000000000000000000000040018
:1034B000EC040010BC031044001044001044001041
:1034C0004500FC450010E503904400104400104402
:1034D00000D042003042000E410082F80740000058
:1034E000300000000000B0E02000000000000000FC
:1034F00000000000000000000000000000000000CC
:1035000000000000000000000000000000000000BB
:1035100000000000000000000000000000000000AB
:103520000000000000008000C081003C8000208876
:1035300000209000209000FC810020800060880026
:10354000B0900030810728F90024870022800020F5
:103550008000208000208000208000000000BFC686
:10356000200000000000000000000000000000003B
:10357000000000000000000000000000000000004B
:10358000000000000000000000000000000000003B
:10359000000000000000000000000000001010000B
:1035A000302000202000202000FCFF0320200020ED
:1035B0002000202000E0F801380401268400208843
:1035C000002048002070002030002048003C860386
:1035D000900102000000BCBC2000000000000000C0
:1035E00000000000000000000000000000000000DB
:1035F00000000000000000000000000000000000CB
:1036000000000000000000000000000000000000BA
:1036100000000000000000000000000000000000AA
:1036200000FCFF030000000000000000000000009C
:10363000F8FF010000000000000000000000000092
:103640000000FEFF07000000000000000000C8FDB1
:10365000200000000000000000000000000000004A
:10366000000000000000000000000000000000005A
:10367000000000000000000000000000000000004A
:10368000000000000000000000000000000000003A
:10369000000000000000000000102000FEFF0110EC
:1036A0002000F03F00102000F03F00102000FFFF3E
:1036B00003102100FCFF00030103FEFF01000000D6
:1036C000000000000000BBF9200000000000000026
:1036D00000000000000000000000000000000000EA
:1036E00000000000000000000000000000000000DA
:1036F00000000000000000000000000000000000CA
:1037000000000000000000000000000000000000B9
:1037100000400000F01F00181800040C00FFFF001C
:10372000048200048200FCFF000480000400000406
:103730000002F8FF01000000000000000000C9AB1B
:103740002000000000000000000000000000000059
:103750000000000000000000000000000000000069
:103760000000000000000000000000000000000059
:103770000000000000000000000000000000000049
:103780000000000000000000000000000000000039
:103790000000000000000000000000000000000029
:1037A0000000000000000000000000000000000019
:1037B0000000000000000000000000000000000009
:1037C00000000000000000000000000000000000F9
:1037D00000000000000000000000000000000000E9
:1037E00000000000000000000000000000000000D9
:1037F00000000000000000000000000000000000C9
:1038000000000000000000000000000000000000B8
:1038100000000000000000000000000000000000A8
:103820000000000000000000000000000000000098
:103830000000000000000000000000000000000088
:103840000000000000000000000000000000000078
:103850000000000000000000000000000000000068
:103860000000000000000000000000000000100048
:10387000003010F0FF3F104200104200104200F0F4
:10388000FF1F104208104208104208F0FF0F1020DE
:103890000890C00090410890410E904F0398C100DD
:1038A00088411088491084473084C13F02000000DD
:1038B0000000C2B92000000000000000000000006D
:1038C00000000000000000000000000000000000F8
:1038D00000000000000000000000000000000000E8
:1038E00000000000000000000000000000000000D8
:1038F00000000000000000000000000000000000C8
:103900000018000018000010000010000010000057
:103910001000809000801101C0100240100460105F
:103920001C30101810103008103004102000100047
:10393000001000001000001900001E00000C000024
:103940000000D0A1200000000000000000000000E6
:103950000000000000000000000000000000000067
:103960000000000000000000000000000000000057
:103970000000000000000000000000000000000047
:103980000000000000000000000000000000100027
:10399000003000FED13F2010022010022010022033
:1039A0001002201402FC150220140220D63F20121F
:1039B00002201202201002A009026008021C080264
:1039C00006040200020200F13FC0000020000000D7
:1039D0000000B0E020000000000000000000000037
:1039E00000000000000000000000000000000000D7
:1039F00000000000000000000000000000000000C7
:103A000000000000000000000000000000000000B6
:103A100000000000000000000000000000000004A2
:103A200000070CF80004C00004C06004C0C004C05B
:103A30000004FE0704C00004C02004E06004E0436A
:103A400004F04624D04474C8800FC87804C4040429
:103A5000C20004C00004C00004C00004C000044050
:103A60000004BFC6200000000000000000000000AD
:103A70000000000000000000000000000000000046
:103A80000000000000000000000000000000000036
:103A90000000000000000000000000000000000026
:103AA0000000000000000000000000000020800076
:103AB000608001608000608000608000FEFF3F60E9
:103AC0008000608000608000608200E0FD1F701058
:103AD000086E100C64200460200660400260400301
:103AE00060800160400364300E780C7C200310007D
:103AF0000000BCBC2000000000000000000000002E
:103B000000000000000000000000000000000000B5
:103B100000000000000000000000000000000000A5
:103B20000000000000000000000000000000000095
:103B30000000000000000000000000000000000085
:103B40000000000000000000C0F8FFC018C0CC1842
:103B5000C0CCF8FFCC18C0CC180CCC180CCCD8FFBB
:103B6000CCD8CCCCD8CCCCD8CCCCCCCCC0CCCCC089
:103B700004FCC0060C7E00000000000000000000F5
:103B80000000CBA2200000000000000000000000A8
:103B90000000000000000000000000000000000025
:103BA0000000000000000000000000000000000015
:103BB0000000000000000000000000000000000005
:103BC00000000000000000000000000000000000F5
:103BD000000000000000000000F8FF7F18006018DF
:103BE0000060F8FF7F180666180C06180803D8FF57
:103BF0007F180C06180C06F8FFFF0C0C060C0C06C0
:103C0000040606060306030106000000000000008B
:103C10000000C6C1200000000000000000000000FD
:103C20000000000000000000000000000000000094
:103C30000000000000000000000000000000000084
:103C40000000000000000000000000000000000074
:103C50000000000000000000000000000000000064
:103C60000000000000000200C084FFCC9CC1CC8892
:103C7000C1CC80D9CC83D9CC8ED9CC98D9CC80D9A1
:103C8000CC80D9CC88D9CC98CDCC0C0CCC0C36C0FF
:103C90000C63C0C6C1C074807D000000000000003D
:103CA0000000B2E220000000000000000000000060
:103CB0000000000000000000000000000000000004
:103CC00000000000000000000000000000000000F4
:103CD00000000000000000000000000000000000E4
:103CE00000000000000000000000000000000000D4
:103CF00000000000000002001B0C00731800433895
:103D0000000380FFFF0000031F000318000398FF5B
:103D100003181802181806981806D8188678188CF0
:103D200038F88D9C0F980800F0000000000000009B
:103D30000000CAD4200000000000000000000000C5
:103D40000000000000000000000000000000000073
:103D50000000000000000000000000000000000063
:103D60000000000000000000000000000000000053
:103D70000000000000000000000000000000000043
:103D8000000000000000008301FEFFFF008301F03F
:103D9000FF3F300030F0FF3F300030F0FF3F300C8D
:103DA00030000600FEFFFFC0300CF8FF7F67309840
:103DB00060301860301F003000000000000000007C
:103DC0000000C4BB20000000000000000000000054
:103DD00000000000000000000000000000000000E3
:103DE00000000000000000000000000000000000D3
:103DF00000000000000000000000000000000000C3
:103E000000000000000000000000000000000000B2
:103E100000000000000000630080C100C08001605D
:103E2000000330000618001C0E00700200C0F8FFEE
:103E30000F00030E00030E800106800106C000067D
:103E400060000738FC030E000000000000000000C6
:103E50000000B7D6200000000000000000000000B5
:103E60000000000000000000000000000000000052
:103E70000000000000000000000000000000000042
:103E80000000000000000000000000000000000032
:103E90000000000000000000000000000000000022
:103EA00000000018600C306018306010FEE1FF0068
:103EB000600082EDC1C46C636C6C36FE65FF3066D9
:103EC00018306618306018FEB1FF303018381818F6
:103ED0001C1C180E0E180202180000000000000042
:103EE0000000B1E62000000000000000000000001B
:103EF00000000000000000000000000000000000C2
:103F000000000000000000000000000000000000B1
:103F100000000000000000000000000000000000A1
:103F20000000000000000000000000000000000091
:103F3000000000000000003800007000FFFFFF00DC
:103F40003800064E608C6338D03F08001C002026E5
:103F500004F8C31CCFFFF1023041003000FFFFFF27
:103F600000300000300000300000000000000000C1
:103F70000000C2CA20000000000000000000000095
:103F80000000000000000000000000000000000031
:103F90000000000000000000000000000000000021
:103FA0000000000000000000000000000000000011
:103FB0000000000000000000000000000000000001
:103FC00000000030800030800130000330FEFFFE32
:103FD00006C03086C4304018303030301860F00FE2
:103FE000C03EF87F30000330000330000330000390
:103FF00030000330FFFF1E00000000000000000042
:104000000000BFD8200000000000000000000000F9
:1040100000000000000000000000000000000000A0
:104020000000000000000000000000000000000090
:104030000000000000000000000000000000000080
:104040000000000000000000000000000000000070
:104050000000000000008001609801608C0163FC9A
:104060003F63860163820163FFFF63800163800118
:1040700063FC7F638C61638C61638C61608C6160C5
:104080008C3D6080013F0000000000000000000047
:104090000000D6C620000000000000000000000064
:1040A0000000000000000000000000000000000010
:1040B0000000000000000000000000000000000000
:1040C00000000000000000000000000000000000F0
:1040D00000000000000000000000000000000000E0
:1040E000000000000000000000FCC77F0CC6600C50
:1040F000C660FCC77F0CC660003006FEFFFF006E86
:104100000000C701F0010F1F00F8FCC77F0CC6605C
:104110000CC660FCC77F0CC66000000000000000F9
:104120000000C6F7200000000000000000000000B2
:10413000000000000000000000000000000000007F
:10414000000000000000000000000000000000006F
:10415000000000000000000000000000000000005F
:10416000000000000000000000000000000000004F
:10417000000000000800001800003000FEFFFF06ED
:1041800000C00600C0E0FF0F00000700800100E053
:1041900000003000FFFFFF00300000300000300062
:1041A000003000801F000000000000000000000040
:1041B0000000D7D620000000000000000000000032
:1041C00000000000000000000000000000000000EF
:1041D00000000000000000000000000000000000DF
:1041E00000000000000000000000000000000000CF
:1041F00000000000000000000000000000000000BF
:1042000000000020800130C000F8DFFFC860068495
:10421000710C02390801100060000C70000CB8FF2E
:10422000FF3C000C36040C320C0C30180C30100C17
:1042300030000C30000C30E00700000000000000EF
:104240000000B7FB2000000000000000000000009C
:10425000000000000000000000000000000000005E
:10426000000000000000000000000000000000004E
:10427000000000000000000000000000000000003E
:10428000000000000000000000000000000000002E
:10429000000000000000C0300060E000F0FFFF38C8
:1042A0006000F6FFFF336000F0FFFF306000F0FFBA
:1042B000FF300000003000003000FEFFFF00FE0174
:1042C0008031077030380F30C0000000000000005F
:1042D0000000BCAF20000000000000000000000053
:1042E00000000000000000000000000000000000CE
:1042F00000000000000000000000000000000000BE
:1043000000000000000000000000000000000000AD
:10431000000000000000000000000000000000009D
:104320000000000000000018000018000018000045
:104330001800FCFF7F0C18600C18600C18600C183B
:10434000600C1860FCFF7F0C18600018000018005B
:104350000018000018000018000000000000000015
:104360000000D6D020000000000000000000000087
:10437000000000000000000000000000000000003D
:10438000000000000000000000000000000000002D
:10439000000000000000000000000000000000001D
:1043A000000000000000000000000000000000000D
:1043B000000000001C00003800006000FFFFFF60EC
:1043C000000C60000CC00006C000068001030083E2
:1043D0000100C700006C0000380000EE00C0830739
:1043E00078003C0600E00000000000000000000033
:1043F0000000CEC42000000000000000000000000B
:1044000000000000000000000000000000000000AC
:10441000000000000000000000000000000000009C
:10442000000000000000000000000000000000008C
:10443000000000000000000000000000000000007C
:10444000000000000000000000F8FF3F18003018D6
:104450000030F8FF3F180030180030F8FF3F180018
:104460003004C62008C63018C63830C61820C60822
:1044700000C600FEFFFF000000000000000000007A
:104480000000CFD420000000000000000000000069
:10449000000000000000000000000000000000001C
:1044A000000000000000000000000000000000000C
:1044B00000000000000000000000000000000000FC
:1044C00000000000000000000000000000000000EC
:1044D000000000000000000000FCFF7F0000000062
:1044E0000000000000000000FFFFFF00300020304F
:1044F0000430300C3830181830300C30600630C0C2
:10450000023080003000801F00000000000000002A
:104510000000CABE200000000000000000000000F3
:10452000000000000000000000000000000000008B
:10453000000000000000000000000000000000007B
:10454000000000000000000000000000000000006B
:10455000000000000000000000000000000000005B
:10456000000000000000000000FEFFFF003000001F
:10457000300000300030300030300030300030F09B
:104580007F303000303000303000303000303000CC
:10459000303000FFFFFF00000000000000000000BE
:1045A0000000D5FD20000000000000000000000019
:1045B00000000000000000000000000000000000FB
:1045C00000000000000000000000000000000000EB
:1045D00000000000000000000000000000000000DB
:1045E00000000000000000000000000000000000CB
:1045F000000000000000000300800100C0FF076011
:1046000000033880010C6000F4FF3F300030303090
:104610003030303030303030303030303030F830D2
:1046200000980300070EE001781E00C000000000A3
:104630000000B8BA200000000000000000000000E8
:10464000000000000000000000000000000000006A
:10465000000000000000000000000000000000005A
:10466000000000000000000000000000000000004A
:10467000000000000000000000000000000000003A
:10468000000000000000003000003000003000009A
:10469000300060300630300C30301C1830381830A4
:1046A000300C30600E30E00630C002308000300048
:1046B000003000C01F0000000000000000000000EB
:1046C0000000D0A120000000000000000000000059
:1046D00000000000000000000000000000000000DA
:1046E00000000000000000000000000000000000CA
:1046F00000000000000000000000000000000000BA
:1047000000000000000000000000000000000000A9
:10471000000000000000C00003C60C01C48601C0F8
:1047200080FFFECF60E0C060F8E360CCFE31C3984C
:1047300031308031FF0F1B0C0C1B06060E3C070EA0
:10474000E0031BE0C3313C76E00718800000000066
:104750000000CAFD20000000000000000000000072
:104760000000000000000000000000000000000049
:104770000000000000000000000000000000000039
:104780000000000000000000000000000000000029
:104790000000000000000000000000000000000019
:1047A00000000000000030000330000330FEFF3046
:1047B0000003300003FFFD7F300C6030FC7F300CC5
:1047C0006030FC7F300C60B0FD7F780C6007FFFF2D
:1047D00000601C001CF080030000000000000000CE
:1047E0000000CCEE200000000000000000000000EF
:1047F00000000000000000000000000000000000B9
:1048000000000000000000000000000000000000A8
:104810000000000000000000000000000000000098
:104820000000000000000000000000000000000088
:10483000000000000000000800001800003800FF21
:10484000FFFF000E00808301C0000770000CFCFF1A
:104850003F00C32000C30080C10080C1C0E0C0C0D1
:1048600038C0C007807F000000000000000000008A
:104870000000B3E420000000000000000000000081
:104880000000000000000000000000000000000028
:104890000000000000000000000000000000000018
:1048A0000000000000000000000000000000000008
:1048B00000000000000000000000000000000000F8
:1048C000000000000000003800007000FEFFFF063E
:1048D00000C00686C3C0011E3800700600C000007C
:1048E00000F8FF3F00180000180000180000180032
:1048F000001800FEFFFF00000000000000000000A4
:104900000000BFD5200000000000000000000000F3
:104910000000000000000000000000000000000097
:104920000000000000000000000000000000000087
:104930000000000000000000000000000000000077
:104940000000000000000000000000000000000067
:1049500000000000000030600030300030F07F3098
:104960007870FF5B3830CC0CF88007B8C10F3C7A08
:1049700078360EC033F87F31186030186030186018
:1049800030186030F87F3018600000000000000030
:104990000000B8F12000000000000000000000004E
:1049A0000000000000000000000000000000000007
:1049B00000000000000000000000000000000000F7
:1049C00000000000000000000000000000000000E7
:1049D00000000000000000000000000000000000D7
:1049E00000000000000000000000000000000000C7
:1049F00000000000000000000000000000000000B7
:104A000000000000000000000000000000000000A6
:104A10000000000000000000000000000000000096
:104A20000000000000000000000000000000000086
:104A30000000000000000000000000000000000076
:104A40000000000000000000000000000000000066
:104A50000000000000000000000000000000000056
:104A60000000000000000000000000000000000046
:104A70000000000000000000000000000000000036
:104A80000000000000000000000000000000000026
:104A90000000000000000000000000000000000016
:104AA0000000000000000000000000000000000006
:104AB0000000000000000000000000800000000076
:104AC0000300000003002000020CE0FFFF1F603025
:104AD0000C0060300C0060300C04E0FFFF0F603011
:104AE0000C0460300C0460300C0460300C04E0FFF7
:104AF000FF07600000046000040060041C00600CFC
:104B00000C0460040C0F60C48C0320FCED00200436
:104B10001C0030040C0010040D0810C40C080834EC
:104B20000C18081E1838040CF81F020000000000C2
:104B30000000C2B9200000000000000000000000DA
:104B40000000000000000000000000000000000065
:104B50000000000000000000000000000000000055
:104B60000000000000000000000000000000000045
:104B70000000000000000000000000000000000035
:104B80000000000000000000000000000000000025
:104B90000000000000000000000000000000000015
:104BA0000000000000000000000000000000000005
:104BB00000000000000000000000008000000080F5
:104BC00007000080010000800100008001000080DB
:104BD0000100008001000080010000820100008EC1
:104BE00021000086410000878100008381018081CF
:104BF000010380810106C080010E4080011C60809D
:104C0000011C3080011810800118088001100480F8
:104C10000100008001000080010000800100008C84
:104C2000010000F0010000E0000000400000000072
:104C30000000D0A1200000000000000000000000E3
:104C40000000000000000000000000000000000064
:104C50000000000000000000000000000000000054
:104C60000000000000000000000000000000000044
:104C70000000000000000000000000000000000034
:104C80000000000000000000000000000000000024
:104C90000000000000000000000000000000000014
:104CA0000000000000000000000000000000000004
:104CB00000000000000000000000000001000000F3
:104CC0000700000C0318FC1FFF3FC0008301C00059
:104CD0008301C0008301C0008301C0008301C000C4
:104CE0008301C0248301FC2F8301C0208309C020DD
:104CF000FF1FC0308301C0188101C0008101C000C6
:104D00008101C0908101C08C8101C0838001F0C00D
:104D100080013E4080010C2080010030801100089D
:104D2000FE3F0006000000010000C000000000007F
:104D30000000B0E0200000000000000000000000C3
:104D40000000000000000000000000000000000063
:104D50000000000000000000000000000000000053
:104D60000000000000000000000000000000000043
:104D70000000000000000000000000000000000033
:104D80000000000000000000000000000000000023
:104D90000000000000000000000000000000000013
:104DA0000000000000000000000000000000000003
:104DB00000000000000000000000000000010030C2
:104DC0000007003C0003E00700031C03000300038E
:104DD000060300030C030003180300031803002359
:104DE0000003FC7F000300030003000302038003B1
:104DF0000603800F0C03C03B0803403300336023DD
:104E0000003F2023F00310830F0308630003040313
:104E10000003020300030003000300030003000378
:104E20000003000300030003000300010001000071
:104E30000000BFC6200000000000000000000000CD
:104E40000000000000000000000000000000000062
:104E50000000000000000000000000000000000052
:104E60000000000000000000000000000000000042
:104E70000000000000000000000000000000000032
:104E80000000000000000000000000000000000022
:104E90000000000000000000000000000000000012
:104EA0000000000000000000000000000000000002
:104EB00000000000000000000000800010008003DF
:104EC00070008001300080013000800130008001DE
:104ED000300080193018FCFFFF3F80013000800156
:104EE000300080013000800130008031300480CDFE
:104EF000FF0F80030106F0010106BC0102038C01D3
:104F0000020380018601800184018001CC008001C0
:104F1000680080017000800178008001EC00800151
:104F2000C703F881011FE071003E400C0000000043
:104F30000000BCBC200000000000000000000000D9
:104F40000000000000000000000000000000000061
:104F50000000000000000000000000000000000051
:104F60000000000000000000000000000000000041
:104F70000000000000000000000000000000000031
:104F80000000000000000000000000000000000021
:104F90000000000000000000000000000000000011
:104FA0000000000000000000000000000000000001
:104FB00000000000000000000000000000000000F1
:104FC00000000000000000000000000000000000E1
:104FD00000000000000000000000000000000000D1
:104FE00000000000000000000000000000000000C1
:104FF00000000000000000000000000000000000B1
:1050000000000000000000000000000000000000A0
:105010000000000000000000000000000000000090
:105020000000000000000000000000000000000080
:105030000000000000000000000000000000000070
:105040000000000000000000000000000000000060
:105050000000000000000000000000000000000050
:105060000000000000000000000000000000000040
:105070000000000000000000000000000000000030
:105080000000000000000000000000000000000020
:105090000000000000000000000000000000000010
:1050A0000000000000000000000000000000000000
:1050B00000000000000000000000000000000000F0
:1050C00000000000000000000000000000000000E0
:1050D00000000000000000000000000000000000D0
:1050E00000000000000000000000000000000000C0
:1050F00000000000000000000000000000000000B0
:10510000000000000000000000000000000000009F
:10511000000000000000000000000000000000008F
:10512000000000000000000000000000000000007F
:10513000000000000000000000000000000000006F
:10514000000000000000000000000000000000005F
:10515000000000000000000000000000000000004F
:10516000000000000000000000000000000000003F
:10517000000000000000000000000000000000002F
:10518000000000000000000000000000000000001F
:10519000000000000000000000000000000000000F
:1051A00000000000000000000000000000000000FF
:1051B00000000000000000000000000000000000EF
:1051C00000000000000000000000000000000000DF
:1051D00000000000000000000000000000000000CF
:1051E00000000000000000000000000000000000BF
:1051F00000000000000000000000000000000000AF
:10520000000000000000000000000000000000009E
:10521000000000000000000000000000000000008E
:10522000000000000000000000000000000000007E
:10523000000000000000000000000000000000006E
:10524000000000000000000000000000000000005E
:10525000000000000000000000000000000000004E
:10526000000000000000000000000000000000003E
:10527000000000000000000000000000000000002E
:10528000000000000000000000000000000000001E
:10529000000000000000000000000000000000000E
:1052A00000000000000000000000000000000000FE
:1052B00000000000000000000000000000000000EE
:1052C00000000000000000000000000000000000DE
:1052D00000000000000000000000000000000000CE
:1052E00000000000000000000000000000000000BE
:1052F00000000000000000000000000000000000AE
:10530000000000000000000000000000000000009D
:10531000000000000000000000000000000000008D
:10532000000000000000000000000000000000007D
:10533000000000000000000000000000000000006D
:10534000000000000000000000000000000000005D
:10535000000000000000000000000000000000004D
:10536000000000000000000000000000000000003D
:10537000000000000000000000000000000000002D
:10538000000000000000000000000000000000001D
:10539000000000000000000000000000000000000D
:1053A00000000000000000000000000000000000FD
:1053B00000000000000000000000000000000000ED
:1053C00000000000000000000000000000000000DD
:1053D00000000000000000000000000000000000CD
:1053E00000000000000000000000000000000000BD
:1053F00000000000000000000000000000000000AD
:10540000000000000000000000000000000000009C
:10541000000000000000000000000000000000008C
:10542000000000000000000000000000000000007C
:10543000000000000000000000000000000000006C
:10544000000000000000000000000000000000005C
:10545000000000000000000000000000000000004C
:10546000000000000000000000000000000000003C
:10547000000000000000000000000000000000002C
:10548000000000000000000000000000000000001C
:10549000000000000000000000000000000000000C
:1054A00000000000000000000000000000000000FC
:1054B00000000000000000000000000000000000EC
:1054C00000000000000000000000000000000000DC
:1054D00000000000000000000000000000000000CC
:1054E00000000000000000000000000000000000BC
:1054F0000000000000000000000000000000C003E9
:10550000C003C003C003C003C00380038001800147
:105510008001800180018001800180010000000085
:1055200000008001C003C0038001000000000000F3
:10553000000000000000C018E01CE01C700E3006E7
:1055400018038C018400000000000000000000002F
:10555000000000000000000000000000000000004B
:10556000000000000000000000000000000000003B
:1055700000000000000000000000000000002010FB
:105580002010201020102010FE7FFE7FFE7F1008CC
:1055900010081008100810081008FE7FFE7FFE7F1C
:1055A000180C0804080408040804000000000000A7
:1055B0000000000000000000000080008000C00328
:1055C000B00C90189818981C981CB800B000F00007
:1055D000E000C0038007800F800C801C80189C189E
:1055E0009C188C188C0C9806E003800080008000CA
:1055F00000000000000000000000000000001C0887
:1056000036082204630463026302630263016301D8
:105610002201B61C9C364022406340632063206315
:105620001063106310220836081C00000000000000
:105630000000000000000000000000000000F0007A
:1056400098008C018C018C018C018C00CC005C00DA
:1056500038001C3E3C08320873086304E304C304AA
:105660008303834306678C3E781C00000000000023
:105670000000000000001C003C003C003000300036
:1056800010000C00060000000000000000000000F8
:10569000000000000000000000000000000000000A
:1056A00000000000000000000000000000000000FA
:1056B0000000000000000040002000100018000C56
:1056C0000004000600020003000380018001800145
:1056D00080018001800180018001800100030003BE
:1056E000000200060004000C00180010002000401A
:1056F0000000000000000200040008001800300054
:10570000200060004000C000C000800180018001D6
:10571000800180018001800180018001C000C00003
:10572000C0006000200030001800080004000200E3
:105730000000000000000000000000000000000069
:1057400000000003800380030C631C713839600D76
:1057500080038003600D38391C718C6180038003E5
:1057600080030000000000000000000000000000B6
:105770000000000000000000000000000000000029
:105780000000000000010001000100010001000113
:105790000001FC7F00010001000100010001000187
:1057A00000010000000000000000000000000000F8
:1057B00000000000000000000000000000000000E9
:1057C00000000000000000000000000000000000D9
:1057D00000000000000000000000000000000000C9
:1057E00000001C003C003C003000300010000C00A9
:1057F00006000000000000000000000000000000A3
:105800000000000000000000000000000000000098
:105810000000FE7F0000000000000000000000000B
:105820000000000000000000000000000000000078
:105830000000000000000000000000000000000068
:105840000000000000000000000000000000000058
:105850000000000000000000000000000000000048
:10586000000018003C003C00180000000000000090
:105870000000000000000000004000600020003038
:10588000001000180008000C0004000600020003CD
:10589000000180018000C000400060002000300056
:1058A0001000180008000C000400060002000000B0
:1058B0000000000000000000000000000000C00325
:1058C0006004300C1818181818100C300C300C30FC
:1058D0000C300C300C300C300C300C300C301810FC
:1058E00018181818300C6004C003000000000000F5
:1058F00000000000000000000000000000000001A7
:105900008001F80180018001800180018001800117
:10591000800180018001800180018001800180017F
:10592000800180018001C003F81F0000000000001A
:105930000000000000000000000000000000E00780
:10594000101C0818043004300C300C3000300018E3
:105950000018000C000600038001C0004000202059
:10596000102008200430FC1FFC1F00000000000075
:105970000000000000000000000000000000E00344
:1059800018060C0C0C180C180C1800180018000C39
:105990000006C003000E00180010003000300C306C
:1059A0000C300C100C18180CE00300000000000074
:1059B00000000000000000000000000000000006E1
:1059C0000006000700078006800640062006200625
:1059D0001006100608060C0604060206FE3F000626
:1059E0000006000600060006C03F000000000000A0
:1059F0000000000000000000000000000000F03F78
:105A0000F03F080008000800080008000800C80768
:105A1000280C1818081000300030003000300C300E
:105A20000C3004180418180CE003000000000000FB
:105A300000000000000000000000000000008007DF
:105A40006018301810181800080008000C00CC0767
:105A50006C0C1C181C100C300C300C300C300C3042
:105A6000183018103018700CC0070000000000003B
:105A70000000000000000000000000000000F83FEF
:105A8000F83F08100C080408040400040002000297
:105A90000002000100018000800080008000C00042
:105AA000C000C000C000C000C00000000000000036
:105AB0000000000000000000000000000000E007FF
:105AC000300C18180C300C300C301C301C107818AE
:105AD000F004E003180F0C1E0C1C063806300630CC
:105AE000063006300C18180CE0030000000000001F
:105AF0000000000000000000000000000000E003C3
:105B000018040C080C180610063006300630063053
:105B100006300E380C341836F031003000180018FA
:105B200000080C0C0C060C03F00100000000000043
:105B30000000000000000000000000000000000065
:105B40000000000000000000000000008001C00311
:105B5000C003800100000000000000000000000001
:105B600000008001C003C0038001000000000000AD
:105B70000000000000000000000000000000000025
:105B80000000000000000000000000000000C00154
:105B9000C001C00100000000000000000000000083
:105BA00000000000C001C001C0018001C000C000B1
:105BB00000000000000000000000000000000020C5
:105BC00000100008000400020001800040002000D6
:105BD00010000800080010002000400080000001B4
:105BE0000002000400080010002000000000000077
:105BF00000000000000000000000000000000000A5
:105C0000000000000000000000000000FE7F000017
:105C10000000000000000000FE7F00000000000007
:105C20000000000000000000000000000000000074
:105C30000000000000000000000000000000040060
:105C40000800100020004000800000010002000455
:105C5000000800100010000800040002000180008D
:105C600040002000100008000400000000000000B8
:105C70000000000000000000000000000000C0075D
:105C80003018183008600C601C601C601C6000300C
:105C90000018000E000300010001000100010000D7
:105CA00000008001C003C00380010000000000006C
:105CB0000000000000000000000000000000C0071D
:105CC0006008301018200C2B8C4D844CC64CC644F8
:105CD0006644664466446646662666266417CC0CAF
:105CE0000C40082018303018C007000000000000E9
:105CF0000000000000000000000000000000C001E3
:105D0000C001C001C0012003200320032003300292
:105D10001006100610061004F80F080C080C080CEA
:105D200004180418041806381F7C00000000000046
:105D30000000000000000000000000000000FE075E
:105D4000181C181818301830183018301830181857
:105D5000180CF80718181830182018601860186008
:105D60001860186018301818FE0F000000000000BE
:105D70000000000000000000000000000000C0075C
:105D80006038103018600C400C400C000600060013
:105D900006000600060006000600060006000C408D
:105DA0000C40082018103008C00700000000000058
:105DB0000000000000000000000000000000FE03E2
:105DC000180E18181810183018301860186018605D
:105DD0001860186018601860186018601820183073
:105DE0001830181818181806FE03000000000000EC
:105DF0000000000000000000000000000000FE3F66
:105E000018301820184018401800180018081808F2
:105E1000180CF80F180C18081808180018001800AB
:105E20001840184018201830FE3F00000000000005
:105E30000000000000000000000000000000FE3F25
:105E400018381820184018401800180018081808AA
:105E5000180CF80F180C1808180818081800180063
:105E600018001800180018007E0000000000000054
:105E70000000000000000000000000000000C0035F
:105E8000300C100818180C100C1004000600060046
:105E9000060006000600067E0618061804180C18F0
:105EA0000C18081818183004E00300000000000067
:105EB00000000000000000000000000000003FFCA7
:105EC0000C300C300C300C300C300C300C300C30F2
:105ED0000C30FC3F0C300C300C300C300C300C30E3
:105EE0000C300C300C300C303FFC00000000000087
:105EF0000000000000000000000000000000F81F8B
:105F00008001800180018001800180018001800189
:105F10008001800180018001800180018001800179
:105F20008001800180018001F81F00000000000056
:105F30000000000000000000000000000000E07F02
:105F40000006000600060006000600060006000621
:105F50000006000600060006000600060006000611
:105F6000000600060006000600060E060E038E015F
:105F7000FC000000000000000000000000007E3E69
:105F8000180C180418061802180118019800980037
:105F9000D800B801B8011803180318061806180C21
:105FA000180C180C181818187E7C0000000000004F
:105FB00000000000000000000000000000007E0063
:105FC0001800180018001800180018001800180011
:105FD0001800180018001800180018001800180001
:105FE0001840184018201830FE3F00000000000044
:105FF00000000000000000000000000000000FF0A2
:106000001C381C381C381C381C34343434343434B8
:106010003432343264326432643264314431C431F3
:10602000C431C430C43084308FFC00000000000054
:1060300000000000000000000000000000000FF859
:106040001C201C203420342064206420C420C42060
:10605000842184210423042304260426042C042CF4
:1060600004380438043004301F2000000000000011
:106070000000000000000000000000000000C0035D
:10608000300C181808100C300C3006200660066022
:1060900006600660066006600660066004600C30FC
:1060A0000C3008101818300CC0030000000000006D
:1060B0000000000000000000000000000000FE0FD3
:1060C0001818183018601860186018601860186088
:1060D00018301818F80718001800180018001800D1
:1060E00018001800180018007E00000000000000D2
:1060F0000000000000000000000000000000C003DD
:10610000300C181808100C300C3006600660066061
:106110000660066006600660066006600660E421B0
:106120001C331C36181E300EC007004C003C0038D3
:106130000000000000000000000000000000FE075A
:10614000181C181818301830183018301830181853
:10615000180CF80718031803180618061806180C68
:10616000180C180C181818187E7800000000000091
:106170000000000000000000000000000000F0131C
:10618000181E0C1806180610061006000E003C001B
:10619000F800E003800F001E0018003802300230C3
:1061A000063004300C181C0CE4070000000000004E
:1061B0000000000000000000000000000000FC3FA4
:1061C0008C218461824182418001800180018001B3
:1061D00080018001800180018001800180018001B7
:1061E0008001800180018001E007000000000000C4
:1061F00000000000000000000000000000003F7CE4
:106200000C100C100C100C100C100C100C100C10AE
:106210000C100C100C100C100C100C100C100C109E
:106220000C100C1018083804E003000000000000F7
:1062300000000000000000000000000000003E78A8
:1062400018301810181018103008300830083008AE
:1062500030046004600460046002C002C002C00236
:10626000C00180018001800080000000000000006B
:106270000000000000000000000000000000CFF35C
:1062800086618621842104210C238C238C238C138A
:106290008C138813481258165816580E380E300EA4
:1062A000300E300C30041004100400000000000018
:1062B00000000000000000000000000000003E7C24
:1062C000181018083008300460046002C002C001D1
:1062D0008001800180018003400340062006200EDB
:1062E000100C100C181808383E7C0000000000004C
:1062F00000000000000000000000000000007E7CA4
:106300001C101810180830083008300460046004AD
:10631000C002C002C00180018001800180018001B3
:106320008001800180018001E00700000000000082
:106330000000000000000000000000000000F87FE6
:10634000383018300C180418000C00060006000342
:10635000000380018001C000C000600060003000C8
:10636000184018600C200C38FE3F000000000000B0
:106370000000000000000000C03FC000C000C000DE
:10638000C000C000C000C000C000C000C000C0000D
:10639000C000C000C000C000C000C000C000C000FD
:1063A000C000C000C000C000C000C000C03F00006E
:1063B00000000000000000000000000018001800AD
:1063C000100030002000600060004000C00080002D
:1063D0008001800100010003000200060006000C9D
:1063E000000C000C00180018003000300030006075
:1063F0000000000000000000FC0300030003000395
:106400000003000300030003000300030003000374
:106410000003000300030003000300030003000364
:10642000000300030003000300030003FC0300005B
:10643000000000000000C003C00760041008000056
:10644000000000000000000000000000000000004C
:10645000000000000000000000000000000000003C
:10646000000000000000000000000000000000002C
:10647000000000000000000000000000000000001C
:10648000000000000000000000000000000000000C
:1064900000000000000000000000000000000000FC
:1064A00000000000000000000000000000000000EC
:1064B000FFFF000000007800C000000100000000A5
:1064C00000000000000000000000000000000000CC
:1064D00000000000000000000000000000000000BC
:1064E00000000000000000000000000000000000AC
:1064F000000000000000000000000000000000009C
:10650000000000000000000000000000E007180C80
:106510000C180C180C18001CE01B38180C18061866
:106520000618061806980C9EF8710000000000007E
:1065300000000000000000000000000010001E002D
:106540001800180018001800180018009807581CA8
:1065500038183830183018301830183018301830D3
:10656000183018103818380CC80700000000000058
:10657000000000000000000000000000000000001B
:10658000000000000000000000000000C0077008CC
:10659000301818180C180C000C000C000C000C0023
:1065A0000C20182018103008C00700000000000060
:1065B0000000000000000000000000000010001EAD
:1065C000001800180018001800180018E01B301CF4
:1065D000181818180C180C180C180C180C180C1883
:1065E0000C180818181C307AE009000000000000A0
:1065F000000000000000000000000000000000009B
:10660000000000000000000000000000C003300C8B
:10661000101818100C300C300C30FC3F0C000C0023
:106620000C00182018107018C007000000000000AF
:106630000000000000000000000000000000003E1C
:1066400080618060C060C000C000C000FC1FC0004E
:10665000C000C000C000C000C000C000C000C0003A
:10666000C000C000C000C000F80F00000000000023
:10667000000000000000000000000000000000001A
:10668000000000000000000000000000C077306C37
:1066900010181818181818181018300CF0071800CF
:1066A0001800F803F01F18380C300C300C30181894
:1066B000E0070000000000000000000010001E00C5
:1066C0001800180018001800180018009807580C37
:1066D000381818181818181818181818181818181A
:1066E00018181818181818187E7E000000000000EE
:1066F0000000000000000000000000000000800119
:10670000C00380010000000000000001F8018001CA
:106710008001800180018001800180018001800171
:106720008001800180018001F81F0000000000004E
:106730000000000000000000000000000000001C3D
:10674000001E000C0000000000000008C00F000C3C
:10675000000C000C000C000C000C000C000C000CD9
:10676000000C000C000C000C000C000C18061802A9
:10677000F0010000000000000000000010001E00FA
:10678000180018001800180018001800183E180CFF
:106790001804180218019801D80178033803180664
:1067A000180C180C181818387E7C00000000000027
:1067B0000000000000000000000000000001F801DF
:1067C00080018001800180018001800180018001C1
:1067D00080018001800180018001800180018001B1
:1067E0008001800180018001F81F0000000000008E
:1067F0000000000000000000000000000000000099
:10680000000000000000000000000400F73C8E6360
:106810008661866186618661866186618661866140
:106820008661866186618661CFF30000000000000A
:106830000000000000000000000000000000000058
:1068400000000000000000000000000090075E0C47
:106850003818181818181818181818181818181898
:1068600018181818181818187E7E0000000000006C
:106870000000000000000000000000000000000018
:10688000000000000000000000000000C003300C09
:106890001018181808300C300C300C300C300C303C
:1068A0000C3018181818300CC0030000000000004D
:1068B00000000000000000000000000000000000D8
:1068C00000000000000000000000000090075E0CC7
:1068D0003818181018301830183018301830183090
:1068E000183018183818780C980718001800180075
:1068F0007E0000000000000000000000000000001A
:10690000000000000000000000000000C013301E66
:10691000181C18180C180C180C180C180C180C183B
:106920000C180818181C301EE01900180018001860
:10693000007E0000000000000000000000000000D9
:1069400000000000000000000000000060387E66CB
:106950006061E001E00060006000600060006000D5
:106960006000600060006000FE07000000000000A2
:106970000000000000000000000000000000000017
:10698000000000000000000000000000C027603888
:106990003030302030207000E003800F001E0038BF
:1069A0000830083018303818C80F00000000000008
:1069B00000000000000000000000000000000000D7
:1069C0000000800080008000C000E000FC1FC000CC
:1069D000C000C000C000C000C000C000C000C000B7
:1069E000C000C020C0208011000F00000000000087
:1069F0000000000000000000000000000000000097
:106A00000000000000000000000010101E1E1818FA
:106A100018181818181818181818181818181818F6
:106A200018181818181C307AE0090000000000003F
:106A30000000000000000000000000000000000056
:106A40000000000000000000000000003E7C183044
:106A50001810181830083008200460046004C002C0
:106A6000C002C0038001800180000000000000001F
:106A70000000000000000000000000000000000016
:106A8000000000000000000000000000DFF386614D
:106A900084218C218C218C13881358135812580E82
:106AA000700E300E300C3004200400000000000096
:106AB00000000000000000000000000000000000D6
:106AC0000000000000000000000000007C3E3008D4
:106AD00070086004C002C00280018001800340068B
:106AE0002006200C101818183E7E00000000000040
:106AF0000000000000000000000000000000000096
:106B00000000000000000000000000003E7C18189B
:106B10001808100830082004600460044002C00215
:106B200080028001800180008000800040007C00A5
:106B30003C00000000000000000000000000000019
:106B4000000000000000000000000000FC1F0C1C02
:106B50000C0C0406040700038001C001C0006000A3
:106B60007020302018300C18FC1F000000000000BE
:106B700000000000000000300008000400040004D1
:106B800000040004000400040004000400040004E5
:106B9000000380010002000400040004000400045B
:106BA0000004000400040004000400040008003095
:106BB00000000001000100010001000100010001CE
:106BC00000010001000100010001000100010001BD
:106BD00000010001000100010001000100010001AD
:106BE000000100010001000100010001000100019D
:106BF000000100000000180020004000400040009C
:106C00004000400040004000400040004000400084
:106C10008001000380004000400040004000400030
:106C200040004000400040004000400020001800AC
:106C3000000000007800C400824102410027001CCF
:106C40000000000000000000000000000000000044
:106C50000000000000000000000000000000000034
:106C60000000000000000000000000000000000024
:106C70000000000000000000000000000000000014
:106C80000000000000000000000000000000000004
:106C900000000000000000000000000000000000F4
:106CA00000000000000000000000600060006000C4
:106CB00060006000600060004000200020002000B4
:106CC00000000000000060006000600000000000A4
:106CD0000000000000006006600630039801880094
:106CE0004400000000000000000000000000000060
:106CF0000000000000000000000000000000000094
:106D0000000000000000000000001002100210024D
:106D10001002FE07FE070802080108010801080129
:106D2000FE07FE0704010401040104010000000045
:106D3000000000000000000040004000F001580387
:106D40004C03CC034C0058007000E000C001C001AF
:106D500040034C035C034C034801F000400040003A
:106D6000000000000000000000000E010A01910078
:106D700091009100510051003A00AE03A00250046E
:106D800050044804480448048402840300000000BE
:106D90000000000000000000000038006C006C00E3
:106DA0006C006C006C002C0098071C011A01330168
:106DB00033016301E300C308C6093C07000000007B
:106DC0000000000000000C001C0010001000080073
:106DD00004000000000000000000000000000000AF
:106DE00000000000000000000000000000000000A3
:106DF000000000000000000400020001800080008C
:106E00004000400020002000200020002000200042
:106E100020004000400080008000000100020004CB
:106E20000000000000000200040008001000100034
:106E30002000200040004000400040004000400092
:106E40004000200020001000100008000400020094
:106E500000000000000000000000000000004000F2
:106E6000C0004000460C4E0FD001F0015E0F460CF2
:106E70004000400040000000000000000000000052
:106E80000000000000000000000000000000000002
:106E900040004000400040004000FE0F4000400025
:106EA0004000400040000000000000000000000022
:106EB00000000000000000000000000000000000D2
:106EC00000000000000000000000000000000000C2
:106ED0000000000000000C001C0010001000080062
:106EE000040000000000000000000000000000009E
:106EF00000000000000000000000FE07000000008D
:106F00000000000000000000000000000000000081
:106F10000000000000000000000000000000000071
:106F20000000000000000000000000000000000061
:106F30000000000000001C001C001C0000000000FD
:106F40000000000000000004000600020003000131
:106F50000001800080004000400060002000200010
:106F600010001000080008000C00040006000200D9
:106F7000000000000000000000000000F000980188
:106F80000C030C030606060606060606060606069B
:106F9000060606060C030C039801F0000000000032
:106FA00000000000000000000000000040007C0025
:106FB00060006000600060006000600060006000D1
:106FC00060006000600060006000FC0300000000E2
:106FD000000000000000000000000000F800840134
:106FE000020306030603000300018001C0006000E5
:106FF00020001000080204020602FE030000000048
:107000000000000000000000000000007800C60042
:107010008601860180018001C000700080010001AE
:1070200000030003060306038601F80000000000C9
:10703000000000000000000000000000800180014E
:10704000C001A001A0019001880188018401820192
:10705000FE0F8001800180018001E0070000000038
:10706000000000000000000000000000FC0304001D
:107070000400040004000400F4008C010403000375
:1070800000030603060382018401F80000000000EB
:10709000000000000000000000000000E0011803F4
:1070A0000C030C0004000600E60116030E0606069B
:1070B0000606060604060C021803F0000000000095
:1070C000000000000000000000000000F8070C06AF
:1070D0000402040100010001800080004000400023
:1070E0004000600060006000600060000000000080
:1070F000000000000000000000000000F8010C0388
:107100000606060606060C021C03F000C8010C0366
:1071100006060606060606060C03F001000000003F
:10712000000000000000000000000000F0000C0162
:107130000C03060206060606060606078C067806F7
:107140000006000300030C018C0178000000000021
:10715000000000000000000000000000000000002F
:10716000000000000000E000E000E000000000007F
:10717000000000000000E000E000E000000000006F
:1071800000000000000000000000000000000000FF
:10719000000000000000600060000000000000002F
:1071A00000000000000000006000600040002000BF
:1071B00020000000000000000000000400020001A8
:1071C00080004000200010000800040008001000AB
:1071D00020004000800000010002000400000000C8
:1071E000000000000000000000000000000000009F
:1071F000000000000000FE07000000000000FE0785
:10720000000000000000000000000000000000007E
:107210000000000000000000000004000800100052
:107220002000400080000001000200040002000174
:107230008000400020001000080004000000000052
:10724000000000000000000000000000E00318063D
:10725000040C040C0C0C0C0C0007800140004000D6
:10726000400000000000E000E000E000000000003E
:1072700000000000000000000000E00018030C0205
:10728000CC0564056605A605B604B604B604B604C6
:10729000B602E4010C040C021803F0000000000028
:1072A000000000000000000000000000600060001E
:1072B0005000D00090009000880088010801F8017B
:1072C000040304030402020202060F0F0000000080
:1072D000000000000000000000000000FE008C0321
:1072E0000C030C030C030C038C01FC000C030C02BC
:1072F0000C060C060C060C060C03FE010000000038
:10730000000000000000000000000000E00318037F
:107310000C060C0404040600060006000600060025
:10732000060006040C040C021803F0000000000024
:107330000000000000000000000000007F008C0141
:107340000C030C030C060C060C060C060C060C06B3
:107350000C060C060C030C038C017F0000000000DF
:10736000000000000000000000000000FF03060312
:1073700006040604060086008600FE0086008600DD
:1073800086000600060406040602FF030000000053
:10739000000000000000000000000000FF030603E2
:1073A00006040604060086008600FE0086008600AD
:1073B000860006000600060006001F000000000010
:1073C000000000000000000000000000F0001801B4
:1073D0000C020C0204020600060006000600C60F9E
:1073E000060306030C030C031803F0000000000062
:1073F0000000000000000000000000000F0F060663
:1074000006060606060606060606FE070606060623
:10741000060606060606060606060F0F0000000012
:10742000000000000000000000000000FC036000FD
:10743000600060006000600060006000600060004C
:1074400060006000600060006000FC03000000005D
:10745000000000000000000000000000F807C0006D
:10746000C000C000C000C000C000C000C000C0001C
:10747000C000C000C000C000C000C000C600660060
:107480003C0000000000000000000000CF03860167
:10749000C60046002600160036002E006E0046008C
:1074A000C60086008601060106038F070000000063
:1074B0000000000000000000000000001F000600A7
:1074C000060006000600060006000600060006008C
:1074D00006000600060406040602FF030000000082
:1074E0000000000000000000000000000707860305
:1074F00086038E038E034E034E034A035A035A0338
:107500003A033203320332031203870700000000FC
:107510000000000000000000000000008E0F0C02C0
:107520001C021C0234023402640264024402C402DB
:10753000840284038403040304031F020000000088
:10754000000000000000000000000000F0009801B2
:107550000C030C02060606060606060606060606C6
:10756000060606060C020C039801F000000000005D
:10757000000000000000000000000000FF00060303
:10758000060606060606060606068603FE00060032
:10759000060006000600060006001F0000000000AE
:1075A000000000000000000000000000F000980152
:1075B0000C030C0206060606060606060606060666
:1075C000060676064C02CC039801F0008007000303
:1075D000000000000000000000000000FF010603A2
:1075E00006060606060606060603FE004600C60058
:1075F000860086010603060306060F0E0000000043
:10760000000000000000000000000000F8020C0371
:107610000602060206000E003C00F800E0038003AC
:1076200000070206020606060C03F0010000000037
:10763000000000000000000000000000FE076204DF
:107640006108610860006000600060006000600028
:1076500060006000600060006000F8010000000051
:107660000000000000000000000000001E070C02E7
:107670000C020C020C020C020C020C020C020C029A
:107680000C020C020C020C021801F00000000000B9
:107690000000000000000000000000000F070602CC
:1076A000040104010C010C01880088009800980076
:1076B000500050007000300020002000000000004A
:1076C000000000000000000000000000F70E62044F
:1076D00042044604460464026402E402E4029C029A
:1076E0009C01980198018801880088000000000032
:1076F0000000000000000000000000009E070C01D8
:10770000080118019000B0006000200060006000D7
:10771000D00090008801080104038E0700000000DB
:107720000000000000000000000000000F0F060431
:1077300004020C0208011801B800B00070006000DB
:1077400060006000600060006000F8010000000060
:10775000000000000000000000000000FC070C0218
:10776000060302018001800040004000200020004C
:107770001000180008040C040402FE0300000000BE
:10778000000000000000E003200020002000200096
:1077900020002000200020002000200020002000E9
:1077A0002000200020002000200020002000E00316
:1077B00000000000000000000000040004000800B9
:1077C00008001000100010002000200040004000C1
:1077D000C0008000800000010001000200020002E1
:1077E0000004000000007C00400040004000400019
:1077F0004000400040004000400040004000400089
:1078000040004000400040004000400040007C003C
:10781000000000006000900008010000000000006F
:107820000000000000000000000000000000000058
:107830000000000000000000000000000000000048
:107840000000000000000000000000000000000038
:107850000000000000000000000000000000000028
:107860000000000000000000000000000000000018
:10787000FF0F000000001800600000000000000082
:1078800000000000000000000000000000000000F8
:1078900000000000000000000000000000000000E8
:1078A00000000000000000000000000000000000D8
:1078B000000000000000F0010C030C030003E003D3
:1078C0001C030E03060306038E0B7C0E0000000053
:1078D0000000000000000000000008000E000C0086
:1078E0000C000C000C00CC013C031C060C060C0622
:1078F0000C060C060C060C021C03E4010000000040
:107900000000000000000000000000000000000077
:10791000000000000000F0008C018C0186010600D0
:107920000600060006020C020C01F0000000000038
:10793000000000000000000000000002C00300037F
:1079400000030003000378038C030C030603060303
:1079500006030603060304038C07780100000000F9
:107960000000000000000000000000000000000017
:10797000000000000000E001180308020C060C06DD
:10798000FC070C000C0018041802E00100000000C5
:10799000000000000000000000000000C0036006BE
:1079A000300630003000FE01300030003000300082
:1079B00030003000300030003000FC0100000000DA
:1079C00000000000000000000000000000000000B7
:1079D000000000000000F007D8068C018C018C012B
:1079E0009801F8000C00FC00CC03060306038E038C
:1079F000F800000000000000000008000E000C006D
:107A00000C000C000C00EC011C030C030C030C0319
:107A10000C030C030C030C030C039E070000000076
:107A20000000000000000000000000006000600096
:107A30000000000040007C0060006000600060000A
:107A400060006000600060006000FC030000000057
:107A5000000000000000000000000000C001C001A4
:107A6000000000000001F001800180018001800120
:107A70008001800180018001800180018001CC00B3
:107A80007C00000000000000000008000E000C0058
:107A90000C000C000C008C038C008C004C006C0063
:107AA0005C008C008C010C010C039E0700000000A0
:107AB0000000000000000000000040007C006000AA
:107AC00060006000600060006000600060006000B6
:107AD00060006000600060006000FC0300000000C7
:107AE0000000000000000000000000000000000096
:107AF0000000000000003707EE0666066606660610
:107B000066066606660666066606FF0F000000004B
:107B10000000000000000000000000000000000065
:107B2000000000000000EE011C030C030C030C031A
:107B30000C030C030C030C030C039E070000000055
:107B40000000000000000000000000000000000035
:107B5000000000000000F00098010C030606060675
:107B60000606060606060C030C03F00000000000E3
:107B70000000000000000000000000000000000005
:107B8000000000000000EE011C030C060C060C06B1
:107B90000C060C060C060C031C03EC010C000C007C
:107BA0003E00000000000000000000000000000097
:107BB00000000000000078028C030C03060306039B
:107BC00006030603060304038C0378030003000383
:107BD000C0070000000000000000000000000000DE
:107BE0000000000000009F03580638061800180027
:107BF00018001800180018001800FF00000000000E
:107C00000000000000000000000000000000000074
:107C1000000000000000F0031C030C020C023800FE
:107C2000F000C003040304038C03FC010000000007
:107C30000000000000000000000000000000200024
:107C4000200030003000FE013000300030003000F5
:107C500030003000300030023002E001000000004F
:107C60000000000000000000000000000000000014
:107C70000000000008028E030C030C030C030C032D
:107C80000C030C030C030C039C077801000000009C
:107C900000000000000000000000000000000000E4
:107CA0000000000000001E070C0208010801180176
:107CB0009000B000B00060006000200000000000F4
:107CC00000000000000000000000000000000000B4
:107CD000000000000000F70E620446046402640223
:107CE000EC029C0198019801980108000000000036
:107CF0000000000000000000000000000000000084
:107D0000000000000000BC0718011001B000600076
:107D10006000E0009000080108039E0700000000DA
:107D20000000000000000000000000000000000053
:107D30000000000000009E070801080108019000F3
:107D40009000B0006000600060002000200024006F
:107D50001C00000000000000000000000000000007
:107D6000000000000000FC018401C4004400600029
:107D700020003000180208020C03FC010000000083
:107D800000000000000000038000800080008000F0
:107D900080008000800080004000200040008000C3
:107DA0008000800080008000800080008000000350
:107DB0000000400040004000400040004000400003
:107DC00040004000400040004000400040004000B3
:107DD00040004000400040004000400040004000A3
:107DE0004000000000000C00100010001000100007
:107DF00010001000100010002000400020001000B3
:107E000010001000100010001000100010000C00F6
:107E1000000000001C002204C204800300000000D7
:107E20000000000000000000000000000000000052
:107E30000000000000000000000000000000000042
:107E40000000000000000000000000000000000032
:107E50000000000000000000000000000000000022
:107E60000000000000000000000000000000000012
:107E700030003000300030003000200020002000B2
:107E80002000200000000000300030000000000052
:107E900000000000D800D8006C0024001200000090
:107EA00000000000000000000000000000000000D2
:107EB00000000000000000000000000000000000C2
:107EC0000000840084008400FF0184008400C60058
:107ED00042004200FF014200420042000000000058
:107EE00000000000000000002000F8002401240130
:107EF000A401280030006000A00020012C01240112
:107F00002401F80020002000000000000000000014
:107F10000000860049004900290029001900D60008
:107F200028012801280124012401C20000000000CA
:107F3000000000000000000000000C001200120011
:107F40001200EA0046004600250029003900110011
:107F50003201CC0000000000000000000600060016
:107F6000040002000100000000000000000000000A
:107F70000000000000000000000000000000000001
:107F800000000000000180004000200020002000D0
:107F90001000100010001000100010002000200041
:107FA00020004000800000010000000001000200ED
:107FB0000400080008000800100010001000100065
:107FC0001000100008000800080004000200010072
:107FD0000000000000000000000000002000200061
:107FE0002603AE0370007000AE03260320002000BD
:107FF0000000000000000000000000000000000081
:10800000000000001000100010001000FF01100020
:108010001000100010000000000000000000000030
:108020000000000000000000000000000000000050
:108030000000000000000000000000000000000040
:10804000060006000400020001000000000000001D
:10805000000000000000000000000000FE0300001F
:108060000000000000000000000000000000000010
:108070000000000000000000000000000000000000
:1080800000000000000000000000000000000000F0
:1080900006000600000000000000000000020001D1
:1080A000000180008000C00040006000200030001F
:1080B000100018000800080004000400020000007E
:1080C0000000000000000000000078008400840030
:1080D0000201020102010201020102010201840007
:1080E0008400780000000000000000000000000094
:1080F000000010001C001000100010001000100004
:10810000100010001000100010007C0000000000A3
:10811000000000000000000000007C00820002015E
:10812000020102018000400020001000080004014C
:108130000201FE010000000000000000000000003D
:1081400000003C004200820082004000700080007D
:10815000000100010201020182007C000000000019
:1081600000000000000000004000400060005000DF
:1081700048004800440042004200FE014000400028
:108180004000F001000000000000000000000000BE
:108190000000FC01040004000400040074008C00D2
:1081A000000100010201020182007C0000000000C9
:1081B00000000000000000000000F00008010401C1
:1081C000040002007A00860002010201020104019B
:1081D00084007800000000000000000000000000A3
:1081E0000000FE018200420040002000100010004C
:1081F000080008000800080008000800000000004F
:10820000000000000000000000007800840002016F
:1082100002010201840078008400020102010201CF
:108220008400780000000000000000000000000052
:108230000000780084008200020102010201840132
:10824000780100018000820042003C000000000034
:10825000000000000000000000000000000000001E
:1082600030003000000000000000000000000000AE
:10827000300030000000000000000000000000009E
:1082800000000000000000000000100000000000DE
:1082900000000000000000000000100010001000AE
:1082A00010000000000000008000400020001000CE
:1082B0000800040002000400080010002000400034
:1082C000800000000000000000000000000000002E
:1082D0000000000000000000FF010000000000009E
:1082E000FF0100000000000000000000000000008E
:1082F0000000000000000000020004000800100060
:108300002000400080004000200010000800040011
:10831000020000000000000000000000000000005B
:10832000780084000201060106010001800040007F
:10833000200020002000000030003000000000007D
:10834000000000000000000000007800C400F201FE
:1083500059014901450125012501A500D900020166
:108360008400780000000000000000000000000011
:1083700000001000100028002800280028004400F9
:1083800044007C00440082008200C701000000001D
:10839000000000000000000000003F00420042001A
:1083A000420022003E0042008200820082008200E1
:1083B00042003F000000000000000000000000003C
:1083C00000007801840102010201010001000100A6
:1083D0000100010001010201860078000000000098
:1083E000000000000000000000003F00C20082000A
:1083F00002010201020102010201020102018200E6
:1084000042003F00000000000000000000000000EB
:108410000000FF0082000201420042007E00420094
:1084200042000200020002018200FF000000000082
:1084300000000000000000000000FF0082000201B8
:10844000420042007E0042004200020002000200A0
:108450000200070000000000000000000000000013
:108460000000700188010401020102000200020004
:1084700082030201020104010C01F000000000006F
:1084800000000000000000000000C7018200820020
:10849000820082008200FE00820082008200820050
:1084A0008200C70100000000000000000000000082
:1084B0000000FE001000100010001000100010005E
:1084C00010001000100010001000FE00000000005E
:1084D00000000000000000000000FC01200020005F
:1084E000200020002000200020002000200020008C
:1084F0002000210011000E0000000000000000001C
:108500000000E70142002200220012001A001600BB
:1085100022002200420042008200C7010000000049
:108520000000000000000000000007000200020040
:10853000020002000200020002000200020002012A
:108540008200FF00000000000000000000000000AA
:108550000000C701C600C600C600AA00AA00AA0003
:10856000AA00AA00920092009200D7010000000029
:1085700000000000000000000000C70186008A0023
:108580008A008A0092009200A200A200C200C200EB
:10859000C200870000000000000000000000000092
:1085A00000003800C6008200010101010101010143
:1085B0000101010101018200C60038000000000035
:1085C000000000000000000000007F0082000201A7
:1085D0000201020182007E0002000200020002008D
:1085E0000200070000000000000000000000000082
:1085F00000003800C60082000101010101010101F3
:10860000010101011901A600A60078004001C00087
:10861000000000000000000000003F004200820057
:10862000820042003E00120022002200420042006E
:108630008200870100000000000000000000000030
:108640000000780184010201020002000C007000A9
:10865000800000010201020186007A000000000093
:1086600000000000000000000000FE0011011101E8
:10867000100010001000100010001000100010007A
:1086800010003800000000000000000000000000A2
:108690000000C70182008200820082008200820006
:1086A0008200820082008200440038000000000046
:1086B00000000000000000000000C70182008200EE
:1086C00044004400440044002800280028003800EA
:1086D000100010000000000000000000000000007A
:1086E0000000BB019200920092009200AA00AA0032
:1086F000AA006A0044004400440044000000000056
:1087000000000000000000000000CE0184004400D2
:1087100048002800300010003000280048004800C1
:108720008400CE01000000000000000000000000F6
:108730000000C70182004400440028002800100007
:1087400010001000100010001000380000000000A1
:1087500000000000000000000000FC018400820016
:108760004000400020001000100008000800040134
:108770008400FE000000000000000000F001100076
:108780001000100010001000100010001000100069
:10879000100010001000100010001000F001000088
:1087A00000000000000002000400040008000800AF
:1087B00008001000100020002000200040004000B1
:1087C0008000800080000001000000003E002000CA
:1087D0002000200020002000200020002000200099
:1087E0002000200020002000200020003E0000008B
:1087F00000000000380028004400000000000000D5
:108800000000000000000000000000000000000068
:108810000000000000000000000000000000000058
:108820000000000000000000000000000000000048
:108830000000000000000000000000000000000038
:10884000FF030000180020000000000000000000EE
:108850000000000000000000000000000000000018
:108860000000000000000000000000000000000008
:10887000000000000000000000007C008200820078
:10888000F0008C0082008200C202BC0300000000E5
:1088900000000000000000000000030002000200D1
:1088A00002003A00460082008200820082008200BC
:1088B00046003A0000000000000000000000000038
:1088C000000000000000000000007800840082002A
:1088D0000200020002000201840078000000000093
:1088E00000000000000000000000C00080008000C8
:1088F0008000B800C40082008200820082008200F2
:10890000C400B801000000000000000000000000EA
:108910000000000000000000000078008400020158
:10892000FE01020002000201840078000000000045
:1089300000000000000000000000E0011002100034
:108940001000FC00100010001000100010001000BB
:108950001000FC000000000000000000000000000B
:1089600000000000000000000000F8018400840006
:1089700084008400780004007C008401020102016C
:10898000FC000000000000000000030002000200E4
:1089900002007A008600820082008200820082004B
:1089A0008200C7010000000000000000000000007D
:1089B000000018001800000000001C00100010004B
:1089C000100010001000100010007C0000000000DB
:1089D00000000000000000000000600060000000D7
:1089E0000000700040004000400040004000400097
:1089F00040004000400022001E0000000000000077
:108A000000000300020002000200E2002200120047
:108A10000A001600220042008200C7010000000088
:108A2000000000000000000000001E001000100008
:108A300010001000100010001000100010001000B6
:108A40001000FE0000000000000000000000000018
:108A5000000000000000000000007F009200920073
:108A600092009200920092009200B7010000000074
:108A700000000000000000000000000000000000F6
:108A800000007B008600820082008200820082005B
:108A90008200C7010000000000000000000000008C
:108AA00000000000000000000000780084000201C7
:108AB00002010201020102018400780000000000AE
:108AC00000000000000000000000000000000000A6
:108AD00000003B004600820082008200820082008B
:108AE00046003A00020002000700000000000000FB
:108AF00000000000000000000000B800C400820078
:108B00008200820082008200C400B80080008000E1
:108B1000C001000000000000000000000000000094
:108B20000000CE0128011800080008000800080015
:108B300008003E00000000000000000000000000EF
:108B400000000000000000000000BC00C200820025
:108B500006003800C000820086007A000000000095
:108B600000000000000000000000000010001000E5
:108B70001000FC0010001000100010001000100089
:108B800090006000000000000000000000000000F5
:108B900000000000000000000000C300820082000E
:108BA0008200820082008200C200BC01000000003E
:108BB00000000000000000000000000000000000B5
:108BC0000000C7018200440044004400280028003F
:108BD0001000100000000000000000000000000075
:108BE00000000000000000000000BB0192009200A5
:108BF0009200AA00AA0044004400440000000000C3
:108C00000000000000000000000000000000000064
:108C10000000CE01840048003000300030004800E1
:108C20008400CE01000000000000000000000000F1
:108C300000000000000000000000EE018400880039
:108C400048004800500030002000100010001000C4
:108C50000C00000000000000000000000000000008
:108C60000000FE00420022002000100008008400E6
:108C70008200FE00000000000000000080014000B3
:108C800040004000400040004000600010006000D4
:108C90004000400040004000400040004000800193
:108CA00000002000200020002000200020002000E4
:108CB00020002000200020002000200020002000B4
:108CC00020002000200020002000000006000800F6
:108CD000080008000800080008001800200018001C
:108CE0000800080008000800080008000800060046
:108CF00000001C0026022203C0010000000000004A
:108D00000000000000000000000000000000000063
:108D10000000000000000000000000000000000053
:108D2000000000000000000000000000000808082B
:108D30000808080800001818000000486C241200F9
:108D400000000000000000000000000000242424B7
:108D50007F1212127F12121200000000081C2A2A31
:108D60000A0C1828282A2A1C0808000000222515A9
:108D700015152A585454542200000000000C1212F9
:108D8000120A76252911916E0000000606040300E0
:108D9000000000000000000000000040201010084B
:108DA00008080808081010204000000204080810F5
:108DB000101010101008080402000000000008083D
:108DC0006B1C1C6B08080000000000000000080875
:108DD00008087F08080808000000000000000000E4
:108DE0000000000000000606040300000000000070
:108DF0000000FE0000000000000000000000000075
:108E00000000000000000606000000008040402036
:108E10002010100808040402020000000018244278
:108E200042424242424224180000000000080E085C
:108E3000080808080808083E00000000003C4242FC
:108E4000422020100804427E00000000003C424204
:108E5000201820404042221C000000000020302842
:108E6000242422227E20207800000000007E0202BE
:108E7000021A26404042221C000000000038240252
:108E8000021A26424242241800000000007E2222DC
:108E9000101008080808080800000000003C4242C2
:108EA000422418244242423C0000000000182442A0
:108EB000424264584040241C0000000000000000B2
:108EC0001818000000001818000000000000000042
:108ED0000008000000000008080400000040201006
:108EE00008040204081020400000000000000000F8
:108EF0007F0000007F000000000000000002040866
:108F0000102040201008040200000000003C4242F3
:108F1000464020101000181800000000001C225AC3
:108F2000555555552D42221C000000000008081818
:108F30001414243C224242E700000000001F2222B9
:108F4000221E22424242221F00000000007C4242B8
:108F5000010101010142221C00000000001F224209
:108F6000424242424242221F00000000003F4212A1
:108F7000121E12120242423F00000000003F421245
:108F8000121E12120202020700000000003C222200
:108F9000010101712122221C0000000000E7424271
:108FA00042427E42424242E700000000003E080882
:108FB000080808080808083E00000000007C10109F
:108FC0001010101010101010110F00000077221256
:108FD0000A0E0A1212222277000000000007020285
:108FE000020202020202427F0000000000773636D1
:108FF00036362A2A2A2A2A6B0000000000E3464659
:109000004A4A52525262624700000000001C22414C
:10901000414141414141221C00000000003F4242C9
:1090200042423E020202020700000000001C2241F0
:10903000414141414D53321C60000000003F42421B
:10904000423E1212222242C700000000007C42422F
:10905000020418204042423E00000000007F490800
:10906000080808080808081C0000000000E7424241
:10907000424242424242423C0000000000E742427B
:10908000222424141418080800000000006B494929
:1090900049495555362222220000000000E74224AB
:1090A00024181818242442E7000000000077222228
:1090B000141408080808081C00000000007E212085
:1090C000101008040442423F000000780808080815
:1090D00008080808080808087800000002020404CC
:1090E00008080810102020204040001E101010100A
:1090F00010101010101010101E0000384400000056
:10910000000000000000000000000000000000005F
:10911000000000000000000000FF00060800000042
:10912000000000000000000000000000000000003F
:10913000003C4278444242FC00000000000302026E
:10914000021A26424242261A0000000000000000D7
:109150000038440202024438000000000060404031
:1091600040784442424264D8000000000000000001
:10917000003C427E0202423C0000000000F08808F1
:10918000087E08080808083E0000000000000000F3
:10919000007C22221C023C42423C000000030202EE
:1091A000023A4642424242E700000000000C0C0036
:1091B000000E08080808083E0000000000303000DB
:1091C0000038202020202020221E00000003020260
:1091D0000272120A1612227700000000000E080820
:1091E000080808080808083E000000000000000009
:1091F000007F9292929292B700000000000000005F
:10920000003B4642424242E70000000000000000EE
:10921000003C42424242423C00000000000000008C
:10922000001B26424242221E0207000000000000EE
:10923000007844424242447840E0000000000000D0
:1092400000774C040404041F00000000000000002C
:10925000007C42023C40423E00000000000000084A
:10926000083E080808080830000000000000000060
:1092700000634242424262DC000000000000000045
:1092800000E7422424140808000000000000000049
:1092900000EB494955552222000000000000000063
:1092A000007624181818246E00000000000000004A
:1092B00000E74224241418080807000000000000FA
:1092C000007E22100808447E000000C020202020DC
:1092D0002010202020202020C0001010101010107E
:1092E00010101010101010101010000608080808B8
:1092F000081008080808080806000C32C200000020
:10930000000000000000000000000000000000005D
:109310000000000000000000040404040404000431
:10932000000000140A0A0000000000000000000015
:1093300014143F140A3F0A0A000000041E15050613
:109340000C14150F0400000012150D0A142C2A121B
:1093500000000000040A0A1E15150936000000026C
:1093600002010000000000000000002010080808B2
:10937000080808102000000204080808080808046B
:10938000020000000004150E0E150400000000008D
:109390000404041F04040400000000000000000096
:1093A00000000002020100000000001F0000000099
:1093B000000000000000000000000002000000109B
:1093C0000808080404020202010000000E11111135
:1093D0001111110E00000000040604040404040E20
:1093E000000000000E1111080402011F000000001F
:1093F0000E11100C1010110E00000000080C0A0ACB
:10940000091E0818000000001F01010F1010110EA6
:10941000000000000E09010F1111110E00000000E4
:109420001F09080404040404000000000E11110EBA
:109430001111110E000000000E1111111E10120E5C
:109440000000000000000400000000040000000014
:1094500000000004000000040400002010080402C2
:10946000040810200000000000001F00001F000082
:109470000000000204081020100804020000000090
:109480000E11110804040004000000000E1119154B
:10949000151D011E0000000004040C0A0A1E1233F0
:1094A000000000000F12120E1212120F0000000036
:1094B0001E1101010101110E000000000F12121215
:1094C0001212120F000000001F120A0E0A02121FD1
:1094D000000000001F120A0E0A020207000000002E
:1094E0001C1201013911120C000000003312121E6F
:1094F00012121233000000001F0404040404041FAD
:10950000000000003E0808080808080907000000DD
:1095100037120A060A0A1237000000000702020288
:109520000202223F000000001B1B1B1B1515151516
:10953000000000003B1216161A1A12170000000055
:109540000E1111111111110E000000000F12120E58
:1095500002020207000000000E1111111117190E6E
:10956000180000000F12120E0A121237000000003D
:109570001E1101060810110F000000001F15040441
:109580000404040E00000000331212121212120C16
:10959000000000003312120A0A0C0404000000004C
:1095A0001515150E0A0A0A0A000000001B0A0A0413
:1095B000040A0A1B000000001B0A0A040404040E2B
:1095C000000000001F0908040402121F0000001C14
:1095D00004040404040404041C0000020202040441
:1095E000080808100000000E080808080808080805
:1095F0000E0000040A00000000000000000000004F
:109600000000000000000000003F00040000000017
:1096100000000000000000000000000C121C123CC2
:10962000000000000302020E1212120E00000000E1
:109630000000001C1202021C000000001810101C88
:109640001212123C000000000000000C121E021C4E
:10965000000000003804041E0404041E0000000082
:109660000000003C120C021E221C00000302020E2D
:109670001212123700000000040000060404040E59
:10968000000000000800000C080808080807000097
:109690000302023A0A0E1237000000000704040415
:1096A0000404041F000000000000000F151515152C
:1096B000000000000000000F12121237000000002E
:1096C0000000000C1212120C000000000000000F3D
:1096D0001212120E020700000000001C1212121CCF
:1096E000103800000000001B060202070000000006
:1096F0000000001E020C101E000000000004040EFA
:1097000004040418000000000000001B1212123CA8
:109710000000000000000037120A0C0400000000E6
:1097200000000015150E0A0A000000000000001BD2
:109730000A040A1B0000000000000037120A0C0493
:10974000040300000000001E0804041E00000018AE
:109750000808080408080808180008080808080885
:10976000080808080808000604040408040404049F
:1097700006000225180000000000000000000000A4
:10978000000F000080070000000000001F0000C064
:10979000070000000000003F0000E007000000009C
:1097A00000007EE01FF007000000000000FCFCFF4E
:1097B000F903000000000000F8FFFFFF01000000B7
:1097C000000000F0FFFFFF00000000000000F0FFBD
:1097D000FF7F00000000000000F8FFFF7F00000096
:1097E00000000000FCFFFFFF01000000000000FE81
:1097F000FFFFFF03000000000000FEFFFFFF03006B
:109800000000000000FFFFFFFF07000000000080D5
:10981000FFFFFFFF0F000000000080FFFCFFF90FBB
:109820000000000000C0FFFCFFF91F000000000066
:10983000C0FFFCFFF91F0000000000E0FFFFFFFF7A
:109840001F0000000000E0FFFFFFFF3F00000000DE
:1098500000E0FFFFFFFF3F0000000000E0FFFFFF10
:10986000FF3F0000000000E0FFFFFFFF3F0000009F
:109870000000E0FFFFFFFF7F0000000000F0FFFF9F
:10988000FFFF7F0000000000E0FFFFFFFF7F000000
:1098900000000000000000000000000000000000C8
:1098A00000000000000000001CF0FFFFFFFF7FE051
:1098B000000000FFF0FFFFFFFF7FF8030000FFF153
:1098C000FFFFFFFF7FFC070080FFF1FFFFFFFF7F2F
:1098D000FC0F0080FFF3FFFFFFFF7FFC0F0080FF06
:1098E000F3FFFFFFFF7FFE1F00C0FFF3FFFFFFFF3F
:1098F0007FFE1F00C0FFF3FFFFFFFF7FFE1F00C0C2
:10990000FFF3FFFFFFFF7FFE1F00C0FFF3FFFFFF1E
:10991000FF7FFE1F00C0FFF3FFFFFFFF7FFE1F0062
:10992000C0FFF3FFFFFFFF7FFE1F00C0FFF3FFFF3D
:10993000FFFF7FFE1F00C0FFF3FFFFFFFF7FFE1F43
:1099400000C0FFF3FFFFFFFF7FFE1F00C0FFF3FF1C
:10995000FFFFFF7FFE1F00C0FFF3FFFFFFFF7FFE43
:109960001F00C0FFF3FFFFFFFF7FFE1F00C0FFF3DC
:10997000FFFFFFFF7FFE1F00C0FFF3FFFFFFFF7F22
:10998000FE1F00C0FFF3FFFFFFFF7FFE1F00C0FFB1
:10999000F3FFFFFFFF7FFE1F00C0FFF3FFFFFFFF8E
:1099A0007FFE1F00C0FFF3FFFFFFFF7FFE1F00C011
:1099B000FFF3FFFFFFFF7FFE1F00C0FFF3FFFFFF6E
:1099C000FF7FFE1F00C0FFF3FFFFFFFF7FFE1F00B2
:1099D000C0FFF3FFFFFFFF7FFE1F00C0FFF3FFFF8D
:1099E000FFFF7FFE1F00C0FFF3FFFFFFFF7FFE1F93
:1099F0000080FFF3FFFFFFFF7FFE1F0080FFF3FFEC
:109A0000FFFFFF7FFC0F0080FFF1FFFFFFFF7FFCE8
:109A10000F0000FFF1FFFFFFFF7FFC070000FEF0DB
:109A2000FFFFFFFF7FF007000038F0FFFFFFFF7F21
:109A3000C001000000E0FFFFFFFF7F00000000000A
:109A4000E0FFFFFFFF3F0000000000C0FFFFFFFF3F
:109A50001F000000000000F87FE0FF000000000091
:109A60000000F87FE0FF00000000000000F87FE049
:109A7000FF00000000000000F87FE0FF0000000091
:109A8000000000F87FE0FF00000000000000F87F09
:109A9000E0FF00000000000000F87FE0FF00000091
:109AA00000000000F87FE0FF00000000000000F868
:109AB0007FE0FF00000000000000F87FE0FF0000F2
:109AC0000000000000F87FE0FF0000000000000040
:109AD000F87FE0FF00000000000000F83FE0FF001A
:109AE000000000000000F03FE0FF00000000000068
:109AF00000F03FE07F00000000000000E01FC07F9A
:109B000000000000000000C00F801F0000000000E7
:109B10000000000000000000000000000000000045
:109B20000000000000000000000000000000000035
:109B30000000000000000000000000000000000025
:109B40000000000000000000000000000000000015
:109B50000000E0FFFFFFFFFFFF1F000000FCFFFF12
:109B6000FFFFFFFFFF010000FEFFFFFFFFFFFFFF02
:109B7000030000FFFFFFFFFFFFFFFF070080FFFF65
:109B8000FFFFFFFFFFFF0F0080FFFFFFFFFFFFFF53
:109B9000FF0F0080FFFFFFFFFFFFFFFF0F0080FFB1
:109BA000FFFFFFFFFFFFFF1F0080FFFFFFFFFFFF23
:109BB000FFFF1F0080FFFFFFFFFFFFFFFF1F008071
:109BC000FFFFFFFFFFFFFFFF1F0080FFFFFFFFFF03
:109BD000FFFFFF1F0080FFFFFFFFFFFFFFFF1F00D2
:109BE00080FFFFFFFFFFFFFFFF1F0080FFFFFFFF62
:109BF000FFFFFFFF1F0080FF1F00000000C0FF1FCE
:109C00000080FF1F00000000C0FF1F0080FF1F003A
:109C1000000000C0FF1F0080FF1F00000000C0FF09
:109C20001F0080FF1F00000000C0FF1F0080FF1FFB
:109C300000000000C0FF1F0080FFFFFFFFFFFFFFCD
:109C4000FF1F0080FFFFFFFFFFFFFFFF1F0080FFE0
:109C5000FFFFFFFFFFFFFF1F0080FFFFFFFFFFFF72
:109C6000FFFF1F0080FFFFFFFFFFFFFFFF1F0080C0
:109C7000FF1F00000000C0FF1F0080FF1F0000004A
:109C800000C0FF1F0080FF1F00000000C0FF1F007A
:109C900080FF1F00000000C0FF1F0080FF1F0000AA
:109CA0000000C0FF1F0080FF1F00000000C0FF1F5A
:109CB0000080FFFFFFFFFFFFFFFF1F0080FFFFFF90
:109CC000FFFFFFFFFF1F0080FFFFFFFFFFFFFFFF02
:109CD0001F0080FFFFFFFFFFFFFFFF1F0080FF1F30
:109CE00000000000C0FF1F0080FF1F00000000C038
:109CF000FF1F0080FF1F00000000C0FF1F00C0FF0B
:109D00001F00000000C0FF1F00C0FF1F0000000078
:109D1000C0FF1F00C0FF1F00000000C0FF1F00C0E9
:109D2000FFFFFFFFFFFFFFFF1F00C0FFFFFFFFFF61
:109D3000FFFFFF1F00C0FFFFFFFFFFFFFFFF1F0030
:109D4000C0FFFFFFFFFFFFFFFF1F00C0FFFFFFFF80
:109D5000FFFFFFFF1F00C0FFFFFFFFFFFFFFFF1F11
:109D600000C0FFFFFFFFFFFFFFFF1F00C0FFFFFF5F
:109D7000FFFFFFFFFF1F00C0FFFFFFFFFFFFFFFF11
:109D80000F00C0FFFFFFFFFFFFFFFF0F00C0FFFF3F
:109D9000FFFFFFFFFFFF0F00C0FFFFFFFFFFFFFF01
:109DA000FF0700C0FFFFFFFFFFFFFFFF0700C0FF2F
:109DB000FFFFFFFFFFFFFF0100C0FFFFFFFFFFFFEF
:109DC000FF7F0000C0FF0F0000000000000000C087
:109DD000FF070000000000000000C0FF03000000BB
:109DE0000000000000C0FF010000000000000000B3
:109DF000C0FF000000000000000000C07F00000065
:109E0000000000000000C03F000000000000000053
:109E100000C01F000000000000000000C00F000094
:109E200000000000000000C007000000000000006B
:109E30000000C003000000000000000000C001009E
:109E40000000000000000000C00000000000000052
:109E50000000000000000000000000000000000002
:109E600000000000000000000000000000000000F2
:109E700000000000000000000000000000000000E2
:109E800000000000000000000000000000000000D2
:109E900000000000000000000000000000000000C2
:109EA00000000000000000000000000000000000B2
:109EB00000000000000000000000000000000000A2
:109EC0000000000000E003000000000000000000AF
:109ED000FC03000000000000000000FF0300000081
:109EE0000000000000C0FF030000000000000000B0
:109EF000E0FF030000000000000000F0FF0300008E
:109F0000000000000000F8FF030000000000000057
:109F100000FCFF030000000000000000FEFF030043
:109F200000000000000000FEFF0300000000000031
:109F30000000FFFF030000000000000000FFFF031F
:109F40000000000000000080FFFF03000000000090
:109F5000000080FFFF030000000000000080FFFF02
:109F60000300000000000000C0FFFF03000000002D
:109F7000000000C0FFFF0300000000000000C0FF61
:109F8000FF0300000000000000C0FFFF030000000E
:109F900000000000C0FFFF0300FF0000000000C041
:109FA000FFFF03E0FF0F00000000C0FFFF03F8FF0A
:109FB0003F00000000C0FFFF03FEFF7F0000000025
:109FC000C0FFFF03FFFFFF0100000080FFFF83FFD2
:109FD000FFFF0300000080FFFFC3FFFFFF0700003B
:109FE0000080FFFFE3FFFFFF0F00000000FFFFF313
:109FF000FFFFFF0F00000000FFFFF3FFFFFF1F0048
:10A00000000000FEFFFBFFFFFF3F00000000FEFF1F
:10A01000FBFFFFFF3F00000000FCFFFFFFFFFF7F93
:10A0200000000000F8FFFFFFFFFF7F00000000F0CE
:10A03000FFFFFFFFFF7F00000000E0FFFFFFFFFFCB
:10A04000FF0000000080FFFFFFFFFFFF0000000097
:10A0500000FFFFFFFFFFFF0000000000FCFFFFFF0D
:10A06000FFFF00F8FFFFFFFFFFFFFFFFFF00F8FF0C
:10A07000FFFFFFFF0100000000F8FFFFFFFFFF07E9
:10A0800000000000F8FFFFFFFFFF0F00000000F8D6
:10A09000FFFFFFFFFF3F00000000F0FFFFFFFFFF9B
:10A0A0007F00000000F0FFFFFFFFFFFF0000000047
:10A0B000F0FFFFFFFFFFFF01000000E0FFFFFFFFD9
:10A0C000FEFF01000000E0FFFFFFFFFEFF030000B6
:10A0D00000C0FFFFFF7FFEFF07000000C0FFFFFF83
:10A0E0007FFEFF0700000080FFFFFF3FFEFF0F0025
:10A0F000000000FFFFFF1FFEFF0F00000000FEFF3B
:10A10000FF0FFEFF0F00000000FCFFFF07FEFF1F18
:10A1100000000000F8FFFF03FEFF1F00000000E04A
:10A12000FFFF00FEFF1F0000000080FF3F00FEFF5A
:10A130001F0000000000FC0700FEFF1F00000000E1
:10A1400000000000FEFF1F0000000000000000FEF5
:10A15000FF1F0000000000000000FEFF1F000000C5
:10A160000000000000FEFF1F0000000000000000D3
:10A17000FEFF0F0000000000000000FEFF0F0000C7
:10A18000000000000000FEFF0F00000000000000C3
:10A1900000FEFF070000000000000000FEFF0700B7
:10A1A00000000000000000FEFF03000000000000AF
:10A1B0000000FEFF030000000000000000FEFF01A1
:10A1C0000000000000000000FEFF00000000000092
:10A1D000000000FE7F000000000000000000FE3FC5
:10A1E000000000000000000000FE1F000000000052
:10A1F00000000000FE07000000000000000000FE5C
:10A20000010000000000000000003E00000000000F
:10A21000000000000000000000000000000000003E
:10A22000000000000000000000000000000000002E
:10A23000000000000000000000000000000000001E
:10A24000000000000000000000000000000000000E
:10A2500000000000000000000000000000000000FE
:10A2600000000000000000000000000000000000EE
:10A27000000000000000F8FFFFFFFF1F00000000CB
:10A2800000FFFFFFFFFFFF01000000C0FFFFFFFF17
:10A29000FFFF03000000C0FFFFFFFFFFFF070000FC
:10A2A00000E0FFFFFFFFFFFF0F000000E0FFFFFFE8
:10A2B000FFFFFF0F000000E0FFFFFFFFFFFF0F00A9
:10A2C0000000F0FFFFFFFFFFFF1F000000F0FFFF97
:10A2D000FFFFFFFF1F000000F0FFFFFFFFFFFF1F5A
:10A2E000000000F0FFFFFFFFFFFF1F000000F0FF76
:10A2F000FFFFFFFFFF1F000000F0FFFFFFFFFFFF5A
:10A300001F000000F0FFFFFFFFFFFF1F00803FF076
:10A31000FFFFFBFFFFFF1F00C03FF0FFFFF3FFFF4A
:10A32000FF1F00C03FF0FFFFE3FFFFFF1F00C03F24
:10A33000F0FFFF83FFFFFF1F00C03FF0FFFF03FFA1
:10A34000FFFF1F00C03FF0FFFF03FEFFFF1F00C025
:10A350003FF0FFFF03F8FFFF1F00C03FF0FFFF03C8
:10A36000F0FFFF1F00C03FF0FFFF03E0FFFF1F00F3
:10A37000C03FF0FFFF0380FFFF1F00C03FF0FFFF63
:10A380000300FFFF1F00C03FF0FFFF0300FEFF1FA1
:10A3900000C03FF0FFFF0300F8FF1F00C03FF0FFC9
:10A3A000FF0300F0FF1F00C03FF0FFFF0300E0FFCE
:10A3B0001F00C03FF0FFFF0300F0FF1F00C03FF091
:10A3C000FFFF0300F8FF1F00C03FF0FFFF0300FE88
:10A3D000FF1F00C03FF0FFFF0300FFFF1F00C03F53
:10A3E000F0FFFF0380FFFF1F00C03FF0FFFF03E00F
:10A3F000FFFF1F00C03FF0FFFF03F0FFFF1F00C083
:10A400003FF0FFFF03F8FFFF1F00C03FF0FFFF0317
:10A41000FEFFFF1F00C03FF0FFFF03FFFFFF1F0015
:10A42000C03FF0FFFF83FFFFFF1F00C03FF0FFFFB3
:10A43000E3FFFFFF1F00C03FF0FFFFF3FFFFFF1F21
:10A4400000C03FF0FFFFFBFFFFFF1F00C03FF0FF1A
:10A45000FFFFFFFFFF1F00C03FF0FFFFFFFFFFFFF9
:10A460001F00C03FF0FFFFFFFFFFFF1F00C03FF0D6
:10A47000FFFFFFFFFFFF1F00C03FF0FFFFFFFFFFD9
:10A48000FF1F00C03FF0FFFFFFFFFFFF1F00C03FA7
:10A49000F0FFFFFFFFFFFF1F00C03FE0FFFFFFFFD8
:10A4A000FFFF0F00C03FE0FFFFFFFFFFFF0F00C0F7
:10A4B0003FE0FFFFFFFFFFFF0F00C03FC0FFFFFFB8
:10A4C000FFFFFF0700C03FC0FFFFFFFFFFFF0700C8
:10A4D000C03F00FFFFFFFFFFFF0100C03F00F8FF8C
:10A4E000FFFFFF7F0000C03F0000000000000000F1
:10A4F00000C03F000000000000000000C03F00005E
:10A5000000000000000000C03F000000000000004C
:10A510000000C03F000000000000000000C03F003D
:10A52000000000000000000080FFFFFFFFFFFF7F32
:10A5300000000080FFFFFFFFFFFF7F00000080FFA3
:10A54000FFFFFFFFFF7F00000080FFFFFFFFFFFF17
:10A550007F00000000FFFFFFFFFFFF7F0000000003
:10A56000FEFFFFFFFFFF7F00000000FCFFFFFFFF7B
:10A57000FF7F00000000C0FFFFFFFFFF7F00000023
:10A5800000000000000000000000000000000000CB
:10A5900000000000000000000000000000000000BB
:10A5A00000000000000000000000000000000000AB
:10A5B000000000000000000000000000000000009B
:10A5C00000000000E4A5000800000020A800000032
:10A5D0004C2600088CA60008A8000020100C0000E3
:10A5E0005C260008000000005A2F00080C000C0038
:10A5F000180014003A310008100010002000140068
:10A60000BA330008140014003C0014006A38000833
:10A610001800180048004100B24A0008200020003D
:10A6200080001400B2540008100020004000000018
:10A63000726C00080C00180030000000427E000818
:10A640000A001400280000001A8D000808001000FD
:10A65000100000000A93000806000C000C00000027
:10A660000000000000000000007A030A0000000063
:10A6700000000000010203040607080900000000B2
:0CA680000102030401020304060708099C
:040000050800018965
:00000001FF
