:020000040800F2
:10000000400D0020A1010008472A0008B91200088D
:10001000452A0008410700080D2E000800000000D6
:10002000000000000000000000000000292C000873
:100030004307000800000000492A00082B2C000894
:10004000BB010008BB010008BB010008BB010008A0
:10005000BB010008BB010008BB010008BB01000890
:10006000BB010008BB010008BB010008BB01000880
:10007000BB010008BB010008BB010008BB01000870
:10008000BB010008BB010008BB010008BB01000860
:10009000BB010008BB010008BB010008BB01000850
:1000A000BB010008BB010008BB010008BB01000840
:1000B000BB010008BB010008BB010008BB01000830
:1000C000BB010008BB010008BB010008BB01000820
:1000D000BB010008BB010008BB010008BB01000810
:1000E000BB010008BB010008BB010008BB01000800
:1000F000BB010008BB010008BB010008BB010008F0
:10010000BB010008BB010008BB010008BB010008DF
:10011000BB010008BB010008BB010008BB010008CF
:10012000BB010008BB010008BB010008BB010008BF
:10013000BB010008BB010008BB010008BB010008AF
:10014000BB010008BB010008BB010008BB0100089F
:10015000BB010008BB010008BB010008BB0100088F
:10016000BB010008BB010008BB010008BB0100087F
:10017000BB010008BB010008BB0100080000000033
:10018000BB010008BB010008DFF810D000F0C6FA80
:10019000004800470D370008AFF30080400D0020F5
:1001A0000648804706480047FEE7FEE7FEE7FEE711
:1001B000FEE7FEE7FEE7FEE7FEE7FEE7C92C0008E4
:1001C000890100082DE9F05F0546002092469B4614
:1001D00088460646814640241BE02846414647465D
:1001E000224600F07DF953465A46C01A914110D379
:1001F00011461846224600F064F92D1A67EB0108F3
:100200004F4622460120002100F05BF917EB000960
:100210004E41201EA4F10104DFDC484631462A4647
:100220004346BDE8F09FD2B201E000F8012B491E21
:10023000FBD270470022F6E710B513460A46044683
:100240001946FFF7F0FF204610BD2DE9FE4F80460E
:1002500081EA0300C00F0C46009021F0004123F01A
:100260000045B8EB0200A94105D240462146904620
:100270001C460B46024623F00040104347D0270D92
:10028000C7F30A00C3F30A510290401A01904028B4
:100290006BDAC3F3130040F4801B0098924620B140
:1002A0000023D2EB030A63EB0B0B01985946C0F114
:1002B0004002504600F005F906460D4650465946A4
:1002C000019A00F01DF910EB08006141002487EA53
:1002D000115284EAE7731A4340D0009A62B3019A3C
:1002E000012A4FEA075215DC001B61EB02014FF0B7
:1002F000004202EA0752CDE90042001C41F580119C
:1003000032462B4600F01DF903B0BDE8F08F4046A1
:100310002146F9E7001B61EB0201001C41F5801347
:1003200000185B412018A2F5001747EB030140EAD3
:10033000D570B6196D4111E06D084FEA360645EAF1
:10034000C0754FEA0752001B61EB0201001C41F52A
:10035000801149084FEA30000019514132462B46BE
:1003600003B0BDE8F04F00F0DDB800980122400076
:100370000023D0EB020263EBE073009821464FEAC2
:10038000E074B8EB000061EB0401E9E783F000439F
:100390005BE781F0004158E72DE9FE4F81EA030455
:1003A00004F0004421F0004100944FF0000B23F0D2
:1003B000004350EA01045ED052EA03045BD0C3F369
:1003C0000A54C1F30A552C44A4F2F3340194A0FB5F
:1003D0000254C1F3130141F48011C3F3130343F436
:1003E000801301FB024400FB034E840A970A44EA8F
:1003F000815447EA8357A4FB076802958D0A05FBE1
:1004000007854FEA932C04FB0C542705029D4FEA05
:10041000065847EA1637B5EB08056EEB070C870E52
:10042000920E47EA811742EA8312A7FB0201B6EB5C
:100430000B0164EB00042B0D43EA0C335E1844EB14
:100440001C50DA465146E7FB0201C5F313044FEA9C
:100450000B3343EA14534FEA0432019C43EA060388
:10046000A4F10C040294009CCDE900B400F069F8FA
:1004700003B0BDE8F08F00200146F9E70EB540F269
:10048000334102910021CDE900110A460B4600F0EC
:1004900058F803B000BD30B50B46014600202022BD
:1004A000012409E021FA02F59D4205D303FA02F581
:1004B000491B04FA02F52844151EA2F10102F1DCE1
:1004C00030BD202A04DB203A00FA02F100207047F8
:1004D0009140C2F1200320FA03F319439040704782
:1004E000202A04DB203A21FA02F00021704721FA89
:1004F00002F3D040C2F120029140084319467047F0
:10050000202A06DBCB17203A41FA02F043EAE073D7
:1005100006E041FA02F3D040C2F1200291400843C4
:100520001946704710B5141E73F1000408DA401C18
:1005300041F1000192185B411A4301D120F0010002
:1005400010BD2DE9F04D92469B4611B1B1FA81F2F2
:1005500002E0B0FA80F220329046FFF7B2FF044684
:100560000F4640EA0A0041EA0B0153465A46084347
:1005700013D0114653EA010019D0C8F14002504689
:10058000FFF7AEFF05460E46504659464246FFF776
:1005900098FF084305D0012004E020463946BDE815
:1005A000F08D0020054346EAE0762C4337430A9855
:1005B0006305E40AA0EB08000022FD0A44EA475460
:1005C0000A3002D500200146E9E70105101969410A
:1005D000DDE9084500196941BDE8F04DA2E72DE9C4
:1005E000F04D81EA030404F0004B21F0004514466D
:1005F0004FF0000A23F0004150EA050220D054EAEF
:1006000001021DD0C5F30A570246C5F31303C1F317
:100610001300C1F30A5640F4801543F48013A7EB8E
:100620000608101BD64608F2FD3873EB050002D30E
:1006300008F1010801E092185B41B8F1000F03DAFC
:1006400000200146BDE8F08D00204FF480110646E1
:1006500084460EE0171B73EB050705D3121B63EBF3
:10066000050306434CEA010C49084FEA3000921892
:100670005B4150EA0107EDD152EA030012D082EA51
:10068000040083EA0501084305D0101BAB4106D2E4
:100690000122002306E000224FF0004302E06FF049
:1006A000010253101AEB06004CEB085110EB0A0044
:1006B00041EB0B01BDE8F04DFFF734BFC1F30A5227
:1006C000C1F3130140F2FF3341F480119A4202DA80
:1006D00000200146704740F233439A42A2F233426F
:1006E00002DC5242FFF7FCBEFFF7EBBE30B5041E42
:1006F00071F1000404DB4FF00044404264EB01015F
:10070000141E73F1000405DB1C464FF000435242F7
:1007100063EB0403994208BF904230BD064C074D7D
:1007200006E0E06840F0010394E8070098471034C1
:10073000AC42F6D3FFF72CFDC0AD0008E0AD0008D9
:10074000FEE7704770B5044600F00CF90546601CE2
:1007500002D004480078044400F004F9401BA04291
:10076000FAD370BD800000202DE9F84FDFF8BCA15E
:100770000022012503264FF00F090AF1040BAAF10C
:10078000040E00BF0B6805FA02F42340A34270D1A7
:100790000F7907F00307012F01D0022F16D18768C8
:1007A0004FEA420806FA08FC27EA0C07D1F80CC009
:1007B0000CFA08FC4CEA070CC0F808C04768A743CD
:1007C0000C79C4F3001494403C4344600C79E44336
:1007D000A4070AD0C4684FEA420C06FA0CF7BC43DF
:1007E0008F6807FA0CF72743C7600C7904F00304FD
:1007F000022C12D1D40800EB840CDCF820405707FF
:10080000FF0E09FA07F824EA0804D1F8108008FA64
:1008100007F848EA0408CCF8208004684FEA420C44
:1008200006FA0CF7BC430F7907F0030707FA0CF739
:10083000274307604C6814F4403F70D03C4C276855
:1008400047F480472760246822F0030704F48044BB
:100850000094384C07EB040CDCF8084897074FEA83
:10086000177809FA08F7BC43334FB84202D1002782
:1008700024E054E0314FB84201D101271EE0304F4F
:10088000B84201D1022719E02E4FB84201D1032707
:1008900014E02D4FB84201D104270FE02B4FB8428E
:1008A00001D105270AE02A4FB84201D1062705E009
:1008B000284FB84201D1072700E0082707FA08F7B8
:1008C0002743CCF80878DAF800405746D1F804C03E
:1008D0009C435FEACC2C00D51C433C60DBF8004015
:1008E0005F46D1F804C09C435FEA8C2C00D51C43C2
:1008F0003C60DEF800407746D1F804C09C435FEAD4
:100900008C3C00D51C433C60084F083F3C68D1F844
:1009100004C09C435FEACC3C00D51C433C60521CA5
:10092000102AFFF42FAFBDE8F88F0000083C01400B
:100930004438024000300140000002400004024000
:1009400000080240000C0240001002400014024067
:1009500000180240001C02400AB18161704709047E
:10096000FBE700000148806870470000800000201D
:10097000024881680278114481607047800000203D
:100980000B4810B5016841F400710160016841F441
:1009900080610160016841F480710160032000F012
:1009A00061F80F2000F006F800F024F8002010BDD8
:1009B000003C024070B50D4D04464FF47A71287822
:1009C000B1FBF0F00A490968B1FBF0F000F0EAFB76
:1009D00048B9102C07D200222146501E00F022F800
:1009E00000206C6070BD012070BD00008000002000
:1009F0008C0000200A4808B5016841F4804101607C
:100A0000006800F4804000900548001F016841F034
:100A100080510160006800F08050009008BD000027
:100A200044380240F0B40E4B1B680C46C3F302235B
:100A3000C3F10705042D00D90425191D072901D28A
:100A4000002300E0DB1E012606FA05F1491E2140C5
:100A500099409E40761E16403143F0BC02F0ECB93E
:100A60000CED00E0064900F0070208684FF6FF03AE
:100A7000184040EA0220034A104308607047000013
:100A80000CED00E00000FA052DE9F0470E460500E8
:100A900065D0DFF81481D8F80000F7B200F0070045
:100AA000B04207D288F80070D8F8000000F00700C4
:100AB000B04254D128683D4C810712D5400703D578
:100AC000206840F4E05020602878000703D52068B3
:100AD00040F4604020602068A96820F0F0000843DE
:100AE00020602878C0072DD030496868083901286F
:100AF00012D0022813D0032811D0096889070029D1
:100B00002DDA216821F0030101432160FFF72AFF5C
:100B1000814641F2883A0EE009688903EFE70968E7
:100B20008901ECE7FFF71EFFA0EB0901514502D94F
:100B30000320BDE8F0872068696800F00C00B0EB86
:100B4000810FEFD1D8F80010404601F00701B14203
:100B500007D90770006800F00700B04201D00120FB
:100B6000E7E72878400705D52068E96820F4E050D9
:100B7000084320602878000706D52068296920F4FA
:100B8000604040EAC100206000F038F82168084A5F
:100B9000C1F30311515CC84006490860064800686B
:100BA000FFF708FF0020C4E7003C0240083802407D
:100BB000A6AD00088C0000208400002004480549F0
:100BC00000680968044AC1F38221515CC84070473B
:100BD0008C00002008380240B6AD000804480549E2
:100BE00000680968044AC1F34231515CC84070474B
:100BF0008C00002008380240B6AD0008154810B53A
:100C0000006810F00C02144813D04110042A0FD0D1
:100C1000082A0ED10F4C241F2268236802F03F02DD
:100C20005B0207D52068C0F38810A0FB010106E035
:100C3000084610BD2168C1F38811A1FB0001002303
:100C4000FFF7C0FA2168C1F30141491C4900B0FB1C
:100C5000F1F010BD083802400024F4002DE9F84FEF
:100C600004006ED02078DFF84C93C007A9F104058A
:100C70004AD009F104000168C1F38101012908D0BB
:100C80000068C0F3810002280AD1D9F800004002B0
:100C900006D52868800337D560680028E1D033E0A6
:100CA0006068B0F5803F10D0B0F5A02F286810D054
:100CB00020F480302860286820F480202860606854
:100CC000A8B1FFF74FFE06460DE0286840F48030DB
:100CD000F4E740F480202860F7E700BFFFF742FE0A
:100CE000801B642873D828688003F7D50CE0FFF7D1
:100CF00039FE064605E000BFFFF734FE801B64287E
:100D0000F0D828688003F7D42078DFF8AC82800719
:100D10004FF0000A3ED5A748001D016811F00C0FE6
:100D200008D00068C0F3810002280BD1D9F8000078
:100D3000400207D42868800716D5E068012800D152
:100D400012E033E1E068B8B10120C8F80000FFF715
:100D500009FE064605E000BFFFF704FE801B0228DF
:100D6000C0D828688007F7D52868216920F0F800E6
:100D700040EAC10028600DE0C8F800A0FFF7F2FDCE
:100D8000064604E0FFF7EEFD801B02281FD8286806
:100D90008007F7D42078000722D5864F87486169FD
:100DA000703771B101210160FFF7DCFD064604E0F8
:100DB000FFF7D8FD801B022809D838688007F7D5CF
:100DC0000EE0C0F800A0FFF7CDFD064605E082E08A
:100DD000FFF7C8FD801B02287DD838688007F7D44C
:100DE0002078400768D5DFF8CCB100270BF13C0B29
:100DF000DBF80000C0000BD4DBF8001041F080519C
:100E0000CBF80010DBF80000012700F080500090C4
:100E10006B4E3068C00510D4306840F4807030608C
:100E2000FFF7A0FD009005E0FFF79CFD0099401A38
:100E3000022850D83068C005F6D55E4EA0686C36E2
:100E400001280FD00528306810D020F00100306054
:100E5000306820F004003060A068B8B1FFF782FD70
:100E600000900FE0306840F00100F4E740F004002B
:100E70003060F7E7FFF776FD0099411A41F28830BC
:100E8000814266D830688007F4D50EE0FFF76AFD2E
:100E9000009007E0FFF766FD0099411A41F28830A3
:100EA000814256D830688007F4D42FB1DBF80010A7
:100EB00021F08051CBF80010A069C8B33D49091D4D
:100EC0000968C1F3810102294AD00228504607D09F
:100ED000C8F8600000E03CE0FFF744FD04463BE05A
:100EE0004746C8F86000FFF73DFD064605E000BF35
:100EF000FFF738FD801B02282BD828688001F7D423
:100F0000D4E907010843A16A2E4A490802EB0141CE
:100F1000626A41EA8211084394F82C1040EA0161A8
:100F2000C9F8001001203866FFF71CFD044606E0F2
:100F30003EE000BFFFF716FD001B022809D8286815
:100F40008001F7D534E000BFFFF70CFD001B02283D
:100F500002D90320BDE8F88F28688001F4D427E087
:100F60000128F7D0D9F80000E26900F4800191422D
:100F70001CD1226A00F03F01914217D147F6C0719F
:100F8000626A0140B1EB821F10D1A26A4FF0FF33B9
:100F900000F4403103EB5202B1EB024F06D194F85A
:100FA0002C1000F07060B0EB016F01D00120D1E790
:100FB0000020CFE70438024000004742800E47423D
:100FC000007000400000FFFF70B5040009D0606AA7
:100FD000002540B125616561A56294F8510040B1DA
:100FE0000CE0012070BD6068B0F5827FF4D0E5614F
:100FF000F2E784F85050204600F044F8022084F8CC
:1010000051002068016821F040010160A088218919
:1010100000F4827001F404410843A18901F40061E5
:101020000843217C01F002010843217D01F0010108
:101030000843218B01F400710843217F01F038013E
:10104000084394F8201001F080010843218D01F439
:101050000051084321680860A069042101EA10409A
:1010600094F8241001F010010843216848602068BA
:10107000C16921F40061C1616565012084F85100F6
:10108000002070BD2DE9F04F87B00446142168465A
:10109000FFF7D0F83E492068884276D13D480024C9
:1010A000016841F400410160006800F400400590CF
:1010B00038481038016841F002010160016801F010
:1010C00002010591016841F002010160016801F02F
:1010D00002010591016841F001010160016801F020
:1010E00001010591016841F008010160016801F00A
:1010F00008010591016841F00801016000680225BE
:1011000000F0080005900820CDE900050320CDE996
:1011100002400620204E049069463046FFF724FB2B
:101120002020009069463046FFF71EFBAF030126E2
:10113000DFF868A0CDE9007669465046CDE9024562
:10114000FFF712FB4FF48058CDF80080CDE9016421
:10115000DFF84CB0694658460394FFF705FB4FF49F
:101160000059CDE9009669465846CDE90245FFF79A
:10117000FBFA012249465846FFF7EEFBCAF8187001
:10118000002241465846FFF7E7FB07B0BDE8F08F65
:10119000003C004040380240000402400000024091
:1011A000000C024010B5401EB0F1807F01D3012039
:1011B00010BD4FF0E02460610F21601701F03CFE8C
:1011C0000020A06107202061002010BD70B5040040
:1011D00004D094F83D00002510B106E0012070BD58
:1011E00084F83C50204600F023F8242084F83D0089
:1011F0002068C16821F40051C160204601F06CFDF7
:101200002068016921F4904101612068416921F061
:101210002A0141612068C16841F40051C160256420
:10122000202084F83D0084F83E00002070BD0000BE
:1012300010B586B0044614216846FEF7FBFF1B4933
:101240002068884230D11A48016841F010010160DD
:10125000006800F01000059015481438016841F04E
:1012600001010160016801F001010591016841F08F
:101270000101016000680F4C00F0010005904FF47F
:101280000070009002200190012002900320039042
:101290000720049069462046FFF766FA2015009063
:1012A00069462046FFF760FA06B010BD0010014005
:1012B0004438024000000240FEE7000070B5224CB6
:1012C0000021A089401E83B26089401E82B2084678
:1012D00000F0C0FCA4F6580001680B684FF6BF721E
:1012E00013400B6001680B6843F400630B600168F6
:1012F0000B6843F040030B60144BD1079961002148
:1013000007E006686568F5600568AE68B607FCD555
:10131000491C6589A68975438D42F2D801688C689D
:101320002406FCD44FF400449C610B6813400B600E
:1013300001680A684FF2FF731A400A60006801688A
:1013400041F04001016070BD2C0900200000024006
:101350002DE9F05F0023203A02F0FF0B284A824675
:1013600089464FF000401C4619469061DFF894E032
:10137000254EDEF8000026E00768DFF890C00BFB82
:101380000272BCF80070BCF804C09D5C0022BFB2C1
:101390001FFA8CFC5FEAC57802D026F8147001E0D1
:1013A00026F814C0641C491CB0F804806D0889B28A
:1013B000A4B2884501D1002103E0521C92B2082A50
:1013C000E8D35B1C9BB202899A42D5D8C288A9F1A6
:1013D000010111448BB28188AAF10100084482B254
:1013E00074464946504600F035FC20688188C08824
:1013F000BDE8F05F414389B2034801F059BA0000EB
:1014000000000240780000202C0100202C09002060
:101410002DE9F05FDFF8D08083468A46D8F80400D3
:10142000002317780589066819465C1C05FB04FC37
:1014300016F80CC0BC4508D104FB056492F801C045
:101440006478644501D1994604E09B1C44899BB2B1
:101450009C42EAD800221346C646244E27E007687D
:10146000DFF88CC009FB0474BCF80070BCF804C041
:101470001D5D0024BFB21FFA8CFC00BF5FEAC57877
:1014800002D026F8127001E026F812C0521C491C46
:10149000B0F804806D0889B292B2884501D100216C
:1014A00003E0641CA4B2082CE8D35B1C9BB2048943
:1014B0009C42D4D8C288AAF1010111448BB2818820
:1014C000ABF10100084482B274465146584600F020
:1014D000C1FB60688188C088BDE8F05F414389B284
:1014E000024801F0E5B90000780000202C0100203E
:1014F0002C09002030B50546094887B00C46007A13
:101500008DED000B50B107A102A801F081FC02AAE9
:101510002146284600F02CF807B030BD03A1F3E7C0
:101520002C090020252A2E2A6C66000025302A2E40
:101530002A6C66007FB51E46094B05460C46187A94
:101540001346324648B107A1684601F061FC6A467D
:101550002146284600F00CF87FBD03A1F4E7000007
:101560002C090020252A640025302E2A6400000062
:101570002DE9F0411546884604460A4F0A4E08E018
:1015800041462046FFF7E4FE38686D1C8088204401
:1015900084B27089A04202D92A78002AF0D1BDE82D
:1015A000F0810000780000202C0900202DE9F04196
:1015B00014460F4605460E4E15E07F2A09D83946D7
:1015C0002846FFF7C5FE3068641C8088284485B231
:1015D00009E0224639462846FFF71AFF7068A41C26
:1015E0008088284485B22278002AE6D1BDE8F081BF
:1015F000780000202DE9F84F814655420026022050
:101600001E4F884600EB4504A9EB05003A6808EB3D
:10161000060A00901FFA8AF180B200F04BFA09EB3B
:10162000050B1FFA8AF11FFA8BF03A6800F042FAB4
:10163000A8EB060A1FFA8AF11FFA8BF03A6800F04D
:1016400039FA00981FFA8AF13A6880B200F032FA4B
:101650002046B44208DC761C00EB4604641CF542CC
:1016600002D1A84200DC0020A84203DD6D1C04EB7F
:101670004504641C002DC7DDBDE8F88F2C0900204F
:101680002DE9F05F00EE102A80465742F8EEC00ABE
:1016900000EE103A022000EB4704B8EEC00A002525
:1016A0006C480E462DED028B9A4267DD80EE808AF3
:1016B0004FEA000900EE105AA8EB070BD9F80020FA
:1016C000B8EEC00AC0EE080ABCEEE00A10EE100A3E
:1016D000304481B21FFA8BF000F0ECF900EE105AA2
:1016E00008EB070AD9F80020B8EEC00AC0EE080AD5
:1016F000BCEEE00A10EE100A304481B21FFA8AF004
:1017000000F0D8F900EE105AD9F80020B8EEC00A5F
:10171000C0EE080ABCEEE00A10EE100A301A81B2E0
:101720001FFA8AF000F0C6F900EE105AD9F800202E
:10173000B8EEC00AC0EE080ABCEEE00A10EE100ACD
:10174000301A81B21FFA8BF000F0B4F92046AC4297
:1017500008DC6D1C00EB4504641CEF4202D1B8426A
:1017600000DC0020B84203DD7F1C04EB4704641C4E
:10177000002F9FDDBDEC028BBDE8F09F80EE208A3C
:101780005F420025814600BF00EE105A06EB070AB3
:101790001FFA8AF1B8EEC00AD9F80020C0EE080A94
:1017A000BCEEE00A10EE100AA8EB000080B200F0D8
:1017B00081F900EE105A1FFA8AF1D9F80020B8EE2C
:1017C000C00AC0EE080ABCEEE00A10EE100A40445F
:1017D00080B200F06FF900EE105AA6EB070A1FFA6C
:1017E0008AF1B8EEC00AD9F80020C0EE080ABCEEB3
:1017F000E00A10EE100A404480B200F05BF900EEFF
:10180000105A1FFA8AF1D9F80020B8EEC00AC0EECB
:10181000080ABCEEE00A10EE100AA8EB000080B245
:1018200000F048F92046AC4209DC6D1C05EB45018F
:101830000C18641CEF4202D1B84200DC0020B84210
:1018400004DD7F1C07EB47000444641C002F9BDD74
:1018500090E700002C0900202DE9FF4F83B00746D8
:10186000064604989B464FF480610090B1FBFBF064
:10187000DDF840901446019038194FF0000A401EE0
:10188000554602906EE00020F4EE000A27E000BF0B
:10189000374B99F80020A3F5006EB3F800C09B8881
:1018A00000211FFA8CFC9BB25FEAC27802D02EF8AE
:1018B00015C001E02EF81530761CB6B26D1C52082A
:1018C000A6EB0708ADB2A04501D13E4603E0491C96
:1018D00089B20829E8D3401C09F1010980B200EE61
:1018E000104AB8EE400A20EE201A00EE100AB8EEB8
:1018F000400AB4EEC01AF1EE10FAC9DC0198604358
:10190000A84216D1DDE9000100EB0108A8F10100B1
:1019100083B20298002582B23846009900F09AF905
:101920000198604381B2134800F0C2FF1FFA88F0AB
:1019300000900AF10108D84512D1049902988A440E
:1019400082B21FFA8AF33846009900F083F90099B1
:10195000AAEB0100401C604381B2064800F0A8FFDA
:101960001FFA88FADA458ED307B0BDE8F08F000081
:101970002C0900202C0100202DE9FE4F0027141A0D
:10198000002C00DC841A0FFA84F85C1A002C00DCAE
:10199000CC1A0FFA84FC06B20DB24FF0FF3482422B
:1019A00003D301208246019001E0A24601948B42BC
:1019B00003D301208146009001E0A1460094E04558
:1019C0004FF0000008DB8146019008EBD870C34659
:1019D0004410CDF808C026E0824600200090E3467F
:1019E0000CEBDC70CDF808804410D8461BE01048A2
:1019F000A9B20268B0B200F05DF80298204404B2C7
:101A00005C4508DBA4EB0B0004B20198304406B23D
:101A10000098284405B206EB0A0006B205EB09005F
:101A20007F1C05B23FB24745E1DDBDE8FE8F0000F7
:101A30002C09002070B514460C4A0B46A2F500652F
:101A40001288002192B203E025F81120491C89B2C6
:101A5000A142F9D30119491E8AB2194600F0FAF8D9
:101A60002146BDE87040024800F022BF2C0900204A
:101A70002C01002070B50D4B1446A3F500651B88A2
:101A800000229BB204E000BF25F81230521C92B233
:101A9000A242F9D30A19521E93B2024600F0DAF8B4
:101AA0002146BDE87040024800F002BF2C0900202A
:101AB0002C01002010B50B46024600F0CBF8094C73
:101AC0004FF00040A0610848008880B200F052FF4B
:101AD0000648006881680906FCD44FF40040A06104
:101AE00010BD0000000002402C090020D40000209E
:101AF0002DE9F0411C4616460D460746FFF79AFFB2
:101B00002819401E81B232463846FFF793FF22461D
:101B100029463846FFF7AEFFB81922462946BDE8E8
:101B2000F041401E80B2FFF7A5BF2DE9F84F8B466C
:101B3000032190460746A1EB4806002415464FF6C0
:101B4000FF7931E08DB1ABEB050081B2009009EA7D
:101B50004502381B924680B2FFF78CFF0098524630
:101B600081B2381980B2FFF785FF8CB1ABEB04006E
:101B700081B2009009EA4402781B924680B2FFF7D6
:101B800079FF0098524681B2781980B2FFF772FF50
:101B9000002E03DA06EB8406B61D04E0601B06EB9C
:101BA00080066D1E0A36641CAC42CBD942465946AB
:101BB0003846BDE8F84FFFF71DBD00002DE9F041A4
:101BC0001D4614464A19521E93B20219521E92B271
:101BD00000F040F81D4801680B684FF6BF721340D3
:101BE0000B6001680B6843F400630B6001680B68CD
:101BF00043F040030B60164BD1079961002100F6BA
:101C000058066C4308E007683568FD600568AF68F2
:101C1000BF07FCD5491C89B28C42F4DC01688C6892
:101C20002406FCD44FF400449C610B6813400B6005
:101C300001680A684FF2FF731A400A600068016881
:101C400041F040010160BDE8F0810000D4000020B7
:101C5000000002402DE9F047194D80464FF000404A
:101C6000994616460F46A8612A2000F05FFE154CE3
:101C7000A17B01EB080080B200F07CFEA07B304429
:101C800080B200F077FE2B2000F050FEE07B38445D
:101C900080B200F06FFEE17B01EB090080B200F042
:101CA00069FE2C2000F042FEA4F65800006881680E
:101CB0000906FCD44FF40040A861BDE8F08700009D
:101CC000000002402C090020014908607047000014
:101CD000780000204FF478414FF4FC6201EA1021B3
:101CE00002EA5012C0F3C4001143014301484160AD
:101CF000704700002C0900204FF478414FF4FC623B
:101D000001EA102102EA5012C0F3C400114301435A
:101D100001480160704700002C0900202DE9F041C6
:101D20001E4CDFF87C804FF000426072C8F818202B
:101D30000026F02538B102280AD0502701281CD0EF
:101D4000032822D00EE0362000F0F0FD702003E0E2
:101D5000362000F0EBFD002000F01CFEA673E673B9
:101D60006581A5810F48006881680906FCD44FF49D
:101D70000041C8F81810BDE8F081362000F0D6FD0B
:101D8000A02000F007FEA773E9E7362000F0CEFDA3
:101D9000C02000F0FFFDA673E773E1E72C090020E7
:101DA00000000240D40000200C49486080881428BC
:101DB0000FD005DC0C280AD0102807D1084804E011
:101DC000182808D0202801D1064808607047064826
:101DD000FBE70648F9E70648F7E70000780000202F
:101DE000600000203C0000206C0000205400002017
:101DF0004800002001490872704700002C090020AB
:101E00002DE9F05F00242548FFF7CEFF0020FFF703
:101E100073FFDFF89090DFF888B0214D214E224FFC
:101E2000DFF88880DFF888A009F17F090BF17F0BCC
:101E3000082C0AD2DFE804F004062426282A2C2ED7
:101E4000284600E03046FFF745FFFFF737FA19A2B2
:101E500046210D20FFF7AAFB1AA26A210D20FFF7E9
:101E6000A5FB1DA28E210D20FFF7A0FB4FF47A7079
:101E7000FEF768FC641CE4B2082CD9D3BDE8F09FDF
:101E80003846E0E74046DEE74846DCE75046DAE71A
:101E90005846D8E76FF07F40D5E7000024000020C7
:101EA0008080FF0080FF8000FF80800080FFFF00B7
:101EB000A3A3A30053544D333220CBA2C6C1B2E238
:101EC000CAD40000C6C1C4BBB7D6B1E6C2CA3A3252
:101ED00034302A3234300000BFD8D6C6C6F73A5361
:101EE000543737383900000070B50020FFF7F2FE94
:101EF000FFF7E4F95948FFF757FF6FF07F40FFF70E
:101F0000FBFE002156A20846FFF750FB00244FF4C9
:101F10007F0500BFA5EB0440FFF7EEFE0A22142167
:101F20002046FFF7A7FD641CA4B2F02CF2D30024D6
:101F30004FF47F45A5EB0420FFF7DEFE0A222321A4
:101F40002046FFF797FD641CA4B2F02CF2D30024C6
:101F5000C4F1FF00FFF7D0FE0A2232212046FFF72E
:101F600089FD641CA4B2F02CF2D346243F48FFF74D
:101F7000C3FE4B210A235A229620FFF71FFE3CA2E4
:101F800021460020FFF7F4FA3C48FFF7B5FE5F2139
:101F90000A235A229620FFF711FE5A2138A2002068
:101FA000FFF7E6FA3A48FFF7A7FE73210A235A2201
:101FB0009620FFF703FE6E2136A20020FFF7D8FA25
:101FC0003848FFF799FE87210A235A229620FFF707
:101FD000F5FD822134A20020FFF7CAFA48F2800002
:101FE000FFF78AFE9B210A235A229620FFF7E6FD7F
:101FF000962130A20020FFF7BBFA4FF08010FFF7C8
:102000007BFEAF210A235A229620FFF7D7FDAA2193
:102010002BA20020FFF7ACFA2D48FFF76DFEC3217D
:102020000A235A229620FFF7C9FDBE2129A20020CB
:10203000FFF79EFA2A48FFF75FFED7210A235A22AC
:102040009620FFF7BBFDD22126A20020FFF790FAD1
:10205000BDE870404FF4FA60FEF774BB1800002032
:10206000524742C8FDBBF9C9AB3A0000FFFF8000F0
:102070004C494748545F4359414E0000FF80FF00E0
:102080004C494748545F4D4147454E54410000007C
:1020900080FFFF004C494748545F59454C4C4F570F
:1020A00000000000A3A3A3004C494748545F4752D7
:1020B000455900004441524B5F4359414E000000D6
:1020C0004441524B5F4D4147454E54410000000092
:1020D000008080004441524B5F59454C4C4F5700A3
:1020E000404040004441524B5F4752455900000078
:1020F0002DE9F843294E2A4F2A4DDFF8AC80002401
:102100004FF47A790020FFF7E5FDFFF7D7F827486D
:10211000FFF74AFE3046FFF7EFFD34B1012C09D03E
:10212000022C31D0032C0DD133E00220FFF7F6FD55
:102130001FA203E00020FFF7F1FD20A214210846B2
:10214000FFF734FA3846FFF7D7FD53231A465021DC
:1021500013200095FFF780FB1B48FFF725FE404644
:10216000FFF7CAFD19A25A218220FFF71FFA822128
:1021700018A20846FFF71AFA4846FEF7E3FA641C6D
:10218000042CBFDBBDE8F8830320FFF7C7FD13A2D3
:10219000D4E70120FFF7C2FD15A2CFE7FBF9DFFF6F
:1021A0008DE5F6FF629F0008A8D39DFF2400002064
:1021B000446972656374696F6E5F56004469726545
:1021C0006374696F6E5F480030000020B7B4BFCD04
:1021D00000000000BFC6BCBC00000000446972657E
:1021E0006374696F6E5F565F466C69700000000033
:1021F000446972656374696F6E5F485F466C6970AD
:102200000000000010B50020FFF764FDFFF756F84E
:102210006FF07F40FFF770FDF02300211A4608465B
:10222000FFF766FC4FF47F00FFF766FD1E223221A8
:102230008C20FFF77AFC4FF47F40FFF75DFD1E22F4
:102240003221AA20FFF771FCFF20FFF755FD1E2267
:102250003221C820FFF769FC2948FFF74DFD1A21FC
:10226000402371220846FFF787FB51236A2216217B
:102270002320FFF781FB64235D2214212D20FFF72B
:102280007BFB6C23452210213420FFF775FB6C2368
:102290002C2210213E20FFF76FFB1A48FFF72CFD80
:1022A0001E22AA217820FFF7A5F91422AA2178205E
:1022B000FFF7A0F91448FFF71FFD28235A22AA218F
:1022C0007820FFF7DDF928234622AA217820FFF79E
:1022D000D7F90D487F30FFF70FFD32236422AA2182
:1022E0007820FFF7CDF93C236E22AA217820FFF752
:1022F000C7F9BDE810404FF4FA60FEF723BA0000BA
:1023000000FFFF00FFFF80008080FF0008B5002075
:10231000FFF7E0FCFEF7D2FF1848FFF7EDFC184886
:10232000532300901A4615211320FFF795FA1548FC
:10233000FFF7E2FC1448532300901A4615218D2024
:10234000FFF78AFA1148FFF7D7FC11485323009092
:102350001A468C211320FFF77FFA0E48FFF7CCFCBA
:102360000D48532300901A468C218D20FFF774FAF4
:10237000BDE808404FF4FA60FEF7E4B98DE5F6FFDA
:10238000629F0008FBF9DFFFF3A20008A8D39DFFBE
:1023900084A600085387FFFF15AA000870B5002027
:1023A000FFF798FCFEF78AFF6FF07F442046FFF7A7
:1023B000A3FC5648FFF788FC002155A20846FFF70A
:1023C000D7F85748FFF780FC56A220210020FFF7DE
:1023D000CFF85A48FFF778FC59A238210020FFF7C0
:1023E000C7F85E48FFF770FC5DA24C210020FFF7A4
:1023F000BFF86348FFF768FC62A25C210020FFF78A
:10240000B7F82012FFF778FC5D48FFF75DFC68A283
:1024100068210020FFF7ACF85048FFF755FC6FA289
:1024200074210020FFF7A4F84448FFF74DFC73A285
:1024300084210020FFF79CF83948FFF745FC76A27D
:1024400098210020FFF794F83048FFF73DFC78A270
:10245000B0210020FFF78CF87948FFF7A5FC7948F8
:10246000FFF74AFC78A2D8210020FFF79FF84FF42D
:10247000FA652846FEF766F9FEF720FF7548FFF774
:1024800093FC7548FFF738FC74A20A210E20FFF771
:102490008DF87648FFF788FC7548FFF72DFC75A28C
:1024A0001E210E20FFF782F87648FFF77DFC764864
:1024B000FFF722FC75A23C210E20FFF777F8604859
:1024C000FFF772FC7548FFF717FC75A25A210E2022
:1024D000FFF76CF87648FFF767FC7648FFF70CFCCF
:1024E00075A282210E20FFF761F85548FFF75CFCCA
:1024F0002046FFF701FC74A2B4210E20FFF756F826
:102500002846BDE87040FEF71DB900003C000020E1
:102510002123242728292A2B2C2D2E303132330039
:10252000480000202123242728292A2B2C2D2E3057
:102530003132333435363738000000005400002083
:102540002123242728292A2B2C2D2E3031323334D5
:1025500035363738393A3B3C000000006000002037
:102560002123242728292A2B2C2D2E3031323334B5
:1025700035363738393A3B3C3D3E3F40414200001A
:102580006C0000202123242728292A2B2C2D2E30D3
:102590003132333435363738393A3B3C3D3E3F40B3
:1025A0004142434445464748494A4B4C00000000DD
:1025B0002123262728292A2B2C2D2E303132333463
:1025C00035363738393A3B3C3D3E3F404142434443
:1025D00045464748494A4B4C000000002123262726
:1025E00028292A2B2C2D2E303132333435363738EA
:1025F000393A3B3C3D3E3F404142000021232627E3
:1026000028292A2B2C2D2E303132333435363738C9
:10261000393A3B3C000000002123262728292A2B99
:102620002C2D2E303132333435363738000000004F
:102630002123262728292A2B2C2D2E303132330016
:102640002400002000FFFF004153434949D7D6B77B
:10265000FBBCAF0000000020D1C68A00313231320D
:102660003AB7B4BFCDBFC6BCBC0000000C00002010
:10267000A5E1C500313631363AB7B4BFCDBFC6BCCF
:10268000BC0000001800002049B5FF003230323095
:102690003AB7B4BFCDBFC6BCBC0000005D58FF0058
:1026A000323432343AB7B4BFCDBFC6BCBC00000030
:1026B00030000020B9B6FF00333233323AB7B4BF2E
:1026C000CDBFC6BCBC000000D6D0CEC4CFD4CABEDD
:1026D000000000002DE9F05F4FF000082DED088BA1
:1026E000464647469FED599B9FED5A8B4046FFF764
:1026F000F1FAFEF7E3FD5948FFF756FB5848FFF79C
:10270000FBFA58A20A210020FEF750FF57A2282109
:102710000020FEF74BFFDFF85C914846FFF7ECFA2C
:1027200055A250210020FEF741FF56A26E21002045
:10273000FEF73CFFDFF854A15046FFF7DDFA54A244
:1027400096210020FEF732FF53A2B4210020FEF7AD
:102750002DFF0024CB469FED52AB9FED53BB40486D
:10276000FFF7CAFA0120FFF745FB04EB840006EBF4
:10277000400204230A215020FEF7DCFE604200EBF9
:10278000800007EB4002042328215020FEF7D2FEF0
:102790005846FFF7B1FA0120FFF72CFBC4EB0410F9
:1027A00000EB800508EB4502082350218220FEF74C
:1027B000C1FE0020FFF71EFB06EB450208236E2139
:1027C0008220FEF7B7FE5046FFF796FA0120FFF78A
:1027D00011FB2046FDF752FE894649EC100B0546D9
:1027E00053EC1A2B51EC100BFDF7D6FD53EC192BC3
:1027F000FDF72BFD41EC100B0323062296216420EC
:10280000FEF778FE49EC105B53EC1B2B51EC100BE0
:10281000FDF7C2FD53EC182BFDF717FD41EC100B33
:1028200004230B22B4216420FEF764FE0F20FDF781
:1028300089FF641CA4B2642C91D3BDEC088B40F6D4
:10284000C410BDE8F05FFDF77DBF00004AD8124D0F
:10285000FB2109404ED1915C7E4893C024000020AA
:10286000FFFF8000D5FDCAFD3A000000B8BACAFDDE
:102870003A00000080FFFF00CCEEB3E4BFD5B8F112
:102880003A000000CCEEB3E4303A00008080FF0054
:10289000D5FDD0A1CAFD3A00B8BAD0A1CAFD3A0010
:1028A0009A9999999999B93F7B14AE47E17A843FF7
:1028B000F0B51C4A13681D684FF6BF7425401D60B3
:1028C00013681D6845F400651D6013681D6845F0B8
:1028D00040051D60144DE307AB61002309E000BF14
:1028E000176830F81360FE601668B768BF07FCD53C
:1028F0005B1C8B42F4D3106881680906FCD44FF44A
:102900000041A961016821400160106801684FF22F
:10291000FF73194001601068016841F040010160D7
:10292000F0BD0000D4000020000002402DE9F0417D
:102930000E4C0746206881680906FCD40C4E4FF403
:102940000055002229463046FEF706F82068C76089
:10295000226890688007FCD590680006FCD4294660
:102960003046BDE8F0410122FDF7F6BFD40000205B
:10297000000C02400649020A0B68DA600A68936894
:102980009B07FCD5D060086881688907FCD5704733
:10299000D400002003490A68D0600868816889076C
:1029A000FCD57047D400002030B587B014216846AC
:1029B000FDF740FC0D480024016841F0040101606E
:1029C00000680B4D00F004000590224601212846C6
:1029D000FDF7C2FF01210091CDE9011469462846A7
:1029E0000394FDF7C1FE07B030BD0000303802404F
:1029F0000008024010B5124C10484FF400712060DE
:102A00004FF4827060604FF40040A0600020E060EE
:102A10002061C4E90501E06120626062A062E062B9
:102A20002046FEF7D1FA2068016841F040010160BC
:102A30002068016841F48041016010BD003C004005
:102A4000D4000020FEE7FEE77047000010B5FFF756
:102A5000D1FF0A20FDF776FE6D4C4FF00040A061DB
:102A60003620FFF763FF0020FFF794FF3A20FFF7BF
:102A70005DFF0520FFF78EFFB220FFF757FF0C2008
:102A8000FFF788FF0C20FFF785FF0020FFF782FF8C
:102A90003320FFF77FFF3320FFF77CFFB720FFF7DE
:102AA00045FF3520FFF776FFBB20FFF73FFF1920DA
:102AB000FFF770FFC020FFF739FF2C20FFF76AFFF8
:102AC000C220FFF733FF0120FFF764FFC320FFF7A9
:102AD0002DFF1220FFF75EFFC420FFF727FF202005
:102AE000FFF758FFC620FFF721FF0F20FFF752FF27
:102AF000D020FFF71BFFA420FFF74CFFA120FFF71A
:102B000049FFE020FFF712FFD020FFF743FF04202A
:102B1000FFF740FF0D20FFF73DFF1120FFF73AFFC1
:102B20001320FFF737FF2B20FFF734FF3F20FFF77D
:102B300031FF5420FFF72EFF4C20FFF72BFF18200A
:102B4000FFF728FF0D20FFF725FF0B20FFF722FFDF
:102B50001F20FFF71FFF2320FFF71CFFE120FFF7D7
:102B6000E5FED020FFF716FF0420FFF713FF0C202F
:102B7000FFF710FF1120FFF70DFF1320FFF70AFFEB
:102B80002C20FFF707FF3F20FFF704FF4420FFF74B
:102B900001FF5120FFF7FEFE2F20FFF7FBFE1F2055
:102BA000FFF7F8FE1F20FFF7F5FE2020FFF7F2FEEB
:102BB0002320FFF7EFFE2120FFF7B8FE1120FFF7DB
:102BC000B5FE7820FDF7BEFD2920FFF7AFFE1148C6
:102BD000006881680906FCD44FF40040A06102201F
:102BE000FFF79CF80020FFF775F86FF07F40FFF7C4
:102BF00083F8FEF763FB094907480122086008498A
:102C000000200872BDE8104011030648FDF7A4BE7D
:102C100000000240D400002048000020780000207E
:102C20002C090020000C02407047FDF7A1BE0000F7
:102C300030B593B030216846FDF7FCFA14210CA89A
:102C4000FDF7F8FA1E480025016841F08051016047
:102C5000006800F0805011901A48016841F48041EA
:102C600001600068022400F480401190012000906F
:102C7000000401908001CDE90640082008904FF43F
:102C8000A870CDE9090404200B906846FDF7E6FF23
:102C900008B172B6FEE70CA90F2081E831004FF4AD
:102CA000A0500F904FF48050109005210CA8FDF714
:102CB000EBFE002801D072B6FEE713B030BD000075
:102CC00040380240007000400248016841F4700141
:102CD0000160704788ED00E070B504460068016946
:102CE000E26821F44051114301612169A068E26961
:102CF00008436169114308432168CA6849F20C63BB
:102D00009A430243CA6020684169A26921F4407174
:102D10001143416131492068884202D030498842DC
:102D200002D1FDF75BFF01E0FDF748FFE2690023F8
:102D3000192164253226B2F5004F626828D0A0FB25
:102D40000101930F9200FDF73DFA0146B0FBF5F04B
:102D50006FF01802504301EB800006EB0010B0FB4F
:102D6000F5F000F0F002B1FBF5F002EB0012B1FB60
:102D7000F5F06FF01803584301EB800006EB0010EC
:102D8000B0FBF5F000F00F0021681044886070BDC2
:102D9000A0FB010192185B41FDF714FA0146B0FB5C
:102DA000F5F00201B1FBF5F06FF01803584301EBA9
:102DB000800006EBC000B0FBF5F000F0F80002EB7D
:102DC0004002B1FBF5F0584301EB800006EBC00078
:102DD000B0FBF5F000F00700D6E70000001001405E
:102DE000001401400848074901604FF4E131416097
:102DF000002181600822C160C0E904128161C161C3
:102E0000FEF7E4B90010014090000020FEE700004A
:102E10000FB4084B10B504A902AA039800F0EEF80D
:102E2000044602A9002000F06CFC204610BC5DF8AE
:102E300014FB0000033700080907090E002804DB13
:102E400000F1E02080F80014704700F00F0000F15E
:102E5000E02080F8141D704702E008C8121F08C166
:102E6000002AFAD170477047002001E001C1121F0B
:102E7000002AFBD1704700002DE9FF5F82B00021DE
:102E8000DDE90430020DDDF840B0034318D044F60C
:102E90001050A2F2FF3242431514119801281FD09E
:102EA000A5EB0B00401C5FEA000A4FF000064E4FF6
:102EB000DFF83891B046504615D5CAF1000413E04A
:102EC000119801244AA3012801D16FEA0B0102984D
:102ED000119AC0E90031C0E9024206B0BDE8F09F96
:102EE000CBF10000DFE704460021404A491842EBDD
:102EF0000450CDE9001012E0E00707D032463B460F
:102F000040464946FDF748FA8046894632463B46E8
:102F100010461946FDF740FA06460F466410002C8D
:102F2000EAD1DDE90401DDE90023BAF1000F06DA98
:102F3000FDF732FA42464B46FDF72EFA05E0FDF763
:102F40004EFB42464B46FDF74AFB04460E46002226
:102F5000284BFDF7CBFB03D84FF0FF30014607E0CD
:102F60000022254B20463146FDF76FF9FDF7A6FB01
:102F7000102409E0002C0ADB0A220023FDF722F9C5
:102F8000039B30321A55641E50EA0102F2D1641CD0
:102F9000039AC4F111031444119A012A03D00122A7
:102FA00008430DD10AE0084304D000204FF0110B74
:102FB000119072E7A3EB0B056D1E0DE05B4504DD80
:102FC0004FF0000205F1010504E003DA4FF00002C2
:102FD000A5F10105002AECD002981199C0E902314F
:102FE000C0E9004579E70000000014400000F03F10
:102FF000300000000000F0430000E03F2DE9FF4FEB
:1030000095B09A46884606460025EEE1252877D1F8
:1030100000242746F94A0121039400E0044316F8EE
:10302000013F203B01FA03F01042F7D130782A2803
:1030300011D06FF02F033078A0F13002092A16D892
:10304000039A44F0020402EB820203EB42021044B2
:10305000761C0390EFE758F8042B0392002A03DA5A
:10306000504244F40054039044F00204761C30783B
:103070002E2816D116F8010F44F004042A280DD08A
:103080006FF02F023078A0F13003092B09D807EB3D
:10309000870302EB4303C718761CF3E758F8047B59
:1030A000761C30786C280FD006DC4C2817D06828A6
:1030B0000DD06A2814D104E0742810D07A280FD1DA
:1030C0000DE044F400140AE044F4801401E044F4F8
:1030D00040147278824202D104F58014761C761C6A
:1030E000307866280BD013DC582877D009DC00280C
:1030F00075D04528F6D04628F4D047281AD193E158
:1031000018E0632835D0642879D0652812D18BE186
:10311000702873D008DC6728F1D069286FD06E283A
:103120000DD06F2806D1ACE073282CD0752874D050
:10313000782853D05246179990476D1C54E1C4F338
:103140000250022809D003280DD0D8F80010042816
:103150000DD00D6008F1040846E1D8F80010EA1718
:10316000C1E90052F6E7D8F800100D80F2E70D70C3
:10317000F0E718F8041B8DF8001000208DF801000E
:10318000EB46012003E058F804BB4FF0FF30610725
:103190004FF0000102D40DE009F101018946B94266
:1031A0000FDA8145F8DB1BF809100029F4D108E09B
:1031B00009F1010189468142FADB1BF80910002957
:1031C000F6D103985346A0EB090721463846179AD3
:1031D00000F080FA284400EB090507E044E008E12C
:1031E0000DE01BF8010B524617999047B9F1010900
:1031F000F7D2534621463846179AF2E039E00A21C1
:10320000C4F302524FF0000B0091022A06D058F886
:10321000040BC117032A09D00AE023E008F10700D4
:1032200020F00702F2E80201904605E000B2C11763
:10323000042A01D140B2C117002906DA0A4600214A
:10324000404261EB02012D2202E0220504D52B222F
:103250008DF80420012203E0E20701D02022F7E7E5
:10326000914657E00A2100E010214FF0000B009139
:103270000BE010214FF0000B44F0040408270091EC
:1032800003E008204FF0000B0090C4F30252022A22
:1032900005D058F8040B0021032A08D008E008F1F3
:1032A000070020F00702F2E80201904603E080B236
:1032B000042A00D1C0B24FF0000922072AD5327883
:1032C000702A07D0DDF800C08CF0100C5CEA0B0C03
:1032D00005D00EE040228DF80420012208E050EADB
:1032E000010306D030238DF804308DF8052002222A
:1032F0009146009B83F0080353EA0B030AD150EA7E
:10330000010201D1620705D530228DF804204FF06B
:1033100001097F1E3278582A04D039A20C920CAAD7
:1033200002920BE03BA2F9E75B46009AFCF74AFFEA
:103330000C9B9B5C029A521E0292137050EA01028F
:10334000F2D1029804A9081A00F1200B600702D5F7
:1033500024F4803400E001275F4502DDA7EB0B0079
:1033600000E0002000EB0B01009003984944401A54
:103370000390E00306D453462146179A039800F0C1
:10338000A9F90544002706E001A85246C05D179937
:1033900090476D1C7F1C4F45F6DBE0030CD5534670
:1033A0002146179A039800F095F9054404E030206F
:1033B0005246179990476D1C0099481E00900029AD
:1033C000F5DC08E00298029952460078491C029107
:1033D000179990476D1CBBF10001ABF1010BF1DCBB
:1033E0005BE100F065F90544761C307800287FF435
:1033F0000DAE19B02846BDE8F08F00000928010085
:10340000303132333435363738396162636465665A
:10341000000000003031323334353637383941421C
:103420004344454600000000600700D4062708F129
:10343000070020F00700F0E80223804603F0004C6C
:103440005FEA0C0001D097A009E0200501D596A005
:1034500005E0E00701D095A001E0AFF24C00139029
:10346000307823F0004365280CD006DC452809D0CD
:1034700046281DD047287FD13BE0662818D0672812
:103480007AD136E00021112F01DB112000E0781CF9
:10349000CDE9000104A90CA8FFF7EEFCDDE90D0160
:1034A0000C9A4FF0000B07F10109109200914EE0C9
:1034B0004FF000400097CDE9011004A90CA8FFF7D8
:1034C000DBFCDDE90D020C9B0F994FF0000B9146E0
:1034D0001093009211B9791C00EB0109B7EB0900B8
:1034E00003D4C0F1FF3B07F10109A9EB07000190EC
:1034F00042E0012F00DA01270021112F01DD112008
:1035000000E03846CDE9000104A90CA8FFF7B4FC9F
:10351000DDE90D010C9A00914FF0000BB9461092B5
:1035200021070FD4009A4A4503DA914601E0A9F138
:103530000109B9F1010F05DD109AA9F10101515CF2
:103540003029F4D0B84202DA10F1040F03DA012175
:10355000CDE9011010E0002803DC8344A9EB000151
:1035600002E0411C494500DD8946A0EB0B00401CF0
:1035700001904FF000400290200705D40198484583
:1035800002DB4FF0FF30019000208DF84B000298D5
:103590000DF14B07B0F1004F25D002200C902B20ED
:1035A0000D90029800280CDA404202902D200D90D8
:1035B00007E00A210298FCF76EFF3031029007F80D
:1035C000011D0C99481E0C900029F2DC029800287D
:1035D000EFD1791E0D980870307800F0200040F08F
:1035E000450007F8020D11A8C01BC01D02901398DA
:1035F000007800B1012000EB0901019801EBE071B6
:10360000029801440398401A401E0390E00306D438
:1036100053462146179A039800F05CF80544139826
:10362000007818B15246179990476D1CE00323D5D6
:1036300053462146179A039800F04CF805441BE0C6
:10364000BBF1000F07DB0098584504DD109817996F
:1036500010F80B0001E0179930205246904701986E
:103660000BF1010B401E05F10105019004D12E2044
:103670005246179990476D1CB9F10001A9F1010953
:10368000DEDC05E017F8010B5246179990476D1CD8
:103690000299481E02900029F4DC53462146179AED
:1036A00003989EE62D0000002B0000002000000083
:1036B0002DE9F041044600251E461746880404D42F
:1036C00005E039462020B0476D1C641EF9D5284618
:1036D000BDE8F0812DE9F041044600251E469046E4
:1036E000C80301D5302700E02027880404D505E071
:1036F00041463846B0476D1C641EF9D52846BDE8E2
:10370000F0810A68531C0B6010707047FDF738F9A0
:10371000FFF78EFAFFF748F9FFF764FBFFF796F91A
:10372000FEF76EFBFEF73AFEFEF7D4FFFEF7DCFB7A
:10373000FEF768FDFEF7EAFDFEF7DAFCF0E70000B1
:1037400000000000FC070400FC031402A401660052
:103750009E0700000000B7B4000000000000000059
:103760000000000000000000000000000000000059
:1037700000006000FE07FA031601FF0FFC030402BD
:10378000FC0300000000BFCD0000000000000000AE
:103790000000000000000000000000000000000029
:1037A000000000017F0184013F014C01F607050183
:1037B000040100000000BFC600000000000000007F
:1037C00000000000000000000000000000000000F9
:1037D000000000008400FF078400FC032703C400EE
:1037E000370700000000BCBC000000000000000023
:1037F00000000000000000000000000000000000C9
:1038000000000000000000000000000000000000B8
:1038100000000000000000000000000000000000A8
:103820000000000000000000000000000000000098
:103830000000000000000000000000000000000088
:103840000000000000000000000000000000000078
:103850000000000000000000000000000000000068
:103860000000000000000000000000000000000058
:103870000000000000000000000000000000000048
:103880000000000000000000000000000000000038
:103890000000000000000000000000000000000028
:1038A0000000000000000000000000000000000018
:1038B0000000000000000000000000000000000008
:1038C00000000000000000000000000000000000F8
:1038D00000000000000000000000000000000000E8
:1038E00000000000000000000000000000000000D8
:1038F00000000000000000000000000000000000C8
:1039000000000000000000000000000000000000B7
:1039100000000000000000000000000000000000A7
:10392000000000000000FC1F0400FC0F1408240429
:103930006402860162071D38000000000000B7B471
:103940000000000000000000000000000000000077
:103950000000000000000000000000000000000067
:10396000000000000000C000FE1FF2071802E60180
:103970001F3EF8070804F807000000000000BFCD54
:103980000000000000000000000000000000000037
:103990000000000000000000000000000000000027
:1039A0000000000000000008BE09080BFE0898098E
:1039B000EC3F0A0808080808000000000000BFC625
:1039C00000000000000000000000000000000000F7
:1039D00000000000000000000000000000000000E7
:1039E0000000000000000402FF3F0402E41F4C102E
:1039F0008708040784077738000000000000BCBC7B
:103A000000000000000000000000000000000000B6
:103A100000000000000000000000000000000000A6
:103A20000000000000000000000000000000000096
:103A30000000000000000000000000000000000086
:103A40000000000000000000000000000000000076
:103A50000000000000000000000000000000000066
:103A60000000000000000000000000000000000056
:103A70000000000000000000000000000000000046
:103A80000000000000000000000000000000000036
:103A90000000000000000000000000000000000026
:103AA0000000000000000000000000000000000016
:103AB0000000000000000000000000000000000006
:103AC00000000000000000000000000000000000F6
:103AD00000000000000000000000000000000000E6
:103AE00000000000000000000000000000000000D6
:103AF00000000000000000000000000000000000C6
:103B000000000000000000000000000000000000B5
:103B100000000000000000000000000000000000A5
:103B20000000000000000000000000000000000095
:103B30000000000000000000000000000000000085
:103B40000000000000000000000000000000000075
:103B50000000000000000000000000000000000065
:103B60000000000000000000000000000000000055
:103B70000000000000000000000000000000000045
:103B80000000000000000000000000000000000035
:103B90000000000000000000000000000000000025
:103BA0000000000000000000000000000000E00332
:103BB000F81F00080000080000F8FF014880018895
:103BC000C000086100083600041C0084E300720095
:103BD00007000000000000000000B7B40000000073
:103BE00000000000000000000000000000000000D5
:103BF00000000000000000000000000000000000C5
:103C000000000000000000000000000000000000B4
:103C100000000000000000000000000000000000A4
:103C20000000000000000100000300FEFF01620030
:103C300001F87F007E3000800F007FF003F87F00E6
:103C4000084000F87F00084000000000000000006D
:103C50000000BFCD000000000000000000000000D8
:103C60000000000000000000000000000000000054
:103C70000000000000000000000000000000000044
:103C80000000000000000000000000000000000034
:103C900000000000000000000000000000E0400004
:103CA0001E4600104C00105800FE430010460078DD
:103CB0004C00DC400014F003924F00104000104014
:103CC00000000000000000000000BFC6000000006F
:103CD00000000000000000000000000000000000E4
:103CE00000000000000000000000000000000000D4
:103CF00000000000000000000000000000000000C4
:103D000000000000000000000000000000000000B3
:103D10000000000000081000081000FFFF0308105A
:103D200000081000E8FF011C02010B8600086C006F
:103D3000081800086F00EF8003000000000000007A
:103D40000000BCBC000000000000000000000000FB
:103D50000000000000000000000000000000000063
:103D60000000000000000000000000000000000053
:103D70000000000000000000000000000000000043
:103D800000000000000000000000000000FCFF0335
:103D9000000000000000000000000000F8FF01002B
:103DA0000000000000000000000000000000FEFF16
:103DB00007000000000000000000C8FD2000000017
:103DC00000000000000000000000000000000000F3
:103DD00000000000000000000000000000000000E3
:103DE00000000000000000000000000000000000D3
:103DF00000000000000000000000000000000000C3
:103E00000000000000102000FEFF01102000F03F25
:103E100000102000F03F00102000FFFF03102100E1
:103E2000FCFF00030103FEFF010000000000000092
:103E30000000BBF9200000000000000000000000AE
:103E40000000000000000000000000000000000072
:103E50000000000000000000000000000000000062
:103E60000000000000000000000000000000000052
:103E70000000000000000000000000000040000002
:103E8000F01F00181800040C00FFFF00048200045B
:103E90008200FCFF00048000040000040002F8FF20
:103EA00001000000000000000000C9AB200000007D
:103EB0000000000000000000000000000000000002
:103EC00000000000000000000000000000000000F2
:103ED00000000000000000000000000000000000E2
:103EE00000000000000000000000000000000000D2
:103EF00000000000000000000000000000000000C2
:103F000000000000000000000000000000000000B1
:103F100000000000000000000000000000000000A1
:103F20000000000000000000000000000000000091
:103F30000000000000000000000000000000000081
:103F40000000000000000000000000000000000071
:103F50000000000000000000000000000000000061
:103F60000000000000000000000000000000000051
:103F70000000000000000000000000000000000041
:103F80000000000000000000000000000000000031
:103F90000000000000000000000000000000000021
:103FA0000000000000000000000000000000000011
:103FB0000000000000000000000000000000000001
:103FC00000000000000000000000000000000000F1
:103FD00000000000000000000000000000000000E1
:103FE00000000000000000000000000000000000D1
:103FF00000000000000000000000000000000000C1
:1040000000000000000000000000000000000000B0
:1040100000000000000000000000000000000000A0
:104020000000000000000000000000000000000090
:104030000000000000000000000000000000000080
:104040000000000000000000000000000000000070
:104050000000000000000000000000007FF8FF00EA
:10406000180000180000180000F8FF3F9801309871
:10407000031818030818060C180C060818030CF08F
:10408000000CF001061C0786033C7300E0000000F2
:10409000000000000000B7B40000000000000000B5
:1040A0000000000000000000000000000000000010
:1040B0000000000000000000000000000000000000
:1040C00000000000000000000000000000000000F0
:1040D00000000000000000000000000000000000E0
:1040E0000000000000000000000000100000700050
:1040F000FCFFFF0C07C08C03C0C0FF1FF0030E1CA9
:104100008E03007800C0C7073F00F8E0FF1F600083
:1041100018600018600018E0FF1F60001800000021
:10412000000000000000BFCD000000000000000003
:10413000000000000000000000000000000000007F
:10414000000000000000000000000000000000006F
:10415000000000000000000000000000000000005F
:10416000000000000000000000000000000000004F
:104170000000000000000000000000001880071888
:104180007E301860601860801960001BFE071860A0
:104190001818F0711870C3186806186C00FF66FED6
:1041A0001862001860001860001860001800000015
:1041B000000000000000BFC600000000000000007A
:1041C00000000000000000000000000000000000EF
:1041D00000000000000000000000000000000000DF
:1041E00000000000000000000000000000000000CF
:1041F00000000000000000000000000000000000BF
:104200000000000000000000000030000330000348
:1042100030000330FCFFFF010330000330000330A7
:10422000FE7FF019603F383030301830600C30C0FD
:104230000630800330E00E3038781F07C0000000E1
:10424000000000000000BCBC0000000000000000F6
:10425000000000000000000000000000000000005E
:10426000000000000000000000000000000000004E
:10427000000000000000000000000000000000003E
:10428000000000000000000000000000000000002E
:10429000000000000000000000000000C0F8FFC0A7
:1042A00018C0CC18C0CCF8FFCC18C0CC180CCC1857
:1042B0000CCCD8FFCCD8CCCCD8CCCCD8CCCCCCCC9B
:1042C000C0CCCCC004FCC0060C7E00000000000086
:1042D000000000000000CBA2200000000000000051
:1042E00000000000000000000000000000000000CE
:1042F00000000000000000000000000000000000BE
:1043000000000000000000000000000000000000AD
:10431000000000000000000000000000000000009D
:1043200000000000000000000000000000F8FF7F17
:10433000180060180060F8FF7F180666180C061851
:104340000803D8FF7F180C06180C06F8FFFF0C0CAA
:10435000060C0C0604060606030603010600000010
:10436000000000000000C6C12000000000000000A6
:10437000000000000000000000000000000000003D
:10438000000000000000000000000000000000002D
:10439000000000000000000000000000000000001D
:1043A000000000000000000000000000000000000D
:1043B000000000000000000000000200C084FFCCEC
:1043C0009CC1CC88C1CC80D9CC83D9CC8ED9CC9897
:1043D000D9CC80D9CC80D9CC88D9CC98CDCC0C0C78
:1043E000CC0C36C00C63C0C6C1C074807D00000018
:1043F000000000000000B2E2200000000000000009
:1044000000000000000000000000000000000000AC
:10441000000000000000000000000000000000009C
:10442000000000000000000000000000000000008C
:10443000000000000000000000000000000000007C
:104440000000000000000000000002001B0C0073D0
:1044500018004338000380FFFF0000031F0003180B
:10446000000398FF03181802181806981806D818A1
:104470008678188C38F88D9C0F980800F0000000A2
:10448000000000000000CAD420000000000000006E
:10449000000000000000000000000000000000001C
:1044A000000000000000000000000000000000000C
:1044B00000000000000000000000000000000000FC
:1044C00000000000000000000000000000000000EC
:1044D00000000000000000000000008301FEFFFF5C
:1044E000008301F0FF3F300030F0FF3F300030F03C
:1044F000FF3F300C30000600FEFFFFC0300CF8FF1D
:104500007F67309860301860301F00300000000076
:10451000000000000000C4BB2000000000000000FC
:10452000000000000000000000000000000000008B
:10453000000000000000000000000000000000007B
:10454000000000000000000000000000000000006B
:10455000000000000000000000000000000000005B
:104560000000000000000000000000630080C100A7
:10457000C0800160000330000618001C0E007002AD
:1045800000C0F8FF0F00030E00030E80010680013B
:1045900006C0000660000738FC030E0000000000A3
:1045A000000000000000B7D620000000000000005E
:1045B00000000000000000000000000000000000FB
:1045C00000000000000000000000000000000000EB
:1045D00000000000000000000000000000000000DB
:1045E00000000000000000000000000000000000CB
:1045F0000000000000000018600C306018306010EF
:10460000FEE1FF00600082EDC1C46C636C6C36FE9D
:1046100065FF306618306618306018FEB1FF303024
:10462000183818181C1C180E0E180202180000006A
:10463000000000000000B1E62000000000000000C3
:10464000000000000000000000000000000000006A
:10465000000000000000000000000000000000005A
:10466000000000000000000000000000000000004A
:10467000000000000000000000000000000000003A
:104680000000000000000000000000380000700082
:10469000FFFFFF003800064E608C6338D03F0800F3
:1046A0001C00202604F8C31CCFFFF102304100306B
:1046B00000FFFFFF0030000030000030000000006D
:1046C000000000000000C2CA20000000000000003E
:1046D00000000000000000000000000000000000DA
:1046E00000000000000000000000000000000000CA
:1046F00000000000000000000000000000000000BA
:1047000000000000000000000000000000000000A9
:104710000000000000000030800030800130000305
:1047200030FEFFFE06C03086C430401830303030D6
:104730001860F00FC03EF87F3000033000033000F7
:104740000330000330000330FFFF1E0000000000B4
:10475000000000000000BFD82000000000000000A2
:104760000000000000000000000000000000000049
:104770000000000000000000000000000000000039
:104780000000000000000000000000000000000029
:104790000000000000000000000000000000000019
:1047A000000000000000000000008001609801602F
:1047B0008C0163FC3F63860163820163FFFF6380BA
:1047C0000163800163FC7F638C61638C61638C6136
:1047D000608C61608C3D6080013F00000000000043
:1047E000000000000000D6C620000000000000000D
:1047F00000000000000000000000000000000000B9
:1048000000000000000000000000000000000000A8
:104810000000000000000000000000000000000098
:104820000000000000000000000000000000000088
:1048300000000000000000000000000000FCC77F36
:104840000CC6600CC660FCC77F0CC660003006FE5C
:10485000FFFF006E0000C701F0010F1F00F8FCC74A
:104860007F0CC6600CC660FCC77F0CC660000000F1
:10487000000000000000C6F720000000000000005B
:104880000000000000000000000000000000000028
:104890000000000000000000000000000000000018
:1048A0000000000000000000000000000000000008
:1048B00000000000000000000000000000000000F8
:1048C0000000000000000000080000180000300098
:1048D000FEFFFF0600C00600C0E0FF0F000007005B
:1048E000800100E000003000FFFFFF0030000030DA
:1048F00000003000003000801F00000000000000B9
:10490000000000000000D7D62000000000000000DA
:104910000000000000000000000000000000000097
:104920000000000000000000000000000000000087
:104930000000000000000000000000000000000077
:104940000000000000000000000000000000000067
:104950000000000000000020800130C000F8DFFFF0
:10496000C8600684710C02390801100060000C70E8
:10497000000CB8FFFF3C000C36040C320C0C301855
:104980000C30100C30000C30000C30E00700000040
:10499000000000000000B7FB200000000000000045
:1049A0000000000000000000000000000000000007
:1049B00000000000000000000000000000000000F7
:1049C00000000000000000000000000000000000E7
:1049D00000000000000000000000000000000000D7
:1049E00000000000000000000000C0300060E00097
:1049F000F0FFFF386000F6FFFF336000F0FFFF308C
:104A00006000F0FFFF300000003000003000FEFFCB
:104A1000FF00FE018031077030380F30C000000009
:104A2000000000000000BCAF2000000000000000FB
:104A30000000000000000000000000000000000076
:104A40000000000000000000000000000000000066
:104A50000000000000000000000000000000000056
:104A60000000000000000000000000000000000046
:104A70000000000000000000000000180000180006
:104A8000001800001800FCFF7F0C18600C18600C68
:104A900018600C18600C1860FCFF7F0C1860001880
:104AA00000001800001800001800001800000000A6
:104AB000000000000000D6D0200000000000000030
:104AC00000000000000000000000000000000000E6
:104AD00000000000000000000000000000000000D6
:104AE00000000000000000000000000000000000C6
:104AF00000000000000000000000000000000000B6
:104B000000000000000000001C00003800006000F1
:104B1000FFFFFF60000C60000CC00006C0000680B4
:104B2000010300830100C700006C0000380000EEA4
:104B300000C0830778003C0600E000000000000091
:104B4000000000000000CEC42000000000000000B3
:104B50000000000000000000000000000000000055
:104B60000000000000000000000000000000000045
:104B70000000000000000000000000000000000035
:104B80000000000000000000000000000000000025
:104B900000000000000000000000000000F8FF3FDF
:104BA000180030180030F8FF3F180030180030F8B7
:104BB000FF3F18003004C62008C63018C63830C67B
:104BC0001820C60800C600FEFFFF0000000000001D
:104BD000000000000000CFD4200000000000000012
:104BE00000000000000000000000000000000000C5
:104BF00000000000000000000000000000000000B5
:104C000000000000000000000000000000000000A4
:104C10000000000000000000000000000000000094
:104C200000000000000000000000000000FCFF7F0A
:104C3000000000000000000000000000FFFFFF0077
:104C4000300020300430300C3830181830300C3040
:104C5000600630C0023080003000801F000000007D
:104C6000000000000000CABE20000000000000009C
:104C70000000000000000000000000000000000034
:104C80000000000000000000000000000000000024
:104C90000000000000000000000000000000000014
:104CA0000000000000000000000000000000000004
:104CB00000000000000000000000000000FEFFFFF8
:104CC0000030000030000030003030003030003064
:104CD000300030F07F303000303000303000303085
:104CE00000303000303000FFFFFF00000000000007
:104CF000000000000000D5FD2000000000000000C2
:104D000000000000000000000000000000000000A3
:104D10000000000000000000000000000000000093
:104D20000000000000000000000000000000000083
:104D30000000000000000000000000000000000073
:104D400000000000000000000000000300800100DF
:104D5000C0FF076000033880010C6000F4FF3F30A3
:104D60000030303030303030303030303030303073
:104D70003030F83000980300070EE001781E00C0C4
:104D8000000000000000B8BA200000000000000091
:104D90000000000000000000000000000000000013
:104DA0000000000000000000000000000000000003
:104DB00000000000000000000000000000000000F3
:104DC00000000000000000000000000000000000E3
:104DD0000000000000000000000000300000300073
:104DE00000300000300060300630300C30301C18CD
:104DF00030381830300C30600E30E00630C00230F1
:104E000080003000003000C01F00000000000000E3
:104E1000000000000000D0A1200000000000000001
:104E20000000000000000000000000000000000082
:104E30000000000000000000000000000000000072
:104E40000000000000000000000000000000000062
:104E50000000000000000000000000000000000052
:104E600000000000000000000000C00003C60C01AC
:104E7000C48601C080FFFECF60E0C060F8E360CC74
:104E8000FE31C39831308031FF0F1B0C0C1B06061E
:104E90000E3C070EE0031BE0C3313C76E0071880B0
:104EA000000000000000CAFD20000000000000001B
:104EB00000000000000000000000000000000000F2
:104EC00000000000000000000000000000000000E2
:104ED00000000000000000000000000000000000D2
:104EE00000000000000000000000000000000000C2
:104EF000000000000000000000003000033000034C
:104F000030FEFF300003300003FFFD7F300C6030C7
:104F1000FC7F300C6030FC7F300C60B0FD7F780C83
:104F20006007FFFF00601C001CF080030000000011
:104F3000000000000000CCEE200000000000000097
:104F40000000000000000000000000000000000061
:104F50000000000000000000000000000000000051
:104F60000000000000000000000000000000000041
:104F70000000000000000000000000000000000031
:104F80000000000000000000000000080000180001
:104F9000003800FFFFFF000E00808301C000077093
:104FA000000CFCFF3F00C32000C30080C10080C193
:104FB000C0E0C0C038C0C007807F00000000000013
:104FC000000000000000B3E420000000000000002A
:104FD00000000000000000000000000000000000D1
:104FE00000000000000000000000000000000000C1
:104FF00000000000000000000000000000000000B1
:1050000000000000000000000000000000000000A0
:1050100000000000000000000000003800007000E8
:10502000FEFFFF0600C00686C3C0011E38007006E2
:1050300000C0000000F8FF3F001800001800001832
:1050400000001800001800FEFFFF00000000000034
:10505000000000000000BFD520000000000000009C
:105060000000000000000000000000000000000040
:105070000000000000000000000000000000000030
:105080000000000000000000000000000000000020
:105090000000000000000000000000000000000010
:1050A0000000000000000000000030600030300010
:1050B00030F07F307870FF5B3830CC0CF88007B868
:1050C000C10F3C7A78360EC033F87F311860301843
:1050D0006030186030186030F87F301860000000D1
:1050E000000000000000B8F12000000000000000F7
:1050F00000000000000000000000000000000000B0
:10510000000000000000000000000000000000009F
:10511000000000000000000000000000000000008F
:10512000000000000000000000000000000000007F
:10513000000000000000000000000000000000006F
:10514000000000000000000000000000000000005F
:10515000000000000000000000000000000000004F
:10516000000000000000000000000000000000003F
:10517000000000000000000000000000000000002F
:10518000000000000000000000000000000000001F
:10519000000000000000000000000000000000000F
:1051A00000000000000000000000000000000000FF
:1051B00000000000000000000000000000000000EF
:1051C00000000000000000000000000000000000DF
:1051D00000000000000000000000000000000000CF
:1051E00000000000000000000000000000000000BF
:1051F00000000000000000000000000000000000AF
:10520000000000000000000000000000000000009E
:10521000000000000000000000000000000000008E
:10522000000000000000000000000000000000007E
:10523000000000000000000000000000000000006E
:10524000000000000000000000000000000000005E
:10525000000000000000000000000000000000004E
:10526000000000000000000000000000000000003E
:10527000000000000000000000000000000000002E
:10528000000000000000000000000000000000001E
:10529000000000000000000000000000000000000E
:1052A00000000000000000000000000000000000FE
:1052B000C03FE0FFFF7FE0FF3F00600000006000B4
:1052C00000006000000060000000E0FFFF3FE0FF22
:1052D000FF3F600C0038601C001C6038000E60301E
:1052E000000E60E0000760C0C1037080E301300081
:1052F000FF0030003C003800FF001CE0E7031CFE0C
:10530000803FCE3F00FC840300C00000000000008E
:10531000000000000000B7B4000000000000000022
:10532000000000000000000000000000000000007D
:10533000000000000000000000000000000000006D
:10534000000000000000000000000000000000005D
:10535000000000000000000000000000000000004D
:10536000000000000000000000000000000000003D
:10537000000000000000000000000000000000002D
:10538000000000000000000000000000000000001D
:10539000000000000000000000000000000000000D
:1053A000000000000000000000000080000000C0BD
:1053B000030000800300FCFFFF7FFCFFFF7F0C0861
:1053C00000600C0E00600CFFFF6780FFFF07E00F1E
:1053D0008003781CE00118F87C0000C00F0000FF7B
:1053E000FF00FF1FF0FF3E0000FCC0FFFF07C0FFF3
:1053F000FF07C0000006C0000006C0000006C0FF96
:10540000FF07C0FFFF07C00000060000000000000B
:10541000000000000000BFCD000000000000000000
:10542000000000000000000000000000000000007C
:10543000000000000000000000000000000000006C
:10544000000000000000000000000000000000005C
:10545000000000000000000000000000000000004C
:10546000000000000000000000000000000000003C
:10547000000000000000000000000000000000002C
:10548000000000000000000000000000000000001C
:10549000000000000000000000000000000000000C
:1054A0000000000000000000000000000006001FD7
:1054B0000006FF3F0206FE000606C0000C06C00004
:1054C0001806C0003006FF1F2006FF1F0006C08020
:1054D0000006E0800306E0030706F0060C06F00C69
:1054E0000806D8180006DC10F0FFCEF0FFFFC7F06A
:1054F0001F06C7000006C2000006C0000006C0006C
:105500000006C0000006C0000006C0000006000043
:10551000000000000000BFC6000000000000000006
:10552000000000000000000000000000000000007B
:10553000000000000000000000000000000000006B
:10554000000000000000000000000000000000005B
:10555000000000000000000000000000000000004B
:10556000000000000000000000000000000000003B
:10557000000000000000000000000000000000002B
:10558000000000000000000000000000000000001B
:10559000000000000000000000000000000000000B
:1055A000000000000000000000000000000060009B
:1055B000C0006000C0006000C00060F0FFFFFFF7A7
:1055C000FFFFFF07C0006000C0006000C000600077
:1055D000C00060F6FF7FE0F7FF7FFC8001607F0086
:1055E0000330630003186000060C60000C076000C5
:1055F000B8036000F0016000F8016000BE0760E0E1
:105600000F7E7FFC01F83F3800C000000000000062
:10561000000000000000BCBC000000000000000012
:10562000000000000000000000000000000000007A
:10563000000000000000000000000000000000006A
:10564000000000000000000000000000000000005A
:10565000000000000000000000000000000000004A
:10566000000000000000000000000000000000003A
:10567000000000000000000000000000000000002A
:10568000000000000000000000000000000000001A
:10569000000000000000000000000000000000000A
:1056A00000000000000000000000000000000000FA
:1056B00000000000000000000000000000000000EA
:1056C00000000000000000000000000000000000DA
:1056D00000000000000000000000000000000000CA
:1056E00000000000000000000000000000000000BA
:1056F00000000000000000000000000000000000AA
:105700000000000000000000000000000000000099
:105710000000000000000000000000000000000089
:105720000000000000000000000000000000000079
:105730000000000000000000000000000000000069
:105740000000000000000000000000000000000059
:105750000000000000000000000000000000000049
:105760000000000000000000000000000000000039
:105770000000000000000000000000000000000029
:105780000000000000000000000000000000000019
:105790000000000000000000000000000000000009
:1057A00000000000000000000000000000000000F9
:1057B00000000000000000000000000000000000E9
:1057C00000000000000000000000000000000000D9
:1057D00000000000000000000000000000000000C9
:1057E00000000000000000000000000000000000B9
:1057F00000000000000000000000000000000000A9
:105800000000000000000000000000000000000098
:105810000000000000000000000000000000000088
:105820000000000000000000000000000000000078
:105830000000000000000000000000000000000068
:105840000000000000000000000000000000000058
:105850000000000000000000000000000000000048
:105860000000000000000000000000000000000038
:105870000000000000000000000000000000000028
:105880000000000000000000000000000000000018
:105890000000000000000000000000000000000008
:1058A00000000000000000000000000000000000F8
:1058B00000000000000000000000000000000000E8
:1058C00000000000000000000000000000000000D8
:1058D00000000000000000000000000000000000C8
:1058E00000000000000000000000000000000000B8
:1058F00000000000000000000000000000000000A8
:105900000000000000000000000000000000000097
:105910000000000000000000000000000000000087
:105920000000000000000000000000000000000077
:105930000000000000000000000000000000000067
:105940000000000000000000000000000000000057
:105950000000000000000000000000000000000047
:105960000000000000000000000000000000000037
:105970000000000000000000000000000000000027
:105980000000000000000000000000000000000017
:105990000000000000000000000000000000000007
:1059A00000000000000000000000000000000000F7
:1059B00000000000000000000000000000000000E7
:1059C00000000000000000000000000000000000D7
:1059D00000000000000000000000000000000000C7
:1059E00000000000000000000000000000000000B7
:1059F00000000000000000000000000000000000A7
:105A00000000000000000000000000000000000096
:105A10000000000000000000000000000000000086
:105A20000000000000000000000000000000000076
:105A30000000000000000000000000000000000066
:105A40000000000000000000000000000000000056
:105A50000000000000000000000000000000000046
:105A60000000000000000000000000000000000036
:105A70000000000000000000000000000000000026
:105A80000000000000000000000000000000000016
:105A90000000000000000000000000000000000006
:105AA00000000000000000000000000000000000F6
:105AB00000000000000000000000000000000000E6
:105AC00000000000000000000000000000000000D6
:105AD00000000000000000000000000000000000C6
:105AE00000000000000000000000000000000000B6
:105AF00000000000000000000000000000000000A6
:105B00000000000000000000000000000000000095
:105B10000000000000000000000000000000000085
:105B20000000000000000000000000000000000075
:105B30000000000000000000000000000000000065
:105B40000000000000000000000000000000000055
:105B50000000000000000000000000000000000045
:105B60000000000000000000000000000000000035
:105B70000000000000000000000000000000000025
:105B80000000000000000000000000000000000015
:105B90000000000000000000000000000000000005
:105BA00000000000000000000000000000000000F5
:105BB00000000000000000000000000000000000E5
:105BC00000000000000000000000000000000000D5
:105BD00000000000000000000000000000000000C5
:105BE00000000000000000000000000000000000B5
:105BF00000000000000000000000000000000000A5
:105C00000000000000000000000000000000000094
:105C10000000000000000000000000000000000084
:105C20000000000000000000000000000000000074
:105C30000000000000000000000000000000000064
:105C40000000000000000000000000000000000054
:105C50000000000000000000000000000000000044
:105C60000000000000000000000000000000000034
:105C70000000000000000000000000000000000024
:105C80000000000000000000000000000000000014
:105C90000000000000000000000000000000000004
:105CA00000000000000000000000000000000000F4
:105CB00000000000000000000000000000000000E4
:105CC00000000000000000000000000000000000D4
:105CD00000000000000000000000000000000000C4
:105CE0000000C003C003C003C003C003C00380039F
:105CF000800180018001800180018001800180019C
:105D00000000000000008001C003C003800100000B
:105D100000000000000000000000C018E01CE01CB3
:105D2000700E300618038C01840000000000000093
:105D30000000000000000000000000000000000063
:105D40000000000000000000000000000000000053
:105D50000000000000000000000000000000000043
:105D6000000020102010201020102010FE7FFE7F49
:105D7000FE7F100810081008100810081008FE7F99
:105D8000FE7FFE7F180C08040804080408040000C5
:105D90000000000000000000000000000000800083
:105DA0008000C003B00C90189818981C981CB8007C
:105DB000B000F000E000C0038007800F800C801C62
:105DC00080189C189C188C188C0C9806E003800096
:105DD00080008000000000000000000000000000C3
:105DE00000001C0836082204630463026302630295
:105DF000630163012201B61C9C364022406340636C
:105E0000206320631063106310220836081C000012
:105E10000000000000000000000000000000000082
:105E20000000F00098008C018C018C018C018C002A
:105E3000CC005C0038001C3E3C0832087308630448
:105E4000E304C3048303834306678C3E781C00008D
:105E5000000000000000000000001C003C003C00AE
:105E60003000300010000C000600000000000000B0
:105E70000000000000000000000000000000000022
:105E80000000000000000000000000000000000012
:105E90000000000000000000000000400020001092
:105EA0000018000C0004000600020003000380013B
:105EB00080018001800180018001800180018001DA
:105EC00000030003000200060004000C001800108C
:105ED0000020004000000000000002000400080054
:105EE00018003000200060004000C000C0008001A9
:105EF000800180018001800180018001800180019A
:105F0000C000C000C0006000200030001800080081
:105F1000040002000000000000000000000000007B
:105F20000000000000000003800380030C631C716C
:105F30003839600D80038003600D38391C718C6125
:105F400080038003800300000000000000000000C8
:105F50000000000000000000000000000000000041
:105F6000000000000000000000010001000100012D
:105F7000000100010001FC7F00010001000100019F
:105F8000000100010001000000000000000000000E
:105F90000000000000000000000000000000000001
:105FA00000000000000000000000000000000000F1
:105FB00000000000000000000000000000000000E1
:105FC0000000000000001C003C003C0030003000DD
:105FD00010000C000600000000000000000000009F
:105FE00000000000000000000000000000000000B1
:105FF000000000000000FE7F000000000000000024
:106000000000000000000000000000000000000090
:106010000000000000000000000000000000000080
:106020000000000000000000000000000000000070
:106030000000000000000000000000000000000060
:1060400000000000000018003C003C0018000000A8
:1060500000000000000000000000000000400060A0
:1060600000200030001000180008000C000400069A
:1060700000020003000180018000C00040006000B9
:10608000200030001000180008000C00040006007A
:1060900002000000000000000000000000000000FE
:1060A0000000C0036004300C1818181818100C30C9
:1060B0000C300C300C300C300C300C300C300C3000
:1060C0000C30181018181818300C6004C0030000A9
:1060D00000000000000000000000000000000000C0
:1060E000000000018001F801800180018001800131
:1060F0008001800180018001800180018001800198
:1061000080018001800180018001C003F81F000030
:10611000000000000000000000000000000000007F
:106120000000E007101C0818043004300C300C305C
:10613000003000180018000C000600038001C000A9
:1061400040002020102008200430FC1FFC1F00000D
:10615000000000000000000000000000000000003F
:106160000000E00318060C0C0C180C180C18001892
:106170000018000C0006C003000E001800100030CC
:1061800000300C300C300C100C18180CE003000020
:1061900000000000000000000000000000000000FF
:1061A0000000000600060007000780068006400683
:1061B000200620061006100608060C060406020635
:1061C000FE3F00060006000600060006C03F000075
:1061D00000000000000000000000000000000000BF
:1061E0000000F03FF03F0800080008000800080029
:1061F0000800C807280C18180810003000300030BC
:1062000000300C300C3004180418180CE0030000A7
:10621000000000000000000000000000000000007E
:1062200000008007601830181018180008000800D7
:106230000C00CC076C0C1C181C100C300C300C30F3
:106240000C300C30183018103018700CC0070000DB
:10625000000000000000000000000000000000003E
:106260000000F83FF83F08100C080408040400047C
:106270000002000200020001000180008000800096
:106280008000C000C000C000C000C000C00000000E
:1062900000000000000000000000000000000000FE
:1062A0000000E007300C18180C300C300C301C309B
:1062B0001C107818F004E003180F0C1E0C1C063894
:1062C00006300630063006300C18180CE0030000CB
:1062D00000000000000000000000000000000000BE
:1062E0000000E00318040C080C18061006300630F5
:1062F0000630063006300E380C341836F0310030D7
:106300000018001800080C0C0C060C03F00100002B
:10631000000000000000000000000000000000007D
:10632000000000000000000000000000000000006D
:106330008001C003C00380010000000000000000D5
:106340000000000000008001C003C00380010000C5
:10635000000000000000000000000000000000003D
:10636000000000000000000000000000000000002D
:106370000000C001C001C0010000000000000000DA
:106380000000000000000000C001C001C001800149
:10639000C000C0000000000000000000000000007D
:1063A000000000200010000800040002000180002E
:1063B00040002000100008000800100020004000ED
:1063C000800000010002000400080010002000000E
:1063D00000000000000000000000000000000000BD
:1063E00000000000000000000000000000000000AD
:1063F000FE7F00000000000000000000FE7F0000A3
:10640000000000000000000000000000000000008C
:10641000000000000000000000000000000000007C
:10642000000004000800100020004000800000016F
:106430000002000400080010001000080004000220
:10644000000180004000200010000800040000004F
:10645000000000000000000000000000000000003C
:106460000000C0073018183008600C601C601C6009
:106470001C6000300018000E000300010001000144
:106480000001000000008001C003C0038001000083
:1064900000000000000000000000000000000000FC
:1064A0000000C0076008301018200C2B8C4D844C65
:1064B000C64CC644664466446644664666266626FE
:1064C0006417CC0C0C40082018303018C0070000AE
:1064D00000000000000000000000000000000000BC
:1064E0000000C001C001C001C0012003200320033F
:1064F000200330021006100610061004F80F080CD6
:10650000080C080C04180418041806381F7C000036
:10651000000000000000000000000000000000007B
:106520000000FE07181C18181830183018301830E2
:1065300018301818180CF807181818301820186098
:10654000186018601860186018301818FE0F0000E6
:10655000000000000000000000000000000000003B
:106560000000C0076038103018600C400C400C0070
:1065700006000600060006000600060006000600EB
:1065800006000C400C40082018103008C00700001E
:1065900000000000000000000000000000000000FB
:1065A0000000FE03180E1818181018301830186064
:1065B000186018601860186018601860186018601B
:1065C000182018301830181818181806FE03000084
:1065D00000000000000000000000000000000000BB
:1065E0000000FE3F1830182018401840180018000E
:1065F00018081808180CF80F180C180818081800B4
:10660000180018001840184018201830FE3F0000ED
:10661000000000000000000000000000000000007A
:106620000000FE3F183818201840184018001800C5
:1066300018081808180CF80F180C1808180818086B
:106640001800180018001800180018007E0000003C
:10665000000000000000000000000000000000003A
:106660000000C003300C100818180C100C100400A7
:1066700006000600060006000600067E061806183C
:1066800004180C180C18081818183004E00300003F
:1066900000000000000000000000000000000000FA
:1066A00000003FFC0C300C300C300C300C300C3047
:1066B0000C300C300C30FC3F0C300C300C300C30FB
:1066C0000C300C300C300C300C300C303FFC000027
:1066D00000000000000000000000000000000000BA
:1066E0000000F81F8001800180018001800180018D
:1066F0008001800180018001800180018001800192
:10670000800180018001800180018001F81F00006C
:106710000000000000000000000000000000000079
:106720000000E07F000600060006000600060006E6
:106730000006000600060006000600060006000629
:1067400000060006000600060006000600060E060B
:106750000E038E01FC00000000000000000000009D
:1067600000007E3E180C18041806180218011801C3
:1067700098009800D800B801B8011803180318064B
:106780001806180C180C180C181818187E7C000025
:1067900000000000000000000000000000000000F9
:1067A00000007E00180018001800180018001800DB
:1067B0001800180018001800180018001800180019
:1067C000180018001840184018201830FE3F00002C
:1067D00000000000000000000000000000000000B9
:1067E00000000FF01C381C381C381C381C343434A2
:1067F00034343434343234326432643264326431A6
:106800004431C431C431C430C43084308FFC000002
:106810000000000000000000000000000000000078
:1068200000000FF81C201C20342034206420642039
:10683000C420C420842184210423042304260426A4
:10684000042C042C04380438043004301F200000C9
:106850000000000000000000000000000000000038
:106860000000C003300C181808100C300C30062043
:1068700006600660066006600660066006600660E8
:1068800004600C300C3008101818300CC0030000E5
:1068900000000000000000000000000000000000F8
:1068A0000000FE0F18181830186018601860186083
:1068B0001860186018301818F80718001800180029
:1068C0001800180018001800180018007E000000BA
:1068D00000000000000000000000000000000000B8
:1068E0000000C003300C181808100C300C30066083
:1068F0000660066006600660066006600660066068
:106900000660E4211C331C36181E300EC007004CF4
:10691000003C003800000000000000000000000003
:106920000000FE07181C18181830183018301830DE
:1069300018301818180CF80718031803180618064A
:106940001806180C180C180C181818187E78000067
:106950000000000000000000000000000000000037
:106960000000F013181E0C1806180610061006007A
:106970000E003C00F800E003800F001E00180038F5
:1069800002300230063004300C181C0CE407000002
:1069900000000000000000000000000000000000F7
:1069A0000000FC3F8C218461824182418001800192
:1069B00080018001800180018001800180018001CF
:1069C000800180018001800180018001E0070000DA
:1069D00000000000000000000000000000000000B7
:1069E00000003F7C0C100C100C100C100C100C1044
:1069F0000C100C100C100C100C100C100C100C10B7
:106A00000C100C100C100C1018083804E0030000D7
:106A10000000000000000000000000000000000076
:106A200000003E7818301810181018103008300880
:106A30003008300830046004600460046002C00262
:106A4000C002C002C00180018001800080000000FF
:106A50000000000000000000000000000000000036
:106A60000000CFF386618621842104210C238C232E
:106A70008C238C138C138813481258165816580EF2
:106A8000380E300E300E300C3004100410040000AC
:106A900000000000000000000000000000000000F6
:106AA00000003E7C181018083008300460046002B2
:106AB000C002C001800180018001800340034006C4
:106AC0002006200E100C100C181808383E7C000010
:106AD00000000000000000000000000000000000B6
:106AE00000007E7C1C101810180830083008300494
:106AF00060046004C002C002C00180018001800106
:106B0000800180018001800180018001E007000098
:106B10000000000000000000000000000000000075
:106B20000000F87F383018300C180418000C0006EC
:106B300000060003000380018001C000C000600067
:106B400060003000184018600C200C38FE3F000038
:106B5000000000000000000000000000C03FC00076
:106B6000C000C000C000C000C000C000C000C00025
:106B7000C000C000C000C000C000C000C000C00015
:106B8000C000C000C000C000C000C000C000C00005
:106B9000C03F0000000000000000000000000000F6
:106BA0001800180010003000200060006000400055
:106BB000C000800080018001000100030002000687
:106BC0000006000C000C000C00180018003000300B
:106BD000003000600000000000000000FC03000323
:106BE000000300030003000300030003000300038D
:106BF000000300030003000300030003000300037D
:106C0000000300030003000300030003000300036C
:106C1000FC030000000000000000C003C007600487
:106C2000100800000000000000000000000000004C
:106C30000000000000000000000000000000000054
:106C40000000000000000000000000000000000044
:106C50000000000000000000000000000000000034
:106C60000000000000000000000000000000000024
:106C70000000000000000000000000000000000014
:106C80000000000000000000000000000000000004
:106C900000000000FFFF000000007800C0000001BD
:106CA00000000000000000000000000000000000E4
:106CB00000000000000000000000000000000000D4
:106CC00000000000000000000000000000000000C4
:106CD00000000000000000000000000000000000B4
:106CE00000000000000000000000000000000000A4
:106CF000E007180C0C180C180C18001CE01B3818B6
:106D00000C1806180618061806980C9EF871000054
:106D10000000000000000000000000000000000073
:106D200010001E00180018001800180018001800A5
:106D30009807581C38183830183018301830183068
:106D400018301830183018103818380CC8070000E0
:106D50000000000000000000000000000000000033
:106D60000000000000000000000000000000000023
:106D7000C0077008301818180C180C000C000C0014
:106D80000C000C000C20182018103008C007000060
:106D900000000000000000000000000000000000F3
:106DA0000010001E00180018001800180018001825
:106DB000E01B301C181818180C180C180C180C189C
:106DC0000C180C180C180818181C307AE009000070
:106DD00000000000000000000000000000000000B3
:106DE00000000000000000000000000000000000A3
:106DF000C003300C101818100C300C300C30FC3F55
:106E00000C000C000C00182018107018C0070000AF
:106E10000000000000000000000000000000000072
:106E20000000003E80618060C060C000C000C00003
:106E3000FC1FC000C000C000C000C000C000C000F7
:106E4000C000C000C000C000C000C000F80F0000BB
:106E50000000000000000000000000000000000032
:106E60000000000000000000000000000000000022
:106E7000C077306C10181818181818181018300C23
:106E8000F00718001800F803F01F18380C300C3009
:106E90000C301818E007000000000000000000009F
:106EA00010001E0018001800180018001800180024
:106EB0009807580C3818181818181818181818188F
:106EC0001818181818181818181818187E7E0000A6
:106ED00000000000000000000000000000000000B2
:106EE00000008001C00380010000000000000001DC
:106EF000F801800180018001800180018001800112
:106F0000800180018001800180018001F81F000064
:106F10000000000000000000000000000000000071
:106F20000000001C001E000C000000000000000813
:106F3000C00F000C000C000C000C000C000C000C2E
:106F4000000C000C000C000C000C000C000C000CE1
:106F500018061802F0010000000000000000000008
:106F600010001E0018001800180018001800180063
:106F7000183E180C1804180218019801D80178035B
:106F800038031806180C180C181818387E7C0000E6
:106F900000000000000000000000000000000000F1
:106FA0000001F801800180018001800180018001E1
:106FB00080018001800180018001800180018001C9
:106FC000800180018001800180018001F81F0000A4
:106FD00000000000000000000000000000000000B1
:106FE000000000000000000000000000000004009D
:106FF000F73C8E6386618661866186618661866103
:10700000866186618661866186618661CFF3000054
:107010000000000000000000000000000000000070
:107020000000000000000000000000000000000060
:1070300090075E0C3818181818181818181818180F
:107040001818181818181818181818187E7E000024
:107050000000000000000000000000000000000030
:107060000000000000000000000000000000000020
:10707000C003300C1018181808300C300C300C30CD
:107080000C300C300C3018181818300CC0030000ED
:1070900000000000000000000000000000000000F0
:1070A00000000000000000000000000000000000E0
:1070B00090075E0C38181810183018301830183037
:1070C00018301830183018183818780C980718002D
:1070D000180018007E000000000000000000000002
:1070E00000000000000000000000000000000000A0
:1070F000C013301E181C18180C180C180C180C187B
:107100000C180C180C180818181C301EE019001860
:1071100000180018007E00000000000000000000C1
:10712000000000000000000000000000000000005F
:1071300060387E666061E001E00060006000600031
:10714000600060006000600060006000FE070000FA
:10715000000000000000000000000000000000002F
:10716000000000000000000000000000000000001F
:10717000C02760383030302030207000E003800FAE
:10718000001E00380830083018303818C80F0000CA
:1071900000000000000000000000000000000000EF
:1071A000000000000000800080008000C000E000BF
:1071B000FC1FC000C000C000C000C000C000C00074
:1071C000C000C000C000C020C0208011000F00001F
:1071D00000000000000000000000000000000000AF
:1071E000000000000000000000000000000010107F
:1071F0001E1E181818181818181818181818181803
:107200001818181818181818181C307AE0090000F7
:10721000000000000000000000000000000000006E
:10722000000000000000000000000000000000005E
:107230003E7C1830181018183008300820046004FC
:107240006004C002C002C003800180018000000011
:10725000000000000000000000000000000000002E
:10726000000000000000000000000000000000001E
:10727000DFF3866184218C218C218C1388135813B1
:107280005812580E700E300E300C300420040000DE
:1072900000000000000000000000000000000000EE
:1072A00000000000000000000000000000000000DE
:1072B0007C3E300870086004C002C002800180017A
:1072C000800340062006200C101818183E7E00008F
:1072D00000000000000000000000000000000000AE
:1072E000000000000000000000000000000000009E
:1072F0003E7C181818081008300820046004600448
:107300004002C00280028001800180008000800075
:1073100040007C003C000000000000000000000075
:10732000000000000000000000000000000000005D
:10733000FC1F0C1C0C0C0406040700038001C00198
:10734000C00060007020302018300C18FC1F0000B6
:1073500000000000000000000000003000080004F1
:1073600000040004000400040004000400040004FD
:107370000004000400038001000200040004000473
:1073800000040004000400040004000400040004DD
:1073900000080030000000010001000100010001B0
:1073A00000010001000100010001000100010001D5
:1073B00000010001000100010001000100010001C5
:1073C00000010001000100010001000100010001B5
:1073D0000001000100010000000018002000400032
:1073E000400040004000400040004000400040009D
:1073F0004000400080010003800040004000400049
:10740000400040004000400040004000400040007C
:1074100020001800000000007800C40082410241F2
:107420000027001C00000000000000000000000019
:10743000000000000000000000000000000000004C
:10744000000000000000000000000000000000003C
:10745000000000000000000000000000000000002C
:10746000000000000000000000000000000000001C
:10747000000000000000000000000000000000000C
:10748000000000000000000000000000000060009C
:10749000600060006000600060006000400020004C
:1074A000200020000000000000006000600060007C
:1074B00000000000000000000000600660063003CD
:1074C0009801880044000000000000000000000057
:1074D00000000000000000000000000000000000AC
:1074E000000000000000000000000000000010028A
:1074F000100210021002FE07FE0708020801080130
:1075000008010801FE07FE0704010401040104014B
:1075100000000000000000000000000040004000EB
:10752000F00158034C03CC034C0058007000E000FD
:10753000C001C00140034C035C034C034801F00050
:1075400040004000000000000000000000000E01AC
:107550000A01910091009100510051003A00AE03E0
:10756000A0025004500448044804480484028403E0
:1075700000000000000000000000000000003800D3
:107580006C006C006C006C006C002C0098071C01F7
:107590001A01330133016301E300C308C6093C0744
:1075A000000000000000000000000C001C001000A3
:1075B00010000800040000000000000000000000AF
:1075C00000000000000000000000000000000000BB
:1075D00000000000000000000000000400020001A4
:1075E000800080004000400020002000200020009B
:1075F00020002000200040004000800080000001AA
:107600000002000400000000000002000400080066
:10761000100010002000200040004000400040000A
:107620004000400040002000200010001000080032
:107630000400020000000000000000000000000044
:1076400000004000C0004000460C4E0FD001F00189
:107650005E0F460C400040004000000000000000AB
:10766000000000000000000000000000000000001A
:107670000000000040004000400040004000FE0FBD
:1076800040004000400040004000000000000000BA
:1076900000000000000000000000000000000000EA
:1076A00000000000000000000000000000000000DA
:1076B000000000000000000000000C001C00100092
:1076C000100008000400000000000000000000009E
:1076D0000000000000000000000000000000FE07A5
:1076E000000000000000000000000000000000009A
:1076F000000000000000000000000000000000008A
:107700000000000000000000000000000000000079
:10771000000000000000000000001C001C001C0015
:10772000000000000000000000000004000600024D
:107730000003000100018000800040004000600064
:107740002000200010001000080008000C000400B9
:107750000600020000000000000000000000000021
:10776000F00098010C030C03060606060606060642
:1077700006060606060606060C030C039801F00032
:1077800000000000000000000000000000000000F9
:1077900040007C00600060006000600060006000ED
:1077A0006000600060006000600060006000FC033A
:1077B00000000000000000000000000000000000C9
:1077C000F8008401020306030603000300018001A0
:1077D000C000600020001000080204020602FE0340
:1077E0000000000000000000000000000000000099
:1077F0007800C6008601860180018001C00070000B
:107800008001000100030003060306038601F8005F
:107810000000000000000000000000000000000068
:1078200080018001C001A001A001900188018801B0
:1078300084018201FE0F8001800180018001E00748
:107840000000000000000000000000000000000038
:10785000FC0304000400040004000400F4008C0194
:107860000403000300030603060382018401F800F9
:107870000000000000000000000000000000000008
:10788000E00118030C030C0004000600E6011603D7
:107890000E0606060606060604060C021803F0008D
:1078A00000000000000000000000000000000000D8
:1078B000F8070C06040204010001000180008000AA
:1078C0004000400040006000600060006000600018
:1078D00000000000000000000000000000000000A8
:1078E000F8010C030606060606060C021C03F0004F
:1078F000C8010C0306060606060606060C03F00180
:107900000000000000000000000000000000000077
:10791000F0000C010C030602060606060606060722
:107920008C0678060006000300030C018C01780029
:107930000000000000000000000000000000000047
:1079400000000000000000000000E000E000E00097
:1079500000000000000000000000E000E000E00087
:107960000000000000000000000000000000000017
:107970000000000000000000000060006000000047
:107980000000000000000000000000006000600037
:107990004000200020000000000000000000000463
:1079A00000020001800040002000100008000400D8
:1079B00008001000200040008000000100020004C8
:1079C00000000000000000000000000000000000B7
:1079D00000000000000000000000FE0700000000A2
:1079E0000000FE0700000000000000000000000092
:1079F0000000000000000000000000000000040083
:107A00000800100020004000800000010002000477
:107A10000002000180004000200010000800040067
:107A20000000000000000000000000000000000056
:107A3000E0031806040C040C0C0C0C0C000780016D
:107A400040004000400000000000E000E000E000D6
:107A50000000000000000000000000000000E00046
:107A600018030C02CC0564056605A605B604B60429
:107A7000B604B604B602E4010C040C021803F000CC
:107A800000000000000000000000000000000000F6
:107A9000600060005000D0009000900088008801D5
:107AA0000801F801040304030402020202060F0F96
:107AB00000000000000000000000000000000000C6
:107AC000FE008C030C030C030C030C038C01FC0064
:107AD0000C030C020C060C060C060C060C03FE0133
:107AE0000000000000000000000000000000000096
:107AF000E00318030C060C0404040600060006004C
:107B000006000600060006040C040C021803F00030
:107B10000000000000000000000000000000000065
:107B20007F008C010C030C030C060C060C060C06E3
:107B30000C060C060C060C060C030C038C017F00D3
:107B40000000000000000000000000000000000035
:107B5000FF03060306040604060086008600FE00F6
:107B60008600860086000600060406040602FF035F
:107B70000000000000000000000000000000000005
:107B8000FF03060306040604060086008600FE00C6
:107B900086008600860006000600060006001F001C
:107BA00000000000000000000000000000000000D5
:107BB000F00018010C020C02040206000600060088
:107BC0000600C60F060306030C030C031803F0009F
:107BD00000000000000000000000000000000000A5
:107BE0000F0F060606060606060606060606FE072A
:107BF00006060606060606060606060606060F0F13
:107C00000000000000000000000000000000000074
:107C1000FC036000600060006000600060006000C5
:107C20006000600060006000600060006000FC03B5
:107C30000000000000000000000000000000000044
:107C4000F807C000C000C000C000C000C000C000F5
:107C5000C000C000C000C000C000C000C000C00024
:107C6000C60066003C0000000000000000000000AC
:107C7000CF038601C60046002600160036002E00FF
:107C80006E004600C60086008601060106038F07C7
:107C900000000000000000000000000000000000E4
:107CA0001F0006000600060006000600060006008B
:107CB0000600060006000600060406040602FF038E
:107CC00000000000000000000000000000000000B4
:107CD0000707860386038E038E034E034E034A0373
:107CE0005A035A033A03320332033203120387075B
:107CF0000000000000000000000000000000000084
:107D00008E0F0C021C021C02340234026402640254
:107D10004402C402840284038403040304031F0294
:107D20000000000000000000000000000000000053
:107D3000F00098010C030C0206060606060606066D
:107D400006060606060606060C020C039801F0005D
:107D50000000000000000000000000000000000023
:107D6000FF00060306060606060606060606860346
:107D7000FE000600060006000600060006001F00C2
:107D800000000000000000000000000000000000F3
:107D9000F00098010C030C0206060606060606060D
:107DA00006060606060676064C02CC039801F0008D
:107DB0008007000300000000000000000000000039
:107DC000FF01060306060606060606060603FE0073
:107DD0004600C600860086010603060306060F0E4F
:107DE0000000000000000000000000000000000093
:107DF000F8020C030602060206000E003C00F80022
:107E0000E003800300070206020606060C03F001E9
:107E10000000000000000000000000000000000062
:107E2000FE07620461086108600060006000600095
:107E30006000600060006000600060006000F801A9
:107E40000000000000000000000000000000000032
:107E50001E070C020C020C020C020C020C020C029B
:107E60000C020C020C020C020C020C021801F000B5
:107E70000000000000000000000000000000000002
:107E80000F070602040104010C010C0188008800A0
:107E90009800980050005000700030002000200032
:107EA00000000000000000000000000000000000D2
:107EB000F70E620442044604460464026402E402CB
:107EC000E4029C029C0198019801880188008800C6
:107ED00000000000000000000000000000000000A2
:107EE0009E070C01080118019000B00060002000FE
:107EF00060006000D00090008801080104038E0734
:107F00000000000000000000000000000000000071
:107F10000F0F060404020C0208011801B800B0009B
:107F20007000600060006000600060006000F801A8
:107F30000000000000000000000000000000000041
:107F4000FC070C0206030201800180004000400093
:107F5000200020001000180008040C040402FE0396
:107F600000000000000000000000E00320002000EE
:107F70002000200020002000200020002000200001
:107F800020002000200020002000200020002000F1
:107F90002000E003000000000000000000000400DA
:107FA000040008000800100010001000200020004D
:107FB00040004000C000800080000001000100027D
:107FC000000200020004000000007C0040004000AD
:107FD00040004000400040004000400040004000A1
:107FE0004000400040004000400040004000400091
:107FF00040007C00000000006000900008010000CC
:108000000000000000000000000000000000000070
:108010000000000000000000000000000000000060
:108020000000000000000000000000000000000050
:108030000000000000000000000000000000000040
:108040000000000000000000000000000000000030
:1080500000000000FF0F000000001800600000009A
:108060000000000000000000000000000000000010
:108070000000000000000000000000000000000000
:1080800000000000000000000000000000000000F0
:1080900000000000000000000000F0010C030C03D1
:1080A0000003E0031C030E03060306038E0B7C0E85
:1080B00000000000000000000000000000000800B8
:1080C0000E000C000C000C000C00CC013C031C0644
:1080D0000C060C060C060C060C060C021C03E40134
:1080E0000000000000000000000000000000000090
:1080F00000000000000000000000F0008C018C0176
:10810000860106000600060006020C020C01F000C3
:10811000000000000000000000000000000000025D
:10812000C003000300030003000378038C030C0367
:108130000603060306030603060304038C077801FF
:10814000000000000000000000000000000000002F
:1081500000000000000000000000E0011803080219
:108160000C060C06FC070C000C0018041802E001B9
:1081700000000000000000000000000000000000FF
:10818000C0036006300630003000FE0130003000D1
:108190003000300030003000300030003000FC0192
:1081A00000000000000000000000000000000000CF
:1081B00000000000000000000000F007D8068C015D
:1081C0008C018C019801F8000C00FC00CC03060324
:1081D00006038E03F8000000000000000000080005
:1081E0000E000C000C000C000C00EC011C030C0336
:1081F0000C030C030C030C030C030C030C039E0771
:10820000000000000000000000000000000000006E
:10821000600060000000000040007C006000600022
:108220006000600060006000600060006000FC03AF
:10823000000000000000000000000000000000003E
:10824000C001C001000000000001F00180018001B8
:108250008001800180018001800180018001800116
:108260008001CC007C00000000000000000008003D
:108270000E000C000C000C000C008C038C008C0019
:108280004C006C005C008C008C010C010C039E0700
:10829000000000000000000000000000000040009E
:1082A0007C006000600060006000600060006000B2
:1082B0006000600060006000600060006000FC031F
:1082C00000000000000000000000000000000000AE
:1082D000000000000000000000003707EE06660600
:1082E0006606660666066606660666066606FF0F8C
:1082F000000000000000000000000000000000007E
:1083000000000000000000000000EE011C030C0350
:108310000C030C030C030C030C030C030C039E074F
:10832000000000000000000000000000000000004D
:1083300000000000000000000000F00098010C03A5
:10834000060606060606060606060C030C03F000E3
:10835000000000000000000000000000000000001D
:1083600000000000000000000000EE011C030C06ED
:108370000C060C060C060C060C060C031C03EC0188
:108380000C000C003E000000000000000000000097
:108390000000000000000000000078028C030C03C5
:1083A0000603060306030603060304038C0378038F
:1083B00000030003C00700000000000000000000F0
:1083C000000000000000000000009F03580638066F
:1083D0001800180018001800180018001800FF00F6
:1083E000000000000000000000000000000000008D
:1083F00000000000000000000000F0031C030C025D
:108400000C023800F000C003040304038C03FC01D9
:10841000000000000000000000000000000000005C
:1084200000002000200030003000FE01300030004D
:108430003000300030003000300030023002E00107
:10844000000000000000000000000000000000002C
:10845000000000000000000008028E030C030C0363
:108460000C030C030C030C030C030C039C07780196
:1084700000000000000000000000000000000000FC
:10848000000000000000000000001E070C020801B0
:10849000080118019000B000B000600060002000EA
:1084A00000000000000000000000000000000000CC
:1084B00000000000000000000000F70E6204460407
:1084C00064026402EC029C01980198019801080082
:1084D000000000000000000000000000000000009C
:1084E00000000000000000000000BC07180110019F
:1084F000B00060006000E0009000080108039E07E3
:10850000000000000000000000000000000000006B
:10851000000000000000000000009E0708010801A4
:10852000080190009000B000600060006000200032
:10853000200024001C0000000000000000000000DB
:1085400000000000000000000000FC018401C400E5
:108550004400600020003000180208020C03FC01F7
:108560000000000000000000000000038000800008
:10857000800080008000800080008000400020009B
:10858000400080008000800080008000800080002B
:108590008000000300004000400040004000400018
:1085A00040004000400040004000400040004000CB
:1085B00040004000400040004000400040004000BB
:1085C000400040004000000000000C0010001000BF
:1085D00010001000100010001000100020004000DB
:1085E00020001000100010001000100010001000FB
:1085F00010000C00000000001C002204C2048003D4
:10860000000000000000000000000000000000006A
:10861000000000000000000000000000000000005A
:10862000000000000000000000000000000000004A
:10863000000000000000000000000000000000003A
:10864000000000000000000000000000000000002A
:10865000000000003000300030003000300020000A
:10866000200020002000200000000000300030002A
:108670000000000000000000D800D8006C002400BA
:1086800012000000000000000000000000000000D8
:1086900000000000000000000000000000000000DA
:1086A000000000000000840084008400FF018400BA
:1086B0008400C60042004200FF0142004200420026
:1086C0000000000000000000000000002000F80092
:1086D00024012401A401280030006000A000200132
:1086E0002C0124012401F8002000200000000000DB
:1086F0000000000000008600490049002900290010
:108700001900D60028012801280124012401C200F3
:1087100000000000000000000000000000000C004D
:10872000120012001200EA0046004600250029004F
:10873000390011003201CC000000000000000000F0
:108740000600060004000200010000000000000016
:108750000000000000000000000000000000000019
:108760000000000000000000000180004000200028
:108770002000200010001000100010001000100059
:1087800020002000200040008000000100000000C8
:10879000010002000400080008000800100010009A
:1087A000100010001000100008000800080004006D
:1087B00002000100000000000000000000000000B6
:1087C000200020002603AE0370007000AE032603D5
:1087D0002000200000000000000000000000000059
:1087E0000000000000000000100010001000100049
:1087F000FF01100010001000100000000000000039
:108800000000000000000000000000000000000068
:108810000000000000000000000000000000000058
:108820000000000006000600040002000100000035
:108830000000000000000000000000000000000038
:10884000FE03000000000000000000000000000027
:108850000000000000000000000000000000000018
:108860000000000000000000000000000000000008
:1088700000000000060006000000000000000000EC
:1088800000020001000180008000C0004000600084
:108890002000300010001800080008000400040048
:1088A000020000000000000000000000000078004E
:1088B000840084000201020102010201020102019E
:1088C0000201840084007800000000000000000025
:1088D00000000000000010001C001000100010003C
:1088E00010001000100010001000100010007C009C
:1088F00000000000000000000000000000007C00FC
:1089000082000201020102018000400020001000EC
:10891000080004010201FE01000000000000000048
:108920000000000000003C00420082008200400085
:1089300070008000000100010201020182007C0041
:1089400000000000000000000000000040004000A7
:108950006000500048004800440042004200FE0110
:10896000400040004000F001000000000000000056
:10897000000000000000FC010400040004000400EA
:1089800074008C00000100010201020182007C00E1
:108990000000000000000000000000000000F000E7
:1089A00008010401040002007A00860002010201AD
:1089B00002010401840078000000000000000000B3
:1089C000000000000000FE01820042004000200084
:1089D0001000100008000800080008000800080047
:1089E000000000000000000000000000000078000F
:1089F0008400020102010201840078008400020167
:108A00000201020184007800000000000000000064
:108A100000000000000078008400820002010201D2
:108A200002018401780100018000820042003C00C4
:108A30000000000000000000000000000000000036
:108A400000000000300030000000000000000000C6
:108A500000000000300030000000000000000000B6
:108A600000000000000000000000000000001000F6
:108A700000000000000000000000000000001000E6
:108A800010001000100000000000000080004000F6
:108A9000200010000800040002000400080010007C
:108AA00020004000800000000000000000000000E6
:108AB000000000000000000000000000FF010000B6
:108AC00000000000FF0100000000000000000000A6
:108AD0000000000000000000000000000200040090
:108AE000080010002000400080004000200010001E
:108AF0000800040002000000000000000000000068
:108B00000000000078008400020106010601000157
:108B100080004000200020002000000030003000D5
:108B200000000000000000000000000000007800CD
:108B3000C400F20159014901450125012501A500A3
:108B4000D90002018400780000000000000000004D
:108B5000000000000000100010002800280028007D
:108B60002800440044007C00440082008200C701C9
:108B700000000000000000000000000000003F00B6
:108B800042004200420022003E0042008200820079
:108B90008200820042003F00000000000000000050
:108BA00000000000000078018401020102010100C0
:108BB00001000100010001000101020186007800AE
:108BC00000000000000000000000000000003F0066
:108BD000C20082000201020102010201020102013F
:108BE0000201820042003F0000000000000000007F
:108BF000000000000000FF0082000201420042006D
:108C00007E00420042000200020002018200FF00DA
:108C10000000000000000000000000000000FF0055
:108C200082000201420042007E0042004200020037
:108C30000200020002000700000000000000000027
:108C40000000000000007001880104010201020020
:108C50000200020082030201020104010C01F00083
:108C60000000000000000000000000000000C7013C
:108C700082008200820082008200FE008200820068
:108C8000820082008200C701000000000000000096
:108C9000000000000000FE00100010001000100096
:108CA0001000100010001000100010001000FE0056
:108CB0000000000000000000000000000000FC01B7
:108CC00020002000200020002000200020002000A4
:108CD000200020002000210011000E0000000000F4
:108CE000000000000000E701420022002200120004
:108CF0001A00160022002200420042008200C70132
:108D0000000000000000000000000000000007005C
:108D10000200020002000200020002000200020043
:108D2000020002018200FF000000000000000000BD
:108D3000000000000000C701C600C600C600AA006F
:108D4000AA00AA00AA00AA00920092009200D701ED
:108D50000000000000000000000000000000C7014B
:108D600086008A008A008A0092009200A200A20077
:108D7000C200C200C2008700000000000000000026
:108D80000000000000003800C6008200010101015F
:108D9000010101010101010101018200C600380049
:108DA00000000000000000000000000000007F0044
:108DB000820002010201020182007E000200020024
:108DC0000200020002000700000000000000000096
:108DD0000000000000003800C6008200010101010F
:108DE00001010101010101011901A600A60078009D
:108DF0004001C000000000000000000000003F0033
:108E000042008200820042003E0012002200220046
:108E100042004200820087010000000000000000C4
:108E2000000000000000780184010201020002003D
:108E30000C007000800000010201020186007A002F
:108E40000000000000000000000000000000FE0024
:108E5000110111011000100010001000100010008E
:108E6000100010001000380000000000000000009A
:108E7000000000000000C701820082008200820022
:108E8000820082008200820082008200440038005A
:108E90000000000000000000000000000000C7010A
:108EA000820082004400440044004400280028005E
:108EB0002800380010001000000000000000000032
:108EC000000000000000BB0192009200920092009E
:108ED000AA00AA00AA006A0044004400440044001A
:108EE0000000000000000000000000000000CE01B3
:108EF00084004400480028003000100030002800A2
:108F0000480048008400CE0100000000000000007E
:108F1000000000000000C701820044004400280057
:108F20002800100010001000100010001000380081
:108F30000000000000000000000000000000FC0134
:108F40008400820040004000200010001000080053
:108F5000080004018400FE00000000000000000082
:108F6000F0011000100010001000100010001000A0
:108F70001000100010001000100010001000100071
:108F8000F0010000000000000000020004000400E6
:108F90000800080008001000100020002000200039
:108FA00040004000800080008000000100000000C0
:108FB0003E00200020002000200020002000200093
:108FC00020002000200020002000200020002000A1
:108FD0003E000000000000003800280044000000AF
:108FE0000000000000000000000000000000000081
:108FF0000000000000000000000000000000000071
:109000000000000000000000000000000000000060
:109010000000000000000000000000000000000050
:1090200000000000FF030000180020000000000006
:109030000000000000000000000000000000000030
:109040000000000000000000000000000000000020
:1090500000000000000000000000000000007C0094
:1090600082008200F0008C0082008200C202BC03F9
:1090700000000000000000000000000000000300ED
:109080000200020002003A004600820082008200D4
:109090008200820046003A0000000000000000004C
:1090A0000000000000000000000000000000780048
:1090B00084008200020002000200020184007800A5
:1090C0000000000000000000000000000000C000E0
:1090D000800080008000B800C4008200820082000E
:1090E00082008200C400B8010000000000000000FF
:1090F00000000000000000000000000000007800F8
:1091000084000201FE0102000200020184007800D6
:109110000000000000000000000000000000E0016E
:10912000100210001000FC001000100010001000D1
:10913000100010001000FC00000000000000000003
:109140000000000000000000000000000000F80126
:109150008400840084008400780004007C00840182
:1091600002010201FC0000000000000000000300FA
:109170000200020002007A00860082008200820063
:10918000820082008200C701000000000000000091
:1091900000000000000018001800000000001C0083
:1091A00010001000100010001000100010007C00D3
:1091B000000000000000000000000000000060004F
:1091C00060000000000070004000400040004000CF
:1091D0004000400040004000400022001E0000000F
:1091E0000000000000000300020002000200E20094
:1091F000220012000A001600220042008200C7016D
:1092000000000000000000000000000000001E0040
:1092100010001000100010001000100010001000CE
:10922000100010001000FE00000000000000000010
:1092300000000000000000000000000000007F00AF
:109240009200920092009200920092009200B70168
:10925000000000000000000000000000000000000E
:109260000000000000007B00860082008200820077
:10927000820082008200C7010000000000000000A0
:109280000000000000000000000000000000780066
:10929000840002010201020102010201840078003F
:1092A00000000000000000000000000000000000BE
:1092B0000000000000003B004600820082008200A7
:1092C0008200820046003A0002000200070000000F
:1092D0000000000000000000000000000000B800D6
:1092E000C40082008200820082008200C400B800B4
:1092F00080008000C00100000000000000000000AD
:10930000000000000000CE0128011800080008003D
:109310000800080008003E000000000000000000F7
:109320000000000000000000000000000000BC0081
:10933000C200820006003800C000820086007A0069
:10934000000000000000000000000000000000001D
:10935000100010001000FC001000100010001000A1
:1093600010001000900060000000000000000000ED
:109370000000000000000000000000000000C3002A
:10938000820082008200820082008200C200BC0152
:1093900000000000000000000000000000000000CD
:1093A000000000000000C7018200440044004400A7
:1093B000280028001000100000000000000000003D
:1093C0000000000000000000000000000000BB01E1
:1093D000920092009200AA00AA00440044004400B7
:1093E000000000000000000000000000000000007D
:1093F000000000000000CE01840048003000300072
:10940000300048008400CE01000000000000000091
:109410000000000000000000000000000000EE015D
:1094200084008800480048005000300020001000F0
:10943000100010000C000000000000000000000000
:10944000000000000000FE0042002200200010008A
:10945000080084008200FE00000000000000000000
:10946000800140004000400040004000400060009B
:1094700010006000400040004000400040004000FC
:10948000400080010000200020002000200020007B
:1094900020002000200020002000200020002000CC
:1094A00020002000200020002000200020000000DC
:1094B000060008000800080008000800080018005E
:1094C0002000180008000800080008000800080034
:1094D0000800060000001C0026022203C001000054
:1094E000000000000000000000000000000000007C
:1094F000000000000000000000000000000000006C
:10950000000000000000000000000000000000005B
:10951000000808080808080800001818000000489B
:109520006C24120000000000000000000000000099
:10953000002424247F1212127F1212120000000055
:10954000081C2A2A0A0C1828282A2A1C08080000A5
:109550000022251515152A585454542200000000E5
:10956000000C1212120A76252911916E00000006D5
:10957000060403000000000000000000000000409E
:1095800020101008080808080810102040000002E9
:109590000408081010101010100808040200000041
:1095A000000008086B1C1C6B08080000000000008D
:1095B0000000080808087F080808080000000000EC
:1095C0000000000000000000000006060403000088
:1095D000000000000000FE0000000000000000008D
:1095E000000000000000000000000606000000006F
:1095F00080404020201010080804040202000000EF
:109600000018244242424242424224180000000014
:1096100000080E08080808080808083E00000000B6
:10962000003C4242422020100804427E000000001C
:10963000003C4242201820404042221C0000000012
:1096400000203028242422227E20207800000000E0
:10965000007E0202021A26404042221C0000000046
:1096600000382402021A2642424224180000000058
:10967000007E2222101008080808080800000000D8
:10968000003C4242422418244242423C0000000076
:1096900000182442424264584040241C000000004C
:1096A000000000001818000000001818000000005A
:1096B000000000000008000000000008080400008E
:1096C00000402010080402040810204000000000A0
:1096D000000000007F0000007F000000000000008C
:1096E00000020408102040201008040200000000BE
:1096F000003C4242464020101000181800000000B4
:10970000001C225A555555552D42221C00000000C0
:10971000000808181414243C224242E7000000000C
:10972000001F2222221E22424242221F000000006D
:10973000007C4242010101010142221C00000000A4
:10974000001F2242424242424242221F00000000C9
:10975000003F4212121E12120242423F000000005D
:10976000003F4212121E1212020202070000000005
:10977000003C2222010101712122221C0000000074
:1097800000E7424242427E42424242E7000000007D
:10979000003E0808080808080808083E0000000005
:1097A000007C10101010101010101010110F00007D
:1097B000007722120A0E0A121222227700000000FD
:1097C00000070202020202020202427F00000000C1
:1097D0000077363636362A2A2A2A2A6B00000000FD
:1097E00000E346464A4A5252526262470000000075
:1097F000001C2241414141414141221C0000000026
:10980000003F424242423E020202020700000000C4
:10981000001C2241414141414D53321C6000000077
:10982000003F4242423E1212222242C70000000084
:10983000007C4242020418204042423E00000000E8
:10984000007F4908080808080808081C00000000F4
:1098500000E74242424242424242423C0000000093
:1098600000E74242222424141418080800000000D3
:10987000006B494949495555362222220000000013
:1098800000E7422424181818242442E700000000AE
:1098900000772222141408080808081C00000000A1
:1098A000007E2120101008040442423F000000788E
:1098B00008080808080808080808080878000000D0
:1098C0000202040408080810102020204040001E56
:1098D0001010101010101010101010101E00003872
:1098E0004400000000000000000000000000000034
:1098F00000000000000000000000000000FF000663
:10990000080000000000000000000000000000004F
:1099100000000000003C4278444242FC000000008D
:1099200000030202021A26424242261A00000000E8
:109930000000000000384402020244380000000029
:109940000060404040784442424264D80000000039
:1099500000000000003C427E0202423C0000000089
:1099600000F08808087E08080808083E000000008B
:1099700000000000007C22221C023C42423C00000D
:1099800000030202023A4642424242E7000000005F
:10999000000C0C00000E08080808083E000000003B
:1099A000003030000038202020202020221E00001F
:1099B000000302020272120A16122277000000004F
:1099C000000E0808080808080808083E0000000003
:1099D00000000000007F9292929292B70000000077
:1099E00000000000003B4642424242E70000000007
:1099F00000000000003C42424242423C00000000A5
:109A000000000000001B26424242221E0207000006
:109A100000000000007844424242447840E00000E8
:109A20000000000000774C040404041F0000000044
:109A300000000000007C42023C40423E000000006A
:109A400000000008083E0808080808300000000070
:109A50000000000000634242424262DC000000005D
:109A60000000000000E74224241408080000000061
:109A70000000000000EB494955552222000000007B
:109A800000000000007624181818246E0000000062
:109A90000000000000E74224241418080807000012
:109AA00000000000007E22100808447E000000C074
:109AB000202020202010202020202020C000101056
:109AC00010101010101010101010101010100006B0
:109AD00008080808081008080808080806000C32DA
:109AE000C2000000000000000000000000000000B4
:109AF0000000000000000000000000000404040456
:109B000004040004000000140A0A00000000000021
:109B10000000000014143F140A3F0A0A0000000469
:109B20001E1505060C14150F0400000012150D0A71
:109B3000142C2A1200000000040A0A1E151509360A
:109B400000000002020100000000000000000020F0
:109B50001008080808080810200000020408080877
:109B600008080804020000000004150E0E15040089
:109B7000000000000404041F0404040000000000AE
:109B80000000000000000002020100000000001FB1
:109B900000000000000000000000000000000002C3
:109BA000000000100808080404020202010000007E
:109BB0000E1111111111110E000000000406040411
:109BC0000404040E000000000E1111080402011F1D
:109BD000000000000E11100C1010110E000000000B
:109BE000080C0A0A091E0818000000001F01010FD6
:109BF0001010110E000000000E09010F1111110EBE
:109C0000000000001F090804040404040000000010
:109C10000E11110E1111110E000000000E11111184
:109C20001E10120E000000000000040000000004DE
:109C300000000000000000040000000404000020F8
:109C400010080402040810200000000000001F009B
:109C5000001F000000000002040810201008040289
:109C6000000000000E1111080404000400000000B0
:109C70000E111915151D011E0000000004040C0A28
:109C80000A1E1233000000000F12120E1212120FE1
:109C9000000000001E1101010101110E0000000072
:109CA0000F1212121212120F000000001F120A0EE1
:109CB0000A02121F000000001F120A0E0A02020709
:109CC000000000001C1201013911120C00000000FC
:109CD0003312121E12121233000000001F0404047B
:109CE0000404041F000000003E08080808080809D2
:109CF0000700000037120A060A0A123700000000A7
:109D0000070202020202223F000000001B1B1B1B75
:109D100015151515000000003B1216161A1A121719
:109D2000000000000E1111111111110E00000000B1
:109D30000F12120E02020207000000000E11111194
:109D40001117190E180000000F12120E0A12123706
:109D5000000000001E1101060810110F0000000095
:109D60001F1504040404040E000000003312121234
:109D70001212120C000000003312120A0A0C040422
:109D8000000000001515150E0A0A0A0A000000005E
:109D90001B0A0A04040A0A1B000000001B0A0A042A
:109DA0000404040E000000001F0908040402121F2E
:109DB0000000001C04040404040404041C00000249
:109DC00002020404080808100000000E0808080831
:109DD000080808080E0000040A0000000000000047
:109DE000000000000000000000000000003F000430
:109DF0000000000000000000000000000000000C57
:109E0000121C123C000000000302020E1212120E7D
:109E1000000000000000001C1202021C00000000F4
:109E20001810101C1212123C000000000000000C60
:109E3000121E021C000000003804041E0404041E4C
:109E4000000000000000003C120C021E221C00005A
:109E50000302020E12121237000000000400000676
:109E60000404040E000000000800000C08080808A4
:109E7000080700000302023A0A0E12370000000031
:109E8000070404040404041F000000000000000F85
:109E900015151515000000000000000F12121237F2
:109EA000000000000000000C1212120C0000000064
:109EB0000000000F1212120E020700000000001C2A
:109EC0001212121C103800000000001B06020207CC
:109ED000000000000000001E020C101E0000000028
:109EE0000004040E04040418000000000000001B1D
:109EF0001212123C0000000000000037120A0C048D
:109F00000000000000000015150E0A0A0000000005
:109F10000000001B0A040A1B0000000000000037BC
:109F2000120A0C04040300000000001E0804041EB2
:109F300000000018080808040808080818000808A5
:109F400008080808080808080808000604040408A7
:109F500004040404060002251800000000000000AC
:109F600000000000000F000080070000000000005B
:109F70001F0000C0070000000000003F0000E007D5
:109F80000000000000007EE01FF00700000000005D
:109F900000FCFCFFF903000000000000F8FFFFFFD9
:109FA00001000000000000F0FFFFFF0000000000C3
:109FB0000000F0FFFF7F00000000000000F8FFFF3E
:109FC0007F00000000000000FCFFFFFF0100000018
:109FD000000000FEFFFFFF03000000000000FEFF86
:109FE000FFFF03000000000000FFFFFFFF0700006D
:109FF00000000080FFFFFFFF0F000000000080FF57
:10A00000FCFFF90F0000000000C0FFFCFFF91F007B
:10A0100000000000C0FFFCFFF91F0000000000E08E
:10A02000FFFFFFFF1F0000000000E0FFFFFFFF3FFA
:10A030000000000000E0FFFFFFFF3F000000000005
:10A04000E0FFFFFFFF3F0000000000E0FFFFFFFF19
:10A050003F0000000000E0FFFFFFFF7F0000000066
:10A0600000F0FFFFFFFF7F0000000000E0FFFFFFA8
:10A07000FF7F000000000000000000000000000062
:10A080000000000000000000000000001CF0FFFFC6
:10A09000FFFF7FE0000000FFF0FFFFFFFF7FF803FE
:10A0A0000000FFF1FFFFFFFF7FFC070080FFF1FFD3
:10A0B000FFFFFF7FFC0F0080FFF3FFFFFFFF7FFC30
:10A0C0000F0080FFF3FFFFFFFF7FFE1F00C0FFF3C5
:10A0D000FFFFFFFF7FFE1F00C0FFF3FFFFFFFF7FBB
:10A0E000FE1F00C0FFF3FFFFFFFF7FFE1F00C0FF4A
:10A0F000F3FFFFFFFF7FFE1F00C0FFF3FFFFFFFF27
:10A100007FFE1F00C0FFF3FFFFFFFF7FFE1F00C0A9
:10A11000FFF3FFFFFFFF7FFE1F00C0FFF3FFFFFF06
:10A12000FF7FFE1F00C0FFF3FFFFFFFF7FFE1F004A
:10A13000C0FFF3FFFFFFFF7FFE1F00C0FFF3FFFF25
:10A14000FFFF7FFE1F00C0FFF3FFFFFFFF7FFE1F2B
:10A1500000C0FFF3FFFFFFFF7FFE1F00C0FFF3FF04
:10A16000FFFFFF7FFE1F00C0FFF3FFFFFFFF7FFE2B
:10A170001F00C0FFF3FFFFFFFF7FFE1F00C0FFF3C4
:10A18000FFFFFFFF7FFE1F00C0FFF3FFFFFFFF7F0A
:10A19000FE1F00C0FFF3FFFFFFFF7FFE1F00C0FF99
:10A1A000F3FFFFFFFF7FFE1F00C0FFF3FFFFFFFF76
:10A1B0007FFE1F00C0FFF3FFFFFFFF7FFE1F00C0F9
:10A1C000FFF3FFFFFFFF7FFE1F00C0FFF3FFFFFF56
:10A1D000FF7FFE1F0080FFF3FFFFFFFF7FFE1F00DA
:10A1E00080FFF3FFFFFFFF7FFC0F0080FFF1FFFF09
:10A1F000FFFF7FFC0F0000FFF1FFFFFFFF7FFC0769
:10A200000000FEF0FFFFFFFF7FF007000038F0FFC7
:10A21000FFFFFF7FC001000000E0FFFFFFFF7F00A6
:10A2200000000000E0FFFFFFFF3F0000000000C053
:10A23000FFFFFFFF1F000000000000F87FE0FF00AD
:10A24000000000000000F87FE0FF000000000000B8
:10A2500000F87FE0FF00000000000000F87FE0FF52
:10A2600000000000000000F87FE0FF000000000098
:10A270000000F87FE0FF00000000000000F87FE031
:10A28000FF00000000000000F87FE0FF0000000079
:10A29000000000F87FE0FF00000000000000F87FF1
:10A2A000E0FF00000000000000F87FE0FF00000079
:10A2B00000000000F87FE0FF00000000000000F850
:10A2C0003FE0FF00000000000000F03FE0FF000062
:10A2D0000000000000F03FE07F00000000000000F0
:10A2E000E01FC07F00000000000000C00F801F00C2
:10A2F000000000000000000000000000000000005E
:10A30000000000000000000000000000000000004D
:10A31000000000000000000000000000000000003D
:10A32000000000000000000000000000000000002D
:10A33000000000000000E0FFFFFFFFFFFF1F000024
:10A3400000FCFFFFFFFFFFFFFF010000FEFFFFFF1C
:10A35000FFFFFFFF030000FFFFFFFFFFFFFFFF07FF
:10A360000080FFFFFFFFFFFFFFFF0F0080FFFFFFE9
:10A37000FFFFFFFFFF0F0080FFFFFFFFFFFFFFFF5B
:10A380000F0080FFFFFFFFFFFFFFFF1F0080FFFFA9
:10A39000FFFFFFFFFFFF1F0080FFFFFFFFFFFFFF2B
:10A3A000FF1F0080FFFFFFFFFFFFFFFF1F0080FF79
:10A3B000FFFFFFFFFFFFFF1F0080FFFFFFFFFFFF0B
:10A3C000FFFF1F0080FFFFFFFFFFFFFFFF1F008059
:10A3D000FFFFFFFFFFFFFFFF1F0080FF1F000000C8
:10A3E00000C0FF1F0080FF1F00000000C0FF1F0013
:10A3F00080FF1F00000000C0FF1F0080FF1F000043
:10A400000000C0FF1F0080FF1F00000000C0FF1FF2
:10A410000080FF1F00000000C0FF1F0080FFFFFF43
:10A42000FFFFFFFFFF1F0080FFFFFFFFFFFFFFFF9A
:10A430001F0080FFFFFFFFFFFFFFFF1F0080FFFFE8
:10A44000FFFFFFFFFFFF1F0080FFFFFFFFFFFFFF7A
:10A45000FF1F0080FF1F00000000C0FF1F0080FFE3
:10A460001F00000000C0FF1F0080FF1F0000000051
:10A47000C0FF1F0080FF1F00000000C0FF1F008002
:10A48000FF1F00000000C0FF1F0080FF1F00000032
:10A4900000C0FF1F0080FFFFFFFFFFFFFFFF1F0047
:10A4A00080FFFFFFFFFFFFFFFF1F0080FFFFFFFF99
:10A4B000FFFFFFFF1F0080FFFFFFFFFFFFFFFF1FEA
:10A4C0000080FF1F00000000C0FF1F0080FF1F0072
:10A4D000000000C0FF1F0080FF1F00000000C0FF41
:10A4E0001F00C0FF1F00000000C0FF1F00C0FF1FB3
:10A4F00000000000C0FF1F00C0FF1F00000000C0E0
:10A50000FF1F00C0FFFFFFFFFFFFFFFF1F00C0FF97
:10A51000FFFFFFFFFFFFFF1F00C0FFFFFFFFFFFF69
:10A52000FFFF1F00C0FFFFFFFFFFFFFFFF1F00C077
:10A53000FFFFFFFFFFFFFFFF1F00C0FFFFFFFFFF49
:10A54000FFFFFF1F00C0FFFFFFFFFFFFFFFF1F0018
:10A55000C0FFFFFFFFFFFFFFFF1F00C0FFFFFFFF68
:10A56000FFFFFFFF0F00C0FFFFFFFFFFFFFFFF0F19
:10A5700000C0FFFFFFFFFFFFFFFF0F00C0FFFFFF57
:10A58000FFFFFFFFFF0700C0FFFFFFFFFFFFFFFF11
:10A590000700C0FFFFFFFFFFFFFFFF0100C0FFFF3D
:10A5A000FFFFFFFFFF7F0000C0FF0F000000000063
:10A5B000000000C0FF070000000000000000C0FF16
:10A5C000030000000000000000C0FF0100000000C8
:10A5D00000000000C0FF000000000000000000C0FC
:10A5E0007F000000000000000000C03F00000000ED
:10A5F0000000000000C01F0000000000000000007C
:10A60000C00F000000000000000000C007000000B4
:10A61000000000000000C003000000000000000077
:10A6200000C001000000000000000000C0000000A9
:10A63000000000000000000000000000000000001A
:10A64000000000000000000000000000000000000A
:10A6500000000000000000000000000000000000FA
:10A6600000000000000000000000000000000000EA
:10A6700000000000000000000000000000000000DA
:10A6800000000000000000000000000000000000CA
:10A6900000000000000000000000000000000000BA
:10A6A000000000000000000000E0030000000000C7
:10A6B00000000000FC03000000000000000000FF9C
:10A6C000030000000000000000C0FF0300000000C5
:10A6D00000000000E0FF030000000000000000F0A8
:10A6E000FF030000000000000000F8FF030000006E
:10A6F0000000000000FCFF0300000000000000005C
:10A70000FEFF030000000000000000FEFF03000049
:10A71000000000000000FFFF030000000000000038
:10A7200000FFFF030000000000000080FFFF0300A7
:10A7300000000000000080FFFF0300000000000098
:10A740000080FFFF0300000000000000C0FFFF03C7
:10A7500000000000000000C0FFFF03000000000038
:10A760000000C0FFFF0300000000000000C0FFFF6A
:10A770000300000000000000C0FFFF0300FF000016
:10A78000000000C0FFFF03E0FF0F00000000C0FF5B
:10A79000FF03F8FF3F00000000C0FFFF03FEFF7F44
:10A7A00000000000C0FFFF03FFFFFF01000000806A
:10A7B000FFFF83FFFFFF0300000080FFFFC3FFFFD9
:10A7C000FF0700000080FFFFE3FFFFFF0F00000016
:10A7D00000FFFFF3FFFFFF0F00000000FFFFF3FF8C
:10A7E000FFFF1F00000000FEFFFBFFFFFF3F000018
:10A7F0000000FEFFFBFFFFFF3F00000000FCFFFF2B
:10A80000FFFFFF7F00000000F8FFFFFFFFFF7F005A
:10A81000000000F0FFFFFFFFFF7F00000000E0FFEF
:10A82000FFFFFFFFFF0000000080FFFFFFFFFFFFB3
:10A830000000000000FFFFFFFFFFFF00000000001E
:10A84000FCFFFFFFFFFF00F8FFFFFFFFFFFFFFFF21
:10A85000FF00F8FFFFFFFFFF0100000000F8FFFF0F
:10A86000FFFFFF0700000000F8FFFFFFFFFF0F00E2
:10A87000000000F8FFFFFFFFFF3F00000000F0FFB7
:10A88000FFFFFFFF7F00000000F0FFFFFFFFFFFF63
:10A8900000000000F0FFFFFFFFFFFF01000000E0ED
:10A8A000FFFFFFFFFEFF01000000E0FFFFFFFFFED4
:10A8B000FF03000000C0FFFFFF7FFEFF0700000056
:10A8C000C0FFFFFF7FFEFF0700000080FFFFFF3F8C
:10A8D000FEFF0F00000000FFFFFF1FFEFF0F000044
:10A8E0000000FEFFFF0FFEFF0F00000000FCFFFF57
:10A8F00007FEFF1F00000000F8FFFF03FEFF1F0020
:10A90000000000E0FFFF00FEFF1F0000000080FFCE
:10A910003F00FEFF1F0000000000FC0700FEFF1FBD
:10A920000000000000000000FEFF1F00000000000B
:10A93000000000FEFF1F0000000000000000FEFFFE
:10A940001F0000000000000000FEFF1F00000000CC
:10A9500000000000FEFF0F0000000000000000FEED
:10A96000FF0F0000000000000000FEFF0F000000CD
:10A970000000000000FEFF070000000000000000D3
:10A98000FEFF070000000000000000FEFF030000C3
:10A99000000000000000FEFF0300000000000000B7
:10A9A00000FEFF010000000000000000FEFF0000AC
:10A9B00000000000000000FE7F000000000000001A
:10A9C0000000FE3F000000000000000000FE1F002D
:10A9D0000000000000000000FE0700000000000072
:10A9E000000000FE010000000000000000003E002A
:10A9F0000000000000000000000000000000000057
:10AA00000000000000000000000000000000000046
:10AA10000000000000000000000000000000000036
:10AA20000000000000000000000000000000000026
:10AA30000000000000000000000000000000000016
:10AA40000000000000000000000000000000000006
:10AA500000000000000000000000F8FFFFFFFF1FE3
:10AA60000000000000FFFFFFFFFFFF01000000C02B
:10AA7000FFFFFFFFFFFF03000000C0FFFFFFFFFF1E
:10AA8000FF07000000E0FFFFFFFFFFFF0F000000D7
:10AA9000E0FFFFFFFFFFFF0F000000E0FFFFFFFFF1
:10AAA000FFFF0F000000F0FFFFFFFFFFFF1F000090
:10AAB00000F0FFFFFFFFFFFF1F000000F0FFFFFFA0
:10AAC000FFFFFF1F000000F0FFFFFFFFFFFF1F0061
:10AAD0000000F0FFFFFFFFFFFF1F000000F0FFFF7F
:10AAE000FFFFFFFF1F000000F0FFFFFFFFFFFF1F42
:10AAF00000803FF0FFFFFBFFFFFF1F00C03FF0FFA4
:10AB0000FFF3FFFFFF1F00C03FF0FFFFE3FFFFFF6A
:10AB10001F00C03FF0FFFF83FFFFFF1F00C03FF09B
:10AB2000FFFF03FFFFFF1F00C03FF0FFFF03FEFF1B
:10AB3000FF1F00C03FF0FFFF03F8FFFF1F00C03FF3
:10AB4000F0FFFF03F0FFFF1F00C03FF0FFFF03E037
:10AB5000FFFF1F00C03FF0FFFF0380FFFF1F00C08B
:10AB60003FF0FFFF0300FFFF1F00C03FF0FFFF03A8
:10AB700000FEFF1F00C03FF0FFFF0300F8FF1F00B3
:10AB8000C03FF0FFFF0300F0FF1F00C03FF0FFFFDA
:10AB90000300E0FF1F00C03FF0FFFF0300F0FF1FB6
:10ABA00000C03FF0FFFF0300F8FF1F00C03FF0FFB1
:10ABB000FF0300FEFF1F00C03FF0FFFF0300FFFF89
:10ABC0001F00C03FF0FFFF0380FFFF1F00C03FF0EA
:10ABD000FFFF03E0FFFF1F00C03FF0FFFF03F0FF98
:10ABE000FF1F00C03FF0FFFF03F8FFFF1F00C03F43
:10ABF000F0FFFF03FEFFFF1F00C03FF0FFFF03FF5A
:10AC0000FFFF1F00C03FF0FFFF83FFFFFF1F00C0DB
:10AC10003FF0FFFFE3FFFFFF1F00C03FF0FFFFF328
:10AC2000FFFFFF1F00C03FF0FFFFFBFFFFFF1F0004
:10AC3000C03FF0FFFFFFFFFFFF1F00C03FF0FFFF1F
:10AC4000FFFFFFFF1F00C03FF0FFFFFFFFFFFF1FE1
:10AC500000C03FF0FFFFFFFFFFFF1F00C03FF0FFFE
:10AC6000FFFFFFFFFF1F00C03FF0FFFFFFFFFFFFE1
:10AC70001F00C03FF0FFFFFFFFFFFF1F00C03FE0CE
:10AC8000FFFFFFFFFFFF0F00C03FE0FFFFFFFFFFE1
:10AC9000FF0F00C03FE0FFFFFFFFFFFF0F00C03FBF
:10ACA000C0FFFFFFFFFFFF0700C03FC0FFFFFFFF28
:10ACB000FFFF0700C03F00FFFFFFFFFFFF0100C0D5
:10ACC0003F00F8FFFFFFFF7F0000C03F00000000D3
:10ACD0000000000000C03F00000000000000000075
:10ACE000C03F000000000000000000C03F00000066
:10ACF000000000000000C03F000000000000000055
:10AD000000C03F00000000000000000080FFFFFFC7
:10AD1000FFFFFF7F00000080FFFFFFFFFFFF7F00BE
:10AD2000000080FFFFFFFFFFFF7F00000080FFFFAC
:10AD3000FFFFFFFF7F00000000FFFFFFFFFFFF7F1F
:10AD400000000000FEFFFFFFFFFF7F00000000FC8F
:10AD5000FFFFFFFFFF7F00000000C0FFFFFFFFFFBE
:10AD60007F00000000000000000000000000000064
:10AD700000000000000000000000000000000000D3
:10AD800000000000000000000000000000000000C3
:10AD900000000000000000000000000000000000B3
:10ADA00000000000000000000000000000000102A0
:10ADB0000304060708090000000001020304000064
:10ADC000E0AD00080000002090000000582E0008B0
:10ADD00070AE000890000020B00C0000682E000843
:10ADE0003E3700080C000C00180014001E39000843
:10ADF00010001000200014009E3B000814001400F6
:10AE00003C0014004E4000081800180048004100A3
:10AE1000965200082000200080001400965C000874
:10AE20001000200040000000567400080C001800BC
:10AE300030000000268600080A00140028000000E8
:10AE4000FE9400080800100010000000EE9A0008B0
:10AE500006000C000C0000000000000000000000D4
:10AE60000100000010000000000000000024F400B9
:040000050800018965
:00000001FF
