:020000040800F2
:10000000400D00209D0100084F2A0008B51200088D
:100010004D2A00083D070008152E000800000000CA
:10002000000000000000000000000000312C00086B
:100030003F07000800000000512A0008332C000888
:10004000B7010008B7010008B7010008B7010008B0
:10005000B7010008B7010008B7010008B7010008A0
:10006000B7010008B7010008B7010008B701000890
:10007000B7010008B7010008B7010008B701000880
:10008000B7010008B7010008B7010008B701000870
:10009000B7010008B7010008B7010008B701000860
:1000A000B7010008B7010008B7010008B701000850
:1000B000B7010008B7010008B7010008B701000840
:1000C000B7010008B7010008B7010008B701000830
:1000D000B7010008B7010008B7010008B701000820
:1000E000B7010008B7010008B7010008B701000810
:1000F000B7010008B7010008B7010008B701000800
:10010000B7010008B7010008B7010008B7010008EF
:10011000B7010008B7010008B7010008B7010008DF
:10012000B7010008B7010008B7010008B7010008CF
:10013000B7010008B7010008B7010008B7010008BF
:10014000B7010008B7010008B7010008B7010008AF
:10015000B7010008B7010008B7010008B70100089F
:10016000B7010008B7010008B7010008B70100088F
:10017000B7010008B7010008B7010008000000003F
:10018000B7010008B7010008DFF80CD000F0C4FA8E
:10019000004800473D370008400D002006488047D2
:1001A00006480047FEE7FEE7FEE7FEE7FEE7FEE75C
:1001B000FEE7FEE7FEE7FEE7D12C00088901000814
:1001C0002DE9F05F0546002092469B46884606468C
:1001D000814640241BE0284641464746224600F01F
:1001E0007DF953465A46C01A914110D3114618461C
:1001F000224600F064F92D1A67EB01084F462246AB
:100200000120002100F05BF917EB00094E41201E90
:10021000A4F10104DFDC484631462A464346BDE8E6
:10022000F09FD2B201E000F8012B491EFBD27047CB
:100230000022F6E710B513460A4604461946FFF7B2
:10024000F0FF204610BD2DE9FE4F804681EA0300F5
:10025000C00F0C46009021F0004123F00045B8EBA0
:100260000200A94105D24046214690461C460B4655
:10027000024623F00040104347D0270DC7F30A0081
:10028000C3F30A510290401A019040286BDAC3F37D
:10029000130040F4801B0098924620B10023D2EB5B
:1002A000030A63EB0B0B01985946C0F1400250461C
:1002B00000F005F906460D4650465946019A00F0F1
:1002C0001DF910EB08006141002487EA115284EA0D
:1002D000E7731A4340D0009A62B3019A012A4FEAA9
:1002E000075215DC001B61EB02014FF0004202EAED
:1002F0000752CDE90042001C41F5801132462B46E1
:1003000000F01DF903B0BDE8F08F40462146F9E743
:10031000001B61EB0201001C41F5801300185B41DA
:100320002018A2F5001747EB030140EAD570B61973
:100330006D4111E06D084FEA360645EAC0754FEA97
:100340000752001B61EB0201001C41F580114908B6
:100350004FEA30000019514132462B4603B0BDE848
:10036000F04F00F0DDB80098012240000023D0EBF0
:10037000020263EBE073009821464FEAE074B8EBA9
:10038000000061EB0401E9E783F000435BE781F0E3
:10039000004158E72DE9FE4F81EA030404F00044D0
:1003A00021F0004100944FF0000B23F0004350EA8D
:1003B00001045ED052EA03045BD0C3F30A54C1F3D4
:1003C0000A552C44A4F2F3340194A0FB0254C1F367
:1003D000130141F48011C3F3130343F4801301FBB1
:1003E000024400FB034E840A970A44EA815447EA18
:1003F0008357A4FB076802958D0A05FB07854FEA22
:10040000932C04FB0C542705029D4FEA065847EA3B
:100410001637B5EB08056EEB070C870E920E47EA10
:10042000811742EA8312A7FB0201B6EB0B0164EBD2
:1004300000042B0D43EA0C335E1844EB1C50DA46E3
:100440005146E7FB0201C5F313044FEA0B3343EABD
:1004500014534FEA0432019C43EA0603A4F10C044E
:100460000294009CCDE900B400F069F803B0BDE847
:10047000F08F00200146F9E70EB540F233410291BA
:100480000021CDE900110A460B4600F058F803B0F0
:1004900000BD30B50B46014600202022012409E0B2
:1004A00021FA02F59D4205D303FA02F5491B04FA2D
:1004B00002F52844151EA2F10102F1DC30BD202A0C
:1004C00004DB203A00FA02F1002070479140C2F1AB
:1004D000200320FA03F3194390407047202A04DBDD
:1004E000203A21FA02F00021704721FA02F3D040AD
:1004F000C2F120029140084319467047202A06DBCA
:10050000CB17203A41FA02F043EAE07306E041FAE1
:1005100002F3D040C2F120029140084319467047CF
:1005200010B5141E73F1000408DA401C41F10001FB
:1005300092185B411A4301D120F0010010BD2DE952
:10054000F04D92469B4611B1B1FA81F202E0B0FA49
:1005500080F220329046FFF7B2FF04460F4640EA91
:100560000A0041EA0B0153465A46084313D011468C
:1005700053EA010019D0C8F140025046FFF7AEFF20
:1005800005460E46504659464246FFF798FF084337
:1005900005D0012004E020463946BDE8F08D00205A
:1005A000054346EAE0762C4337430A986305E40A9C
:1005B000A0EB08000022FD0A44EA47540A3002D5A5
:1005C00000200146E9E7010510196941DDE9084508
:1005D00000196941BDE8F04DA2E72DE9F04D81EA2F
:1005E000030404F0004B21F0004514464FF0000ACC
:1005F00023F0004150EA050220D054EA01021DD048
:10060000C5F30A570246C5F31303C1F31300C1F340
:100610000A5640F4801543F48013A7EB0608101B1C
:10062000D64608F2FD3873EB050002D308F1010845
:1006300001E092185B41B8F1000F03DA0020014697
:10064000BDE8F08D00204FF48011064684460EE090
:10065000171B73EB050705D3121B63EB050306435A
:100660004CEA010C49084FEA300092185B4150EA0D
:100670000107EDD152EA030012D082EA040083EAB6
:100680000501084305D0101BAB4106D2012200230F
:1006900006E000224FF0004302E06FF00102531029
:1006A0001AEB06004CEB085110EB0A0041EB0B0172
:1006B000BDE8F04DFFF734BFC1F30A52C1F3130197
:1006C00040F2FF3341F480119A4202DA00200146E1
:1006D000704740F233439A42A2F2334202DC524264
:1006E000FFF7FCBEFFF7EBBE30B5041E71F100044E
:1006F00004DB4FF00044404264EB0101141E73F12F
:10070000000405DB1C464FF00043524263EB040338
:10071000994208BF904230BD064C074D06E0E068A4
:1007200040F0010394E8070098471034AC42F6D338
:10073000FFF72EFDF0AD000810AE0008FEE7704791
:1007400070B5044600F00CF90546601C02D0044860
:100750000078044400F004F9401BA042FAD370BDB5
:10076000800000202DE9F84FDFF8BCA10022012510
:1007700003264FF00F090AF1040BAAF1040E00BF83
:100780000B6805FA02F42340A34270D10F7907F0F9
:100790000307012F01D0022F16D187684FEA4208C4
:1007A00006FA08FC27EA0C07D1F80CC00CFA08FC82
:1007B0004CEA070CC0F808C04768A7430C79C4F39B
:1007C000001494403C4344600C79E443A4070AD0ED
:1007D000C4684FEA420C06FA0CF7BC438F6807FA6C
:1007E0000CF72743C7600C7904F00304022C12D1E4
:1007F000D40800EB840CDCF820405707FF0E09FA00
:1008000007F824EA0804D1F8108008FA07F848EA43
:100810000408CCF8208004684FEA420C06FA0CF772
:10082000BC430F7907F0030707FA0CF7274307606B
:100830004C6814F4403F70D03C4C276847F4804724
:100840002760246822F0030704F480440094384CA5
:1008500007EB040CDCF8084897074FEA177809FA09
:1008600008F7BC43334FB84202D1002724E054E0DC
:10087000314FB84201D101271EE0304FB84201D1BB
:10088000022719E02E4FB84201D1032714E02D4F63
:10089000B84201D104270FE02B4FB84201D1052700
:1008A0000AE02A4FB84201D1062705E0284FB84296
:1008B00001D1072700E0082707FA08F72743CCF8FB
:1008C0000878DAF800405746D1F804C09C435FEA44
:1008D000CC2C00D51C433C60DBF800405F46D1F8CF
:1008E00004C09C435FEA8C2C00D51C433C60DEF8BE
:1008F00000407746D1F804C09C435FEA8C3C00D5A9
:100900001C433C60084F083F3C68D1F804C09C433E
:100910005FEACC3C00D51C433C60521C102AFFF41B
:100920002FAFBDE8F88F0000083C0140443802407A
:100930000030014000000240000402400008024074
:10094000000C024000100240001402400018024057
:10095000001C02400AB1816170470904FBE70000F6
:1009600001488068704700008000002002488168CC
:100970000278114481607047800000200B4810B558
:10098000016841F400710160016841F48061016017
:10099000016841F480710160032000F061F80F20CC
:1009A00000F006F800F024F8002010BD003C0240E2
:1009B00070B50D4D04464FF47A712878B1FBF0F014
:1009C0000A490968B1FBF0F000F0EAFB48B9102CC5
:1009D00007D200222146501E00F022F800206C6051
:1009E00070BD012070BD0000800000208C00002040
:1009F0000A4808B5016841F480410160006800F4CC
:100A0000804000900548001F016841F0805101605E
:100A1000006800F08050009008BD0000443802409B
:100A2000F0B40E4B1B680C46C3F30223C3F1070559
:100A3000042D00D90425191D072901D2002300E047
:100A4000DB1E012606FA05F1491E214099409E4011
:100A5000761E16403143F0BC02F0F2B90CED00E016
:100A6000064900F0070208684FF6FF03184040EA05
:100A70000220034A10430860704700000CED00E0BC
:100A80000000FA052DE9F0470E46050065D0DFF8B5
:100A90001481D8F80000F7B200F00700B04207D286
:100AA00088F80070D8F8000000F00700B04254D178
:100AB00028683D4C810712D5400703D5206840F4D3
:100AC000E05020602878000703D5206840F460409B
:100AD00020602068A96820F0F00008432060287892
:100AE000C0072DD0304968680839012812D0022883
:100AF00013D0032811D00968890700292DDA21684D
:100B000021F0030101432160FFF72AFF814641F2F2
:100B1000883A0EE009688903EFE709688901ECE784
:100B2000FFF71EFFA0EB0901514502D90320BDE8E4
:100B3000F0872068696800F00C00B0EB810FEFD1FE
:100B4000D8F80010404601F00701B14207D90770FC
:100B5000006800F00700B04201D00120E7E72878E4
:100B6000400705D52068E96820F4E050084320607C
:100B70002878000706D52068296920F4604040EAFB
:100B8000C100206000F038F82168084AC1F3031161
:100B9000515CC8400649086006480068FFF708FF36
:100BA0000020C4E7003C024008380240D6AD0008EF
:100BB0008C00002084000020044805490068096872
:100BC000044AC1F38221515CC84070478C00002068
:100BD00008380240E6AD0008044805490068096885
:100BE000044AC1F34231515CC84070478C00002078
:100BF00008380240E6AD0008154810B5006810F04E
:100C00000C02144813D04110042A0FD0082A0ED128
:100C10000F4C241F2268236802F03F025B0207D5B5
:100C20002068C0F38810A0FB010106E0084610BD53
:100C30002168C1F38811A1FB00010023FFF7C0FA6E
:100C40002168C1F30141491C4900B0FBF1F010BD1E
:100C5000083802400024F4002DE9F84F04006ED05B
:100C60002078DFF84C93C007A9F104054AD009F1B8
:100C700004000168C1F38101012908D00068C0F3B4
:100C8000810002280AD1D9F80000400206D5286860
:100C9000800337D560680028E1D033E06068B0F5A4
:100CA000803F10D0B0F5A02F286810D020F48030FD
:100CB0002860286820F4802028606068A8B1FFF7C9
:100CC0004FFE06460DE0286840F48030F4E740F41B
:100CD00080202860F7E700BFFFF742FE801B6428F2
:100CE00073D828688003F7D50CE0FFF739FE064675
:100CF00005E000BFFFF734FE801B6428F0D82868A9
:100D00008003F7D42078DFF8AC8280074FF0000A28
:100D10003ED5A748001D016811F00C0F08D00068EF
:100D2000C0F3810002280BD1D9F80000400207D49B
:100D30002868800716D5E068012800D112E033E169
:100D4000E068B8B10120C8F80000FFF709FE0646C8
:100D500005E000BFFFF704FE801B0228C0D828680A
:100D60008007F7D52868216920F0F80040EAC10023
:100D700028600DE0C8F800A0FFF7F2FD064604E089
:100D8000FFF7EEFD801B02281FD828688007F7D4E4
:100D90002078000722D5864F87486169703771B186
:100DA00001210160FFF7DCFD064604E0FFF7D8FDF6
:100DB000801B022809D838688007F7D50EE0C0F8F4
:100DC00000A0FFF7CDFD064605E082E0FFF7C8FD75
:100DD000801B02287DD838688007F7D42078400728
:100DE00068D5DFF8CCB100270BF13C0BDBF8000035
:100DF000C0000BD4DBF8001041F08051CBF800109C
:100E0000DBF80000012700F0805000906B4E306846
:100E1000C00510D4306840F480703060FFF7A0FD4A
:100E2000009005E0FFF79CFD0099401A022850D879
:100E30003068C005F6D55E4EA0686C3601280FD02C
:100E40000528306810D020F001003060306820F0B4
:100E500004003060A068B8B1FFF782FD00900FE099
:100E6000306840F00100F4E740F004003060F7E73C
:100E7000FFF776FD0099411A41F28830814266D829
:100E800030688007F4D50EE0FFF76AFD009007E0B8
:100E9000FFF766FD0099411A41F28830814256D829
:100EA00030688007F4D42FB1DBF8001021F08051B6
:100EB000CBF80010A069C8B33D49091D0968C1F30A
:100EC000810102294AD00228504607D0C8F86000A4
:100ED00000E03CE0FFF744FD04463BE04746C8F82D
:100EE0006000FFF73DFD064605E000BFFFF738FD57
:100EF000801B02282BD828688001F7D4D4E9070189
:100F00000843A16A2E4A490802EB0141626A41EA9C
:100F10008211084394F82C1040EA0161C9F80010CE
:100F200001203866FFF71CFD044606E03EE000BFE6
:100F3000FFF716FD001B022809D828688001F7D5A5
:100F400034E000BFFFF70CFD001B022802D903208C
:100F5000BDE8F88F28688001F4D427E00128F7D095
:100F6000D9F80000E26900F4800191421CD1226AA4
:100F700000F03F01914217D147F6C071626A01400B
:100F8000B1EB821F10D1A26A4FF0FF3300F4403161
:100F900003EB5202B1EB024F06D194F82C1000F093
:100FA0007060B0EB016F01D00120D1E70020CFE7E6
:100FB0000438024000004742800E47420070004063
:100FC0000000FFFF70B5040009D0606A002540B141
:100FD00025616561A56294F8510040B10CE00120E3
:100FE00070BD6068B0F5827FF4D0E561F2E784F807
:100FF0005050204600F044F8022084F85100206848
:10100000016821F040010160A088218900F482700C
:1010100001F404410843A18901F400610843217CE3
:1010200001F002010843217D01F001010843218BF9
:1010300001F400710843217F01F03801084394F85E
:10104000201001F080010843218D01F40051084374
:1010500021680860A069042101EA104094F8241076
:1010600001F010010843216848602068C16921F43B
:101070000061C1616565012084F85100002070BDE8
:101080002DE9F04F87B0044614216846FFF7D0F8E9
:101090003E492068884276D13D480024016841F4E9
:1010A00000410160006800F40040059038481038A5
:1010B000016841F002010160016801F0020105913F
:1010C000016841F002010160016801F0020105912F
:1010D000016841F001010160016801F00101059121
:1010E000016841F008010160016801F00801059103
:1010F000016841F0080101600068022500F0080065
:1011000005900820CDE900050320CDE90240062026
:10111000204E049069463046FFF724FB20200090C3
:1011200069463046FFF71EFBAF030126DFF868A0D3
:10113000CDE9007669465046CDE90245FFF712FB3E
:101140004FF48058CDF80080CDE90164DFF84CB051
:10115000694658460394FFF705FB4FF40059CDE963
:10116000009669465846CDE90245FFF7FBFA012291
:1011700049465846FFF7EEFBCAF818700022414670
:101180005846FFF7E7FB07B0BDE8F08F003C004092
:10119000403802400004024000000240000C0240BF
:1011A00010B5401EB0F1807F01D3012010BD4FF07B
:1011B000E02460610F21601701F042FE0020A06171
:1011C00007202061002010BD70B5040004D094F801
:1011D0003D00002510B106E0012070BD84F83C50B0
:1011E000204600F023F8242084F83D002068C168E0
:1011F00021F40051C160204601F072FD20680169B0
:1012000021F4904101612068416921F02A01416186
:101210002068C16841F40051C1602564202084F831
:101220003D0084F83E00002070BD000010B586B07F
:10123000044614216846FEF7FBFF1B4920688842DC
:1012400030D11A48016841F010010160006800F0D7
:101250001000059015481438016841F00101016043
:10126000016801F001010591016841F0010101608F
:1012700000680F4C00F0010005904FF400700090E2
:101280000220019001200290032003900720049087
:1012900069462046FFF766FA201500906946204609
:1012A000FFF760FA06B010BD00100140443802405C
:1012B00000000240FEE7000070B5224C0021A0892A
:1012C000401E83B26089401E82B2084600F0C0FC16
:1012D000A4F6580001680B684FF6BF7213400B600C
:1012E00001680B6843F400630B6001680B6843F00E
:1012F00040030B60144BD1079961002107E0066899
:101300006568F5600568AE68B607FCD5491C658957
:10131000A68975438D42F2D801688C682406FCD4F6
:101320004FF400449C610B6813400B6001680A682D
:101330004FF2FF731A400A600068016841F04001F3
:10134000016070BD2C090020000002402DE9F05F13
:101350000023203A02F0FF0B284A824689464FF0CC
:1013600000401C4619469061DFF894E0254EDEF8F7
:10137000000026E00768DFF890C00BFB0272BCF8A3
:101380000070BCF804C09D5C0022BFB21FFA8CFC48
:101390005FEAC57802D026F8147001E026F814C080
:1013A000641C491CB0F804806D0889B2A4B2884559
:1013B00001D1002103E0521C92B2082AE8D35B1C41
:1013C0009BB202899A42D5D8C288A9F10101114481
:1013D0008BB28188AAF10100084482B27446494662
:1013E000504600F035FC20688188C088BDE8F05F79
:1013F000414389B2034801F05FBA00000000024097
:10140000780000202C0100202C0900202DE9F05F3D
:10141000DFF8D08083468A46D8F804000023177886
:101420000589066819465C1C05FB04FC16F80CC00F
:10143000BC4508D104FB056492F801C0647864459A
:1014400001D1994604E09B1C44899BB29C42EAD896
:1014500000221346C646244E27E00768DFF88CC0FA
:1014600009FB0474BCF80070BCF804C01D5D0024C6
:10147000BFB21FFA8CFC00BF5FEAC57802D026F825
:10148000127001E026F812C0521C491CB0F804800A
:101490006D0889B292B2884501D1002103E0641C35
:1014A000A4B2082CE8D35B1C9BB204899C42D4D81C
:1014B000C288AAF1010111448BB28188ABF101000D
:1014C000084482B274465146584600F0C1FB606839
:1014D0008188C088BDE8F05F414389B2024801F0CD
:1014E000EBB90000780000202C0100202C0900201E
:1014F00030B50546094887B00C46007A8DED000BE3
:1015000050B107A102A801F087FC02AA2146284693
:1015100000F02CF807B030BD03A1F3E72C09002040
:10152000252A2E2A6C66000025302A2E2A6C660099
:101530007FB51E46094B05460C46187A13463246BF
:1015400048B107A1684601F067FC6A462146284673
:1015500000F00CF87FBD03A1F4E700002C09002087
:10156000252A640025302E2A640000002DE9F04170
:101570001546884604460A4F0A4E08E04146204672
:10158000FFF7E4FE38686D1C8088204484B27089BF
:10159000A04202D92A78002AF0D1BDE8F0810000EB
:1015A000780000202C0900202DE9F04114460F4658
:1015B00005460E4E15E07F2A09D839462846FFF722
:1015C000C5FE3068641C8088284485B209E0224644
:1015D00039462846FFF71AFF7068A41C8088284403
:1015E00085B22278002AE6D1BDE8F081780000209B
:1015F0002DE9F84F81465542002602201E4F8846AD
:1016000000EB4504A9EB05003A6808EB060A0090D8
:101610001FFA8AF180B200F04BFA09EB050B1FFAB2
:101620008AF11FFA8BF03A6800F042FAA8EB060A3A
:101630001FFA8AF11FFA8BF03A6800F039FA009825
:101640001FFA8AF13A6880B200F032FA2046B442BA
:1016500008DC761C00EB4604641CF54202D1A8426B
:1016600000DC0020A84203DD6D1C04EB4504641C73
:10167000002DC7DDBDE8F88F2C0900202DE9F05FB3
:1016800000EE102A80465742F8EEC00A00EE103AEB
:10169000022000EB4704B8EEC00A00256C480E4655
:1016A0002DED028B9A4267DD80EE808A4FEA0009B9
:1016B00000EE105AA8EB070BD9F80020B8EEC00ACC
:1016C000C0EE080ABCEEE00A10EE100A304481B207
:1016D0001FFA8BF000F0ECF900EE105A08EB070A45
:1016E000D9F80020B8EEC00AC0EE080ABCEEE00A45
:1016F00010EE100A304481B21FFA8AF000F0D8F9D7
:1017000000EE105AD9F80020B8EEC00AC0EE080A60
:10171000BCEEE00A10EE100A301A81B21FFA8AF00D
:1017200000F0C6F900EE105AD9F80020B8EEC00A51
:10173000C0EE080ABCEEE00A10EE100A301A81B2C0
:101740001FFA8BF000F0B4F92046AC4208DC6D1CA7
:1017500000EB4504641CEF4202D1B84200DC0020DB
:10176000B84203DD7F1C04EB4704641C002F9FDD9F
:10177000BDEC028BBDE8F09F80EE208A5F42002521
:10178000814600BF00EE105A06EB070A1FFA8AF1E5
:10179000B8EEC00AD9F80020C0EE080ABCEEE00A94
:1017A00010EE100AA8EB000080B200F081F900EE04
:1017B000105A1FFA8AF1D9F80020B8EEC00AC0EE1C
:1017C000080ABCEEE00A10EE100A404480B200F0B5
:1017D0006FF900EE105AA6EB070A1FFA8AF1B8EE6D
:1017E000C00AD9F80020C0EE080ABCEEE00A10EEEC
:1017F000100A404480B200F05BF900EE105A1FFA64
:101800008AF1D9F80020B8EEC00AC0EE080ABCEE92
:10181000E00A10EE100AA8EB000080B200F048F9D0
:101820002046AC4209DC6D1C05EB45010C18641C1C
:10183000EF4202D1B84200DC0020B84204DD7F1C38
:1018400007EB47000444641C002F9BDD90E7000079
:101850002C0900202DE9FF4F83B007460646049867
:101860009B464FF480610090B1FBFBF0DDF84090A7
:101870001446019038194FF0000A401E5546029058
:101880006EE00020F4EE000A27E000BF374B99F825
:101890000020A3F5006EB3F800C09B8800211FFA5A
:1018A0008CFC9BB25FEAC27802D02EF815C001E032
:1018B0002EF81530761CB6B26D1C5208A6EB070840
:1018C000ADB2A04501D13E4603E0491C89B20829CA
:1018D000E8D3401C09F1010980B200EE104AB8EECD
:1018E000400A20EE201A00EE100AB8EE400AB4EECC
:1018F000C01AF1EE10FAC9DC01986043A84216D173
:10190000DDE9000100EB0108A8F1010083B20298B3
:10191000002582B23846009900F09AF90198604398
:1019200081B2134800F0C8FF1FFA88F000900AF156
:101930000108D84512D1049902988A4482B21FFA4C
:101940008AF33846009900F083F90099AAEB010068
:10195000401C604381B2064800F0AEFF1FFA88FACF
:10196000DA458ED307B0BDE8F08F00002C090020C7
:101970002C0100202DE9FE4F0027141A002C00DC5A
:10198000841A0FFA84F85C1A002C00DCCC1A0FFAC7
:1019900084FC06B20DB24FF0FF34824203D3012023
:1019A0008246019001E0A24601948B4203D30120BC
:1019B0008146009001E0A1460094E0454FF0000010
:1019C00008DB8146019008EBD870C3464410CDF87F
:1019D00008C026E0824600200090E3460CEBDC7055
:1019E000CDF808804410D8461BE01048A9B2026820
:1019F000B0B200F05DF80298204404B25C4508DB08
:101A0000A4EB0B0004B20198304406B200982844BD
:101A100005B206EB0A0006B205EB09007F1C05B211
:101A20003FB24745E1DDBDE8FE8F00002C090020F4
:101A300070B514460C4A0B46A2F5006512880021C9
:101A400092B203E025F81120491C89B2A142F9D3D2
:101A50000119491E8AB2194600F0FAF82146BDE87C
:101A60007040024800F028BF2C0900202C01002003
:101A700070B50D4B1446A3F500651B8800229BB280
:101A800004E000BF25F81230521C92B2A242F9D3F2
:101A90000A19521E93B2024600F0DAF82146BDE858
:101AA0007040024800F008BF2C0900202C010020E3
:101AB00010B50B46024600F0CBF8094C4FF0004041
:101AC000A0610848008880B200F058FF064800680E
:101AD00081680906FCD44FF40040A06110BD0000ED
:101AE000000002402C090020D40000202DE9F04124
:101AF0001C4616460D460746FFF79AFF2819401E5A
:101B000081B232463846FFF793FF224629463846CF
:101B1000FFF7AEFFB81922462946BDE8F041401E46
:101B200080B2FFF7A5BF2DE9F84F8B460321904601
:101B30000746A1EB4806002415464FF6FF7931E031
:101B40008DB1ABEB050081B2009009EA4502381B6C
:101B5000924680B2FFF78CFF0098524681B2381946
:101B600080B2FFF785FF8CB1ABEB040081B200902F
:101B700009EA4402781B924680B2FFF779FF009889
:101B8000524681B2781980B2FFF772FF002E03DA55
:101B900006EB8406B61D04E0601B06EB80066D1E96
:101BA0000A36641CAC42CBD9424659463846BDE899
:101BB000F84FFFF71DBD00002DE9F0411D4614460A
:101BC0004A19521E93B20219521E92B200F040F806
:101BD0001D4801680B684FF6BF7213400B60016827
:101BE0000B6843F400630B6001680B6843F040032B
:101BF0000B60164BD1079961002100F658066C4323
:101C000008E007683568FD600568AF68BF07FCD568
:101C1000491C89B28C42F4DC01688C682406FCD42F
:101C20004FF400449C610B6813400B6001680A6824
:101C30004FF2FF731A400A600068016841F04001EA
:101C40000160BDE8F0810000D400002000000240E7
:101C50002DE9F047194D80464FF000409946164651
:101C60000F46A8612A2000F065FE154CA17B01EB10
:101C7000080080B200F082FEA07B304480B200F009
:101C80007DFE2B2000F056FEE07B384480B200F051
:101C900075FEE17B01EB090080B200F06FFE2C20A5
:101CA00000F048FEA4F65800006881680906FCD4DC
:101CB0004FF40040A861BDE8F0870000000002403A
:101CC0002C090020014908607047000078000020BE
:101CD0004FF478414FF4FC6201EA102102EA5012FD
:101CE000C0F3C40011430143014841607047000044
:101CF0002C0900204FF478414FF4FC6201EA1021D6
:101D000002EA5012C0F3C4001143014301480160CC
:101D1000704700002C0900202DE9F047204CDFF827
:101D200084904FF000426072C9F8182000251426F4
:101D30004FF48C774FF0F00830B1022809D0012819
:101D40000CD0032816D020E0362000F0F3FD7020E0
:101D500008E0362000F0EEFD00200FE0362000F015
:101D6000E9FDA02000F01AFEA673E5736781A4F8D0
:101D70000C800AE0362000F0DDFDC02000F00EFEF1
:101D8000A573E673A4F80A80A781074800688168F4
:101D90000906FCD44FF40041C9F81810BDE8F087DB
:101DA0002C09002000000240D40000200C494860AB
:101DB000808814280FD005DC0C280AD0102807D101
:101DC000084804E0182808D0202801D106480860F7
:101DD00070470648FBE70648F9E70648F7E70000C2
:101DE00078000020600000203C0000206C000020F3
:101DF000540000204800002001490872704700008C
:101E00002C0900202DE9F05F00240220FFF784FF59
:101E10002448FFF7CBFF0020FFF76CFFDFF88C9022
:101E2000DFF884B0204D214E214FDFF88880DFF8A5
:101E300088A009F17F090BF17F0B082C0AD2DFE89B
:101E400004F004062426282A2C2E284600E03046DA
:101E5000FFF73EFFFFF730FA18A246210D20FFF7EB
:101E6000A3FB1AA26A210D20FFF79EFB1CA28E2164
:101E70000D20FFF799FB4FF47A70FEF761FC641CAC
:101E8000E4B2082CD9D3BDE8F09F3846E0E74046DD
:101E9000DEE74846DCE75046DAE75846D8E76FF019
:101EA0007F40D5E7240000208080FF0080FF800075
:101EB000FF80800080FFFF00A3A3A30053544D3395
:101EC0003220CBA2C6C1B2E2CAD40000C6C1C4BB94
:101ED000B7D6B1E6C2CA3A3234302A3238300000BE
:101EE000BFD8D6C6C6F73A53543737383900000042
:101EF00070B50020FFF7ECFEFFF7DEF95948FFF759
:101F000055FF6FF07F40FFF7F5FE57A21421002028
:101F1000FFF74AFB00244FF47F0500BFA5EB044008
:101F2000FFF7E8FE0A2228212046FFF7A1FD641CE6
:101F3000A4B2F02CF2D300244FF47F45A5EB04208B
:101F4000FFF7D8FE0A2237212046FFF791FD641CD7
:101F5000A4B2F02CF2D30024C4F1FF00FFF7CAFEB4
:101F60000A2246212046FFF783FD641CA4B2F02C10
:101F7000F2D35A243F48FFF7BDFE5F210A235A22BD
:101F80009620FFF719FE3CA221460020FFF7EEFA4B
:101F90003C48FFF7AFFE73210A235A229620FFF731
:101FA0000BFE6E2138A20020FFF7E0FA3A48FFF757
:101FB000A1FE87210A235A229620FFF7FDFD8221E8
:101FC00036A20020FFF7D2FA3848FFF793FE9B2194
:101FD0000A235A229620FFF7EFFD962134A2002013
:101FE000FFF7C4FA48F28000FFF784FEAF210A230E
:101FF0005A229620FFF7E0FDAA2130A20020FFF729
:10200000B5FA4FF08010FFF775FEC3210A235A225C
:102010009620FFF7D1FDBE212BA20020FFF7A6FAE4
:102020002D48FFF767FED7210A235A229620FFF793
:10203000C3FDD22129A20020FFF798FA2A48FFF712
:1020400059FEEB210A235A229620FFF7B5FDE6211F
:1020500026A20020FFF78AFABDE870404FF4FA602C
:10206000FEF76EBB18000020524742C8FDBBF9C9FD
:10207000AB3A0000FFFF80004C494748545F43598A
:10208000414E0000FF80FF004C494748545F4D41DE
:1020900047454E544100000080FFFF004C4947482F
:1020A000545F59454C4C4F5700000000A3A3A300B8
:1020B0004C494748545F4752455900004441524BF0
:1020C0005F4359414E0000004441524B5F4D414730
:1020D000454E544100000000008080004441524BB6
:1020E0005F59454C4C4F5700404040004441524BD3
:1020F0005F475245590000002DE9F843294E2A4F09
:102100002A4DDFF8AC8000244FF47A790020FFF7E5
:10211000DFFDFFF7D1F82748FFF748FE3046FFF70D
:10212000E9FD34B1012C09D0022C31D0032C0DD1A2
:1021300033E00220FFF7F0FD1FA203E00020FFF7CD
:10214000EBFD20A228211420FFF72EFA3846FFF7D6
:10215000D1FD53231A46642113200095FFF77AFB23
:102160001B48FFF723FE4046FFF7C4FD19A26E216E
:102170008220FFF719FA19A296218220FFF714FA9C
:102180004846FEF7DDFA641C042CBFDBBDE8F8838B
:102190000320FFF7C1FD13A2D4E70120FFF7BCFD28
:1021A00015A2CFE7FBF9DFFF8DE5F6FF929F000850
:1021B000A8D39DFF24000020446972656374696F91
:1021C0006E5F5600446972656374696F6E5F4800A4
:1021D00030000020C2B9D0A1B0E00000BFC6BCBC36
:1021E00000000000446972656374696F6E5F565F3A
:1021F000466C697000000000446972656374696F21
:102200006E5F485F466C69700000000010B50020EA
:10221000FFF75EFDFFF750F86FF07F40FFF76AFDB4
:1022200000214FF48C73F0220846FFF75FFC4FF457
:102230007F00FFF75FFD1E2246218C20FFF773FC15
:102240004FF47F40FFF756FD1E224621AA20FFF7DC
:102250006AFCFF20FFF74EFD1E224621C820FFF733
:1022600062FC2948FFF746FD542371222E211A20D3
:10227000FFF780FB65236A222A212320FFF77AFBE0
:1022800078235D2228212D20FFF774FB802345222F
:1022900024213420FFF76EFB80232C2224213E20B2
:1022A000FFF768FB1948FFF725FD1E22BE217820A5
:1022B000FFF79EF91422BE217820FFF799F9144800
:1022C000FFF718FD28235A22BE217820FFF7D6F900
:1022D00028234622BE217820FFF7D0F90C487F3012
:1022E000FFF708FD32236422BE217820FFF7C6F9EC
:1022F0003C236E22BE217820FFF7C0F9BDE81040D4
:102300004FF4FA60FEF71CBA00FFFF00FFFF8000E9
:102310008080FF0008B50020FFF7DAFCFEF7CCFF55
:102320001848FFF7E7FC1848532300901A46292164
:102330001320FFF78FFA1548FFF7DCFC14485323EE
:1023400000901A4629218D20FFF784FA1148FFF7E3
:10235000D1FC1148532300901A46A0211320FFF707
:1023600079FA0E48FFF7C6FC0D48532300901A4631
:10237000A0218D20FFF76EFABDE808404FF4FA6007
:10238000FEF7DEB98DE5F6FF929F0008FBF9DFFF4F
:1023900023A30008A8D39DFFB4A600085387FFFF1E
:1023A00045AA000870B50020FFF792FCFEF784FFF5
:1023B0006FF07F442046FFF79DFC5648FFF782FCF4
:1023C00055A214210020FFF7D1F85748FFF77AFCF7
:1023D00056A234210020FFF7C9F85A48FFF772FCD3
:1023E00059A24C210020FFF7C1F85E48FFF76AFCB4
:1023F0005DA260210020FFF7B9F86348FFF762FC97
:1024000062A270210020FFF7B1F82012FFF772FCE2
:102410005D48FFF757FC68A27C210020FFF7A6F873
:102420005048FFF74FFC6FA288210020FFF79EF86D
:102430004448FFF747FC73A298210020FFF796F865
:102440003948FFF73FFC76A2AC210020FFF78EF859
:102450003048FFF737FC78A2C4210020FFF786F848
:102460007948FFF7A3FC7948FFF744FC78A2EC21F8
:102470000020FFF799F84FF4FA652846FEF760F957
:10248000FEF71AFF7548FFF791FC7548FFF732FC1D
:1024900074A21E210E20FFF787F87648FFF786FC0E
:1024A0007548FFF727FC75A232210E20FFF77CF854
:1024B0007648FFF77BFC7648FFF71CFC75A250219D
:1024C0000E20FFF771F86048FFF770FC7548FFF7C2
:1024D00011FC75A26E210E20FFF766F87648FFF713
:1024E00065FC7648FFF706FC75A296210E20FFF7E3
:1024F0005BF85548FFF75AFC2046FFF7FBFB74A238
:10250000C8210E20FFF750F82846BDE87040FEF7BE
:1025100017B900003C0000202123242728292A2B5A
:102520002C2D2E3031323300480000202123242767
:1025300028292A2B2C2D2E3031323334353637389A
:1025400000000000540000202123242728292A2BE2
:102550002C2D2E303132333435363738393A3B3C36
:1025600000000000600000202123242728292A2BB6
:102570002C2D2E303132333435363738393A3B3C16
:102580003D3E3F40414200006C00002021232427B3
:1025900028292A2B2C2D2E3031323334353637383A
:1025A000393A3B3C3D3E3F40414243444546474823
:1025B000494A4B4C000000002123262728292A2BBA
:1025C0002C2D2E303132333435363738393A3B3CC6
:1025D0003D3E3F404142434445464748494A4B4CB3
:1025E000000000002123262728292A2B2C2D2E30FD
:1025F0003132333435363738393A3B3C3D3E3F4053
:10260000414200002123262728292A2B2C2D2E3059
:102610003132333435363738393A3B3C000000002C
:102620002123262728292A2B2C2D2E3031323334F2
:1026300035363738000000002123262728292A2B89
:102640002C2D2E30313233002400002000FFFF00FB
:102650004153434949D7D6B7FBBCAF000000002027
:10266000D1C68A00313231323AC2B9D0A1B0E0BF0E
:10267000C6BCBC000C000020A5E1C50031363136D7
:102680003AC2B9D0A1B0E0BFC6BCBC00180000205F
:1026900049B5FF00323032303AC2B9D0A1B0E0BF04
:1026A000C6BCBC005D58FF00323432343AC2B9D0E7
:1026B000A1B0E0BFC6BCBC0030000020B9B6FF002E
:1026C000333233323AC2B9D0A1B0E0BFC6BCBC008D
:1026D000D6D0CEC4CFD4CABE000000002DE9F05F32
:1026E0004FF000082DED088B464647469FED599B5D
:1026F0009FED5A8B4046FFF7EBFAFEF7DDFD594898
:10270000FFF754FB5848FFF7F5FA58A21E210020A6
:10271000FEF74AFF57A23C210020FEF745FFDFF8F5
:102720005C914846FFF7E6FA55A264210020FEF7C7
:102730003BFF56A282210020FEF736FFDFF854A1AE
:102740005046FFF7D7FA54A2AA210020FEF72CFF2B
:1027500053A2C8210020FEF727FF0024CB469FED9F
:1027600052AB9FED53BB4048FFF7C4FA0120FFF77F
:1027700043FB04EB840006EB400204231E2150209F
:10278000FEF7D6FE604200EB800007EB4002042318
:102790003C215020FEF7CCFE5846FFF7ABFA012053
:1027A000FFF72AFBC4EB041000EB800508EB4502A1
:1027B000082364218220FEF7BBFE0020FFF71CFBEC
:1027C000822106EB450208230846FEF7B1FE50467B
:1027D000FFF790FA0120FFF70FFB2046FDF74CFEB4
:1027E000894649EC100B054653EC1A2B51EC100BA3
:1027F000FDF7D0FD53EC192BFDF725FD41EC100B37
:1028000003230622AA216420FEF772FE49EC105B26
:1028100053EC1B2B51EC100BFDF7BCFD53EC182BAC
:10282000FDF711FD41EC100B04230B22C82164209D
:10283000FEF75EFE0F20FDF783FF641CA4B2642C3C
:1028400091D3BDEC088B40F6C410BDE8F05FFDF7F6
:1028500077BF00004AD8124DFB2109404ED1915C50
:102860007E4893C024000020FFFF8000D5FDCAFDF4
:102870003A000000B8BACAFD3A00000080FFFF002D
:10288000CCEEB3E4BFD5B8F13A000000CCEEB3E42F
:10289000303A00008080FF00D5FDD0A1CAFD3A008B
:1028A000B8BAD0A1CAFD3A009A9999999999B93FB5
:1028B0007B14AE47E17A843FF0B51C4A13681D686B
:1028C0004FF6BF7425401D6013681D6845F4006510
:1028D0001D6013681D6845F040051D60144DE30739
:1028E000AB61002309E000BF176830F81360FE6099
:1028F0001668B768BF07FCD55B1C8B42F4D3106821
:1029000081680906FCD44FF40041A96101682140A7
:102910000160106801684FF2FF7319400160106890
:10292000016841F040010160F0BD0000D4000020CA
:10293000000002402DE9F0410E4C074620688168F6
:102940000906FCD40C4E4FF40055002229463046AF
:10295000FEF700F82068C760226890688007FCD501
:1029600090680006FCD429463046BDE8F0410122BB
:10297000FDF7F0BFD4000020000C02400649020A17
:102980000B68DA600A6893689B07FCD5D06008681A
:1029900081688907FCD57047D400002003490A6884
:1029A000D060086881688907FCD57047D400002092
:1029B00030B587B014216846FDF73AFC0D48002475
:1029C000016841F00401016000680B4D00F0040053
:1029D0000590224601212846FDF7BCFF0121009108
:1029E000CDE90114694628460394FDF7BBFE07B004
:1029F00030BD0000303802400008024010B5124CD3
:102A000010484FF4007120604FF4827060604FF402
:102A10000040A0600020E0602061C4E90501E061A1
:102A200020626062A062E0622046FEF7CBFA206876
:102A3000016841F0400101602068016841F4804173
:102A4000016010BD003C0040D4000020FEE7FEE71E
:102A50007047000010B5FFF7D1FF0A20FDF770FEA8
:102A60006D4C4FF00040A0613620FFF763FF00205F
:102A7000FFF794FF3A20FFF75DFF0520FFF78EFF79
:102A8000B220FFF757FF0C20FFF788FF0C20FFF75D
:102A900085FF0020FFF782FF3320FFF77FFF332001
:102AA000FFF77CFFB720FFF745FF3520FFF776FFE4
:102AB000BB20FFF73FFF1920FFF770FFC020FFF793
:102AC00039FF2C20FFF76AFFC220FFF733FF0120F8
:102AD000FFF764FFC320FFF72DFF1220FFF75EFF13
:102AE000C420FFF727FF2020FFF758FFC620FFF77D
:102AF00021FF0F20FFF752FFD020FFF71BFFA4207C
:102B0000FFF74CFFA120FFF749FFE020FFF712FF7E
:102B1000D020FFF743FF0420FFF740FF0D20FFF711
:102B20003DFF1120FFF73AFF1320FFF737FF2B205F
:102B3000FFF734FF3F20FFF731FF5420FFF72EFF50
:102B40004C20FFF72BFF1820FFF728FF0D20FFF781
:102B500025FF0B20FFF722FF1F20FFF71FFF232079
:102B6000FFF71CFFE120FFF7E5FED020FFF716FF7F
:102B70000420FFF713FF0C20FFF710FF1120FFF7D1
:102B80000DFF1320FFF70AFF2C20FFF707FF3F2060
:102B9000FFF704FF4420FFF701FF5120FFF7FEFE7F
:102BA0002F20FFF7FBFE1F20FFF7F8FE1F20FFF787
:102BB000F5FE2020FFF7F2FE2320FFF7EFFE212095
:102BC000FFF7B8FE1120FFF7B5FE7820FDF7B8FD3E
:102BD0002920FFF7AFFE1148006881680906FCD480
:102BE0004FF40040A0610220FFF796F80020FFF7A5
:102BF0006FF86FF07F40FFF77DF8FEF75DFB094946
:102C0000074801220860084900200872BDE810400A
:102C100011030648FDF79EBE00000240D4000020CC
:102C200048000020780000202C090020000C024001
:102C30007047FDF79BBE000030B593B03021684669
:102C4000FDF7F6FA14210CA8FDF7F2FA1E4800254C
:102C5000016841F080510160006800F080501190DF
:102C60001A48016841F4804101600068022400F4C0
:102C70008040119001200090000401908001CDE976
:102C80000640082008904FF4A870CDE909040420FC
:102C90000B906846FDF7E0FF08B172B6FEE70CA99D
:102CA0000F2081E831004FF4A0500F904FF4805076
:102CB000109005210CA8FDF7E5FE002801D072B6A2
:102CC000FEE713B030BD0000403802400070004005
:102CD0000248016841F470010160704788ED00E02E
:102CE00070B5044600680169E26821F4405111435F
:102CF00001612169A068E2690843616911430843E1
:102D00002168CA6849F20C639A430243CA6020688A
:102D10004169A26921F44071114341613149206840
:102D2000884202D03049884202D1FDF755FF01E0C8
:102D3000FDF742FFE2690023192164253226B2F52E
:102D4000004F626828D0A0FB0101930F9200FDF7AD
:102D500037FA0146B0FBF5F06FF01802504301EB73
:102D6000800006EB0010B0FBF5F000F0F002B1FBC4
:102D7000F5F002EB0012B1FBF5F06FF018035843C9
:102D800001EB800006EB0010B0FBF5F000F00F0047
:102D900021681044886070BDA0FB010192185B415E
:102DA000FDF70EFA0146B0FBF5F00201B1FBF5F0BC
:102DB0006FF01803584301EB800006EBC000B0FB36
:102DC000F5F000F0F80002EB4002B1FBF5F05843DB
:102DD00001EB800006EBC000B0FBF5F000F007004F
:102DE000D6E70000001001400014014008480749E0
:102DF00001604FF4E1314160002181600822C1602F
:102E0000C0E904128161C161FEF7DEB90010014022
:102E100090000020FEE700000FB4084B10B504A995
:102E200002AA039800F0EEF8044602A9002000F080
:102E300080FC204610BC5DF814FB0000333700080E
:102E40000907090E002804DB00F1E02080F80014D7
:102E5000704700F00F0000F1E02080F8141D70476B
:102E600002E008C8121F08C1002AFAD17047704753
:102E7000002001E001C1121F002AFBD170470000B1
:102E80002DE9FF5F82B00021DDE90430020DDDF89D
:102E900040B0034318D044F61050A2F2FF32424330
:102EA0001514119801281FD0A5EB0B00401C5FEAF8
:102EB000000A4FF000064E4FDFF83891B0465046FA
:102EC00015D5CAF1000413E0119801244AA3012882
:102ED00001D16FEA0B010298119AC0E90031C0E9F3
:102EE000024206B0BDE8F09FCBF10000DFE70446E8
:102EF0000021404A491842EB0450CDE9001012E08D
:102F0000E00707D032463B4640464946FDF742FAC5
:102F10008046894632463B4610461946FDF73AFA46
:102F200006460F466410002CEAD1DDE90401DDE914
:102F30000023BAF1000F06DAFDF72CFA42464B46A1
:102F4000FDF728FA05E0FDF748FB42464B46FDF742
:102F500044FB04460E460022284BFDF7C5FB03D870
:102F60004FF0FF30014607E00022254B2046314656
:102F7000FDF769F9FDF7A0FB102409E0002C0ADB3E
:102F80000A220023FDF71CF9039B30321A55641EF8
:102F900050EA0102F2D1641C039AC4F111031444F3
:102FA000119A012A03D0012208430DD10AE00843F7
:102FB00004D000204FF0110B119072E7A3EB0B052A
:102FC0006D1E0DE05B4504DD4FF0000205F10105CB
:102FD00004E003DA4FF00002A5F10105002AECD06D
:102FE00002981199C0E90231C0E9004579E7000073
:102FF000000014400000F03F300000000000F043EB
:103000000000E03F2DE9FF4F95B09B4689460646FC
:1030100000250FE2252877D100242746F84A012110
:10302000059400E0044316F8013F203B01FA03F049
:103030001042F7D130782A2811D06FF02F03307862
:10304000A0F13002092A16D8059A44F0020402EBD6
:10305000820203EB42021044761C0590EFE759F818
:10306000042B0592002A03DA504244F400540590E0
:1030700044F00204761C30782E2816D116F8010F81
:1030800044F004042A280DD06FF02F023078A0F10C
:103090003003092B09D807EB870302EB4303C7185A
:1030A000761CF3E759F8047B761C30786C280FD037
:1030B00006DC4C2817D068280DD06A2814D104E00B
:1030C000742810D07A280FD10DE044F400140AE0DF
:1030D00044F4801401E044F440147278824202D136
:1030E00004F58014761C761C307866280BD013DC2F
:1030F000582877D009DC002875D04528F6D0462816
:10310000F4D047281AD19DE118E0632835D064280F
:1031100079D0652812D195E1702873D008DC672832
:10312000F1D069286FD06E280DD06F2806D1B5E098
:1031300073282CD0752875D0782874D05A461799E2
:1031400090476D1C75E1C4F30250022809D0032892
:103150000DD0D9F8001004280DD00D6009F1040934
:1031600067E1D9F80010EA17C1E90052F6E7D9F88B
:1031700000100D80F2E70D70F0E719F8041B8DF8D0
:10318000001000208DF80100EA46012003E059F804
:1031900004AB4FF0FF3061074FF0000102D40DE0A7
:1031A00008F101018846B9420FDA8045F8DB1AF8C8
:1031B00008100029F4D108E008F101018846814295
:1031C000FADB1AF808100029F6D105985B46A0EB47
:1031D000080721463846179A00F094FA284400EB75
:1031E000080507E04DE029E10DE01AF8010B5A4609
:1031F00017999047B8F10108F7D25B462146384647
:10320000179A13E142E00A220092C4F302524FF0EF
:10321000000A022A08D059F804CB032A4FEAEC71BD
:103220000AD00DE029E02AE009F1070121F00702A8
:10323000F2E802C1914609E00FFA8CFC4FEAEC710A
:10324000042A03D14FFA8CFC4FEAEC71002907DA0B
:103250000A460021DCF1000C61EB02012D2202E0A4
:10326000220504D52B228DF80420012203E0E20779
:1032700001D02022F7E7904659E00A2102E010220F
:103280000DE010214FF0000A00910BE010224FF0EA
:10329000000A44F004040827009203E008224FF0DB
:1032A000000A0092C4F30252022A05D059F804CB56
:1032B0000021032A08D009E009F1070121F00702E3
:1032C000F2E802C1914605E01FFA8CFC042A01D104
:1032D0000CF0FF0C4FF00008220728D5702806D00C
:1032E000009B83F0100353EA0A0305D00EE040224E
:1032F0008DF80420012208E05CEA010206D03022A9
:103300008DF804208DF8050002229046009B83F082
:10331000080353EA0A030AD15CEA010201D16207F9
:1033200005D530228DF804204FF001087F1E582863
:1033300004D034A003900EA802900DE036A0F9E767
:1033400053466046009AFCF73BFF84460398825C34
:103350000298401E029002705CEA0100F0D10298CF
:1033600006A9081A00F1200A600702D524F4803467
:1033700000E00127574502DDA7EB0A0000E000202E
:1033800000EB0A01009005984144401A0590E003C3
:1033900006D45B462146179A059800F0B3F9054418
:1033A000002706E001A85A46C05D179990476D1C9A
:1033B0007F1C4745F6DBE0030CD55B462146179A98
:1033C000059800F09FF9054404E030205A4617990B
:1033D00090476D1C0099481E00900029F5DC08E01C
:1033E000029802995A460078491C02911799904711
:1033F0006D1CBAF10001AAF1010AF1DC65E10000DF
:1034000009280100303132333435363738396162BA
:10341000636465660000000030313233343536377E
:1034200038394142434445460000000000F058F955
:103430000544761C307800287FF4ECAD19B028469E
:10344000BDE8F08F620700D4062709F1070222F0D9
:10345000070CFCE80223E14603F000485FEA080C91
:1034600002D00FF2702C0DE05FEA045C02D50FF27F
:10347000682C07E05FEAC47C02D00FF2602C01E008
:10348000AFF2700C4FF0FF3823F00043CDF850C07E
:1034900065280CD006DC452809D046281DD04728D1
:1034A0003DD13DE0662818D067287ED138E0002164
:1034B000112F01DB112000E0781CCDE9000106A9E5
:1034C0000EA8FFF7DDFCDDE90F010E9A0391002144
:1034D000009207F1010A04914DE04FF0004000977F
:1034E000CDE9011006A90EA8FFF7CAFCDDE90F021D
:1034F00003920E9B11990022DDF80CA00093049218
:1035000011B9791C00EB010AB7EB0A0004D4C0F131
:10351000FF3007F1010A0490AAEB0700019044E094
:10352000012F00DA01270021112F01DD112000E019
:103530003846CDE9000106A90EA8FFF7A1FCDDE998
:103540000F010E9A0391002104910092BA462107BF
:103550000CD40399514500DA8A46BAF1010F05DD12
:10356000009AAAF10101515C302908D0B84202DA70
:1035700010F1040F06DA0121CDE9011015E0AAF1DE
:103580000101E9E7002805DC049901440491AAEB54
:10359000000102E0411C514500DD8A460499401AB1
:1035A000401C01904FF000400290200704D4019885
:1035B000504501DBCDF8048000208DF84F000298C3
:1035C0000DF14F07B0F1004F25D02B200E9002983F
:1035D0004FF0020800280CDA404202902D200E9095
:1035E00007E00A210298FCF754FF3031029007F8F7
:1035F000011DB8F10001A8F10108F2DC02980028D1
:10360000EFD1791E0E980870307800F0200040F05D
:10361000450007F8020D12A8C01B00F10708149816
:10362000007800B1012000EB0A01019801EBE07184
:1036300005984144401A401E0590E00306D45B46BD
:103640002146179A059800F05DF805441498007813
:1036500018B15A46179990476D1CE00324D55B4674
:103660002146179A059800F04DF805441CE004988F
:10367000002807DBDDE90301884203DD0098405C98
:10368000179901E0179930205A469047049805F1A0
:103690000105401C04900198401E019004D12E2089
:1036A0005A46179990476D1CBAF10001AAF1010A18
:1036B000DDDC05E017F8010B5A46179990476D1CA1
:1036C000B8F10001A8F10108F4DC5B462146179A25
:1036D0000598ABE62D0000002B0000002000000044
:1036E0002DE9F041044600251E461746880404D4FF
:1036F00005E039462020B0476D1C641EF9D52846E8
:10370000BDE8F0812DE9F041044600251E469046B3
:10371000C80301D5302700E02027880404D505E040
:1037200041463846B0476D1C641EF9D52846BDE8B1
:10373000F0810A68531C0B6010707047FDF71EF98A
:10374000FFF77AFAFFF734F9FFF750FBFFF782F93A
:10375000FEF758FBFEF726FEFEF7C0FFFEF7C8FB9C
:10376000FEF754FDFEF7D6FDFEF7C6FCF0E740007D
:10377000FE079200FE079204FE0702008A04BA02C6
:103780008A01AA041907C2B9200000000000000045
:103790000000000000000000000000000000200009
:1037A00020002000200024012402220222042104FF
:1037B000200020003800D0A1200000000000000000
:1037C00000000000000000000000000000002000D9
:1037D000A70722012A012A012F01AA072601220197
:1037E00016011301C807B0E020000000000000002F
:1037F00000000000000000000000000000000801C0
:103800002701440104013F0144010E011607E501AF
:10381000040104010401BFC62000000000000000F4
:103820000000000000000000000000000000840014
:103830008400F4078F008400F4032C022702440163
:10384000840044013606BCBC2000000000000000DB
:103850000000000000000000000000000000000068
:103860000000000000000000000000000000000058
:103870000000000000000000000000000000000048
:103880000000000000000000000000000000000038
:103890000000000000000000000000000000000028
:1038A0000000000000000000000000000000000018
:1038B0000000000000000000000000000000000008
:1038C00000000000000000000000000000000000F8
:1038D00000000000000000000000000000000000E8
:1038E00000000000000000000000000000000000D8
:1038F00000000000000000000000000000000000C8
:1039000000000000000000000000000000000000B7
:1039100000000000000000000000000000000000A7
:103920000000000000000000000000000000000097
:103930000000000000000000000000000000000087
:1039400000000000000000000000000000008000F7
:103950000001FC7F44044404FC3F44244424FC3F15
:1039600014021422F41A12061222D122303CC2B9D7
:103970002000000000000000000000000000000027
:1039800000000000000000000000000000008000B7
:1039900080008000800080008808881088208420B3
:1039A00084408240814080008000A0004000D0A17F
:1039B00020000000000000000000000000000000E7
:1039C00000000000000000000000000000000001F6
:1039D00000011F7D44114411441144115F7D4411C5
:1039E000241104119C108710427C20001000B0E0CC
:1039F00020000000000000000000000000000000A7
:103A0000000000000000000000000000000010089E
:103A1000B8080F0908090808BF0808091C092C087C
:103A20000A78CA0F09080808080808080808BFC665
:103A30002000000000000000000000000000000066
:103A4000000000000000000000000000000008046A
:103A500008040804C87F3F0408040804A83F18218C
:103A60000C110B12080A0804080A8A116460BCBC15
:103A70002000000000000000000000000000000026
:103A80000000000000000000000000000000000036
:103A90000000000000000000000000000000000026
:103AA0000000000000000000000000000000000016
:103AB0000000000000000000000000000000000006
:103AC00000000000000000000000000000000000F6
:103AD00000000000000000000000000000000000E6
:103AE00000000000000000000000000000000000D6
:103AF00000000000000000000000000000000000C6
:103B000000000000000000000000000000000000B5
:103B100000000000000000000000000000000000A5
:103B20000000000000000000000000000000000095
:103B30000000000000000000000000000000000085
:103B40000000000000000000000000000000000075
:103B50000000000000000000000000000000000065
:103B60000000000000000000000000000000000055
:103B70000000000000000000000000000000000045
:103B80000000000000000000000000000000000035
:103B90000000000000000000000000000000000025
:103BA0000000000000000000000000000000000015
:103BB0000000000000000000000000000000000005
:103BC00000000000000000000000000000000000F5
:103BD00000000400000C00F8EE03081100081100BA
:103BE000F8FF01081101081101F8F701080801C8E0
:103BF0001001489001C87300481002481402441391
:103C000002C4F003020000000000C2B9200000005E
:103C100000000000000000000000000000000000A4
:103C20000000000000000000000000000000000094
:103C30000000000000000000000000000000000084
:103C4000000000000000000000000400000400006C
:103C5000040000040000040040040060240020C4AC
:103C60000020840110040308040308040204040271
:103C700000040000040000040080070000020000AF
:103C80000000D0A1200000000000000000000000A3
:103C90000000000000000000000000000000000024
:103CA0000000000000000000000000000000000014
:103CB0000000000000000000000000000000000004
:103CC00000000400EC040010BC0310440010440089
:103CD000104400104500FC450010E503904400101E
:103CE0004400104400D042003042000E410082F8EF
:103CF00007400000300000000000B0E0200000009D
:103D000000000000000000000000000000000000B3
:103D100000000000000000000000000000000000A3
:103D20000000000000000000000000000000000093
:103D3000000000000000000000008000C081003C86
:103D40008000208800209000209000FC81002080CE
:103D500000608800B0900030810728F900248700B7
:103D60002280002080002080002080002080000031
:103D70000000BFC62000000000000000000000009E
:103D80000000000000000000000000000000000033
:103D90000000000000000000000000000000000023
:103DA0000000000000000000000000000000000013
:103DB00000101000302000202000202000FCFF0315
:103DC000202000202000202000E0F80138040126F7
:103DD0008400208800204800207000203000204807
:103DE000003C8603900102000000BCBC20000000E3
:103DF00000000000000000000000000000000000C3
:103E000000000000000000000000000000000000B2
:103E100000000000000000000000000000000000A2
:103E20000000000000000000000000000000000092
:103E30000000000000FCFF03000000000000000084
:103E400000000000F8FF010000000000000000007A
:103E5000000000000000FEFF07000000000000005E
:103E60000000C8FD2000000000000000000000006D
:103E70000000000000000000000000000000000042
:103E80000000000000000000000000000000000032
:103E90000000000000000000000000000000000022
:103EA00000000000000000000000000000102000E2
:103EB000FEFF01102000F03F00102000F03F001036
:103EC0002000FFFF03102100FCFF00030103FEFFA1
:103ED00001000000000000000000BBF9200000000D
:103EE00000000000000000000000000000000000D2
:103EF00000000000000000000000000000000000C2
:103F000000000000000000000000000000000000B1
:103F100000000000000000000000000000000000A1
:103F20000000000000400000F01F00181800040C02
:103F300000FFFF00048200048200FCFF00048000F8
:103F4000040000040002F8FF01000000000000006F
:103F50000000C9AB200000000000000000000000CD
:103F60000000000000000000000000000000000051
:103F70000000000000000000000000000000000041
:103F80000000000000000000000000000000000031
:103F90000000000000000000000000000000000021
:103FA0000000000000000000000000000000000011
:103FB0000000000000000000000000000000000001
:103FC00000000000000000000000000000000000F1
:103FD00000000000000000000000000000000000E1
:103FE00000000000000000000000000000000000D1
:103FF00000000000000000000000000000000000C1
:1040000000000000000000000000000000000000B0
:1040100000000000000000000000000000000000A0
:104020000000000000000000000000000000000090
:104030000000000000000000000000000000000080
:104040000000000000000000000000000000000070
:104050000000000000000000000000000000000060
:104060000000000000000000000000000000000050
:104070000000000000000000000000000000000040
:1040800000001000003010F0FF3F1042001042000E
:10409000104200F0FF1F104208104208104208F0C2
:1040A000FF0F10200890C00090410890410E904FE3
:1040B0000398C10088411088491084473084C13F6B
:1040C000020000000000C2B9200000000000000053
:1040D00000000000000000000000000000000000E0
:1040E00000000000000000000000000000000000D0
:1040F00000000000000000000000000000000000C0
:1041000000000000000000000000000000000000AF
:10411000000000000018000018000010000010004F
:10412000001000001000809000801101C0100240BB
:10413000100460101C3010181010300810300410DB
:1041400020001000001000001000001900001E00E8
:10415000000C00000000D0A12000000000000000C2
:10416000000000000000000000000000000000004F
:10417000000000000000000000000000000000003F
:10418000000000000000000000000000000000002F
:10419000000000000000000000000000000000001F
:1041A00000001000003000FED13F2010022010025D
:1041B000201002201002201402FC150220140220FC
:1041C000D63F201202201202201002A0090260082D
:1041D000021C080206040200020200F13FC00000B7
:1041E000200000000000B0E02000000000000000FF
:1041F00000000000000000000000000000000000BF
:1042000000000000000000000000000000000000AE
:10421000000000000000000000000000000000009E
:10422000000000000000000000000000000000008E
:104230000000000400070CF80004C00004C0600483
:10424000C0C004C00004FE0704C00004C02004E095
:104250006004E04304F04624D04474C8800FC8785A
:1042600004C40404C20004C00004C00004C000046C
:10427000C00004400004BFC6200000000000000091
:10428000000000000000000000000000000000002E
:10429000000000000000000000000000000000001E
:1042A000000000000000000000000000000000000E
:1042B00000000000000000000000000000000000FE
:1042C00000208000608001608000608000608000CD
:1042D000FEFF3F608000608000608000608200E040
:1042E000FD1F7010086E100C6420046020066040F2
:1042F0000260400360800160400364300E780C7CF3
:10430000200310000000BCBC2000000000000000E2
:10431000000000000000000000000000000000009D
:10432000000000000000000000000000000000008D
:10433000000000000000000000000000000000007D
:10434000000000000000000000000000000000006D
:10435000000000000000000000000000C0F8FFC0E6
:1043600018C0CC18C0CCF8FFCC18C0CC180CCC1896
:104370000CCCD8FFCCD8CCCCD8CCCCD8CCCCCCCCDA
:10438000C0CCCCC004FCC0060C7E000000000000C5
:10439000000000000000CBA2200000000000000090
:1043A000000000000000000000000000000000000D
:1043B00000000000000000000000000000000000FD
:1043C00000000000000000000000000000000000ED
:1043D00000000000000000000000000000000000DD
:1043E00000000000000000000000000000F8FF7F57
:1043F000180060180060F8FF7F180666180C061891
:104400000803D8FF7F180C06180C06F8FFFF0C0CE9
:10441000060C0C060406060603060301060000004F
:10442000000000000000C6C12000000000000000E5
:10443000000000000000000000000000000000007C
:10444000000000000000000000000000000000006C
:10445000000000000000000000000000000000005C
:10446000000000000000000000000000000000004C
:10447000000000000000000000000200C084FFCC2B
:104480009CC1CC88C1CC80D9CC83D9CC8ED9CC98D6
:10449000D9CC80D9CC80D9CC88D9CC98CDCC0C0CB7
:1044A000CC0C36C00C63C0C6C1C074807D00000057
:1044B000000000000000B2E2200000000000000048
:1044C00000000000000000000000000000000000EC
:1044D00000000000000000000000000000000000DC
:1044E00000000000000000000000000000000000CC
:1044F00000000000000000000000000000000000BC
:104500000000000000000000000002001B0C00730F
:1045100018004338000380FFFF0000031F0003184A
:10452000000398FF03181802181806981806D818E0
:104530008678188C38F88D9C0F980800F0000000E1
:10454000000000000000CAD42000000000000000AD
:10455000000000000000000000000000000000005B
:10456000000000000000000000000000000000004B
:10457000000000000000000000000000000000003B
:10458000000000000000000000000000000000002B
:1045900000000000000000000000008301FEFFFF9B
:1045A000008301F0FF3F300030F0FF3F300030F07B
:1045B000FF3F300C30000600FEFFFFC0300CF8FF5C
:1045C0007F67309860301860301F003000000000B6
:1045D000000000000000C4BB20000000000000003C
:1045E00000000000000000000000000000000000CB
:1045F00000000000000000000000000000000000BB
:1046000000000000000000000000000000000000AA
:10461000000000000000000000000000000000009A
:104620000000000000000000000000630080C100E6
:10463000C0800160000330000618001C0E007002EC
:1046400000C0F8FF0F00030E00030E80010680017A
:1046500006C0000660000738FC030E0000000000E2
:10466000000000000000B7D620000000000000009D
:10467000000000000000000000000000000000003A
:10468000000000000000000000000000000000002A
:10469000000000000000000000000000000000001A
:1046A000000000000000000000000000000000000A
:1046B0000000000000000018600C3060183060102E
:1046C000FEE1FF00600082EDC1C46C636C6C36FEDD
:1046D00065FF306618306618306018FEB1FF303064
:1046E000183818181C1C180E0E18020218000000AA
:1046F000000000000000B1E6200000000000000003
:1047000000000000000000000000000000000000A9
:104710000000000000000000000000000000000099
:104720000000000000000000000000000000000089
:104730000000000000000000000000000000000079
:1047400000000000000000000000003800007000C1
:10475000FFFFFF003800064E608C6338D03F080032
:104760001C00202604F8C31CCFFFF10230410030AA
:1047700000FFFFFF003000003000003000000000AC
:10478000000000000000C2CA20000000000000007D
:104790000000000000000000000000000000000019
:1047A0000000000000000000000000000000000009
:1047B00000000000000000000000000000000000F9
:1047C00000000000000000000000000000000000E9
:1047D0000000000000000030800030800130000345
:1047E00030FEFFFE06C03086C43040183030303016
:1047F0001860F00FC03EF87F300003300003300037
:104800000330000330000330FFFF1E0000000000F3
:10481000000000000000BFD82000000000000000E1
:104820000000000000000000000000000000000088
:104830000000000000000000000000000000000078
:104840000000000000000000000000000000000068
:104850000000000000000000000000000000000058
:10486000000000000000000000008001609801606E
:104870008C0163FC3F63860163820163FFFF6380F9
:104880000163800163FC7F638C61638C61638C6175
:10489000608C61608C3D6080013F00000000000082
:1048A000000000000000D6C620000000000000004C
:1048B00000000000000000000000000000000000F8
:1048C00000000000000000000000000000000000E8
:1048D00000000000000000000000000000000000D8
:1048E00000000000000000000000000000000000C8
:1048F00000000000000000000000000000FCC77F76
:104900000CC6600CC660FCC77F0CC660003006FE9B
:10491000FFFF006E0000C701F0010F1F00F8FCC789
:104920007F0CC6600CC660FCC77F0CC66000000030
:10493000000000000000C6F720000000000000009A
:104940000000000000000000000000000000000067
:104950000000000000000000000000000000000057
:104960000000000000000000000000000000000047
:104970000000000000000000000000000000000037
:1049800000000000000000000800001800003000D7
:10499000FEFFFF0600C00600C0E0FF0F000007009A
:1049A000800100E000003000FFFFFF003000003019
:1049B00000003000003000801F00000000000000F8
:1049C000000000000000D7D620000000000000001A
:1049D00000000000000000000000000000000000D7
:1049E00000000000000000000000000000000000C7
:1049F00000000000000000000000000000000000B7
:104A000000000000000000000000000000000000A6
:104A10000000000000000020800130C000F8DFFF2F
:104A2000C8600684710C02390801100060000C7027
:104A3000000CB8FFFF3C000C36040C320C0C301894
:104A40000C30100C30000C30000C30E0070000007F
:104A5000000000000000B7FB200000000000000084
:104A60000000000000000000000000000000000046
:104A70000000000000000000000000000000000036
:104A80000000000000000000000000000000000026
:104A90000000000000000000000000000000000016
:104AA00000000000000000000000C0300060E000D6
:104AB000F0FFFF386000F6FFFF336000F0FFFF30CB
:104AC0006000F0FFFF300000003000003000FEFF0B
:104AD000FF00FE018031077030380F30C000000049
:104AE000000000000000BCAF20000000000000003B
:104AF00000000000000000000000000000000000B6
:104B000000000000000000000000000000000000A5
:104B10000000000000000000000000000000000095
:104B20000000000000000000000000000000000085
:104B30000000000000000000000000180000180045
:104B4000001800001800FCFF7F0C18600C18600CA7
:104B500018600C18600C1860FCFF7F0C18600018BF
:104B600000001800001800001800001800000000E5
:104B7000000000000000D6D020000000000000006F
:104B80000000000000000000000000000000000025
:104B90000000000000000000000000000000000015
:104BA0000000000000000000000000000000000005
:104BB00000000000000000000000000000000000F5
:104BC00000000000000000001C0000380000600031
:104BD000FFFFFF60000C60000CC00006C0000680F4
:104BE000010300830100C700006C0000380000EEE4
:104BF00000C0830778003C0600E0000000000000D1
:104C0000000000000000CEC42000000000000000F2
:104C10000000000000000000000000000000000094
:104C20000000000000000000000000000000000084
:104C30000000000000000000000000000000000074
:104C40000000000000000000000000000000000064
:104C500000000000000000000000000000F8FF3F1E
:104C6000180030180030F8FF3F180030180030F8F6
:104C7000FF3F18003004C62008C63018C63830C6BA
:104C80001820C60800C600FEFFFF0000000000005C
:104C9000000000000000CFD4200000000000000051
:104CA0000000000000000000000000000000000004
:104CB00000000000000000000000000000000000F4
:104CC00000000000000000000000000000000000E4
:104CD00000000000000000000000000000000000D4
:104CE00000000000000000000000000000FCFF7F4A
:104CF000000000000000000000000000FFFFFF00B7
:104D0000300020300430300C3830181830300C307F
:104D1000600630C0023080003000801F00000000BC
:104D2000000000000000CABE2000000000000000DB
:104D30000000000000000000000000000000000073
:104D40000000000000000000000000000000000063
:104D50000000000000000000000000000000000053
:104D60000000000000000000000000000000000043
:104D700000000000000000000000000000FEFFFF37
:104D800000300000300000300030300030300030A3
:104D9000300030F07F3030003030003030003030C4
:104DA00000303000303000FFFFFF00000000000046
:104DB000000000000000D5FD200000000000000001
:104DC00000000000000000000000000000000000E3
:104DD00000000000000000000000000000000000D3
:104DE00000000000000000000000000000000000C3
:104DF00000000000000000000000000000000000B3
:104E0000000000000000000000000003008001001E
:104E1000C0FF076000033880010C6000F4FF3F30E2
:104E200000303030303030303030303030303030B2
:104E30003030F83000980300070EE001781E00C003
:104E4000000000000000B8BA2000000000000000D0
:104E50000000000000000000000000000000000052
:104E60000000000000000000000000000000000042
:104E70000000000000000000000000000000000032
:104E80000000000000000000000000000000000022
:104E900000000000000000000000003000003000B2
:104EA00000300000300060300630300C30301C180C
:104EB00030381830300C30600E30E00630C0023030
:104EC00080003000003000C01F0000000000000023
:104ED000000000000000D0A1200000000000000041
:104EE00000000000000000000000000000000000C2
:104EF00000000000000000000000000000000000B2
:104F000000000000000000000000000000000000A1
:104F10000000000000000000000000000000000091
:104F200000000000000000000000C00003C60C01EB
:104F3000C48601C080FFFECF60E0C060F8E360CCB3
:104F4000FE31C39831308031FF0F1B0C0C1B06065D
:104F50000E3C070EE0031BE0C3313C76E0071880EF
:104F6000000000000000CAFD20000000000000005A
:104F70000000000000000000000000000000000031
:104F80000000000000000000000000000000000021
:104F90000000000000000000000000000000000011
:104FA0000000000000000000000000000000000001
:104FB000000000000000000000003000033000038B
:104FC00030FEFF300003300003FFFD7F300C603007
:104FD000FC7F300C6030FC7F300C60B0FD7F780CC3
:104FE0006007FFFF00601C001CF080030000000051
:104FF000000000000000CCEE2000000000000000D7
:1050000000000000000000000000000000000000A0
:105010000000000000000000000000000000000090
:105020000000000000000000000000000000000080
:105030000000000000000000000000000000000070
:105040000000000000000000000000080000180040
:10505000003800FFFFFF000E00808301C0000770D2
:10506000000CFCFF3F00C32000C30080C10080C1D2
:10507000C0E0C0C038C0C007807F00000000000052
:10508000000000000000B3E4200000000000000069
:105090000000000000000000000000000000000010
:1050A0000000000000000000000000000000000000
:1050B00000000000000000000000000000000000F0
:1050C00000000000000000000000000000000000E0
:1050D0000000000000000000000000380000700028
:1050E000FEFFFF0600C00686C3C0011E3800700622
:1050F00000C0000000F8FF3F001800001800001872
:1051000000001800001800FEFFFF00000000000073
:10511000000000000000BFD52000000000000000DB
:10512000000000000000000000000000000000007F
:10513000000000000000000000000000000000006F
:10514000000000000000000000000000000000005F
:10515000000000000000000000000000000000004F
:10516000000000000000000000003060003030004F
:1051700030F07F307870FF5B3830CC0CF88007B8A7
:10518000C10F3C7A78360EC033F87F311860301882
:105190006030186030186030F87F30186000000010
:1051A000000000000000B8F1200000000000000036
:1051B00000000000000000000000000000000000EF
:1051C00000000000000000000000000000000000DF
:1051D00000000000000000000000000000000000CF
:1051E00000000000000000000000000000000000BF
:1051F00000000000000000000000000000000000AF
:10520000000000000000000000000000000000009E
:10521000000000000000000000000000000000008E
:10522000000000000000000000000000000000007E
:10523000000000000000000000000000000000006E
:10524000000000000000000000000000000000005E
:10525000000000000000000000000000000000004E
:10526000000000000000000000000000000000003E
:10527000000000000000000000000000000000002E
:10528000000000000000000000000000000000001E
:10529000000000000000000000000000000000000E
:1052A00000000000000000000000000000000000FE
:1052B00000000000000000000000000000000000EE
:1052C000000000000000000000000000000000805E
:1052D000000000000300000003002000020CE0FFBB
:1052E000FF1F60300C0060300C0060300C04E0FFE9
:1052F000FF0F60300C0460300C0460300C04603030
:105300000C04E0FFFF07600000046000040060047C
:105310001C00600C0C0460040C0F60C48C0320FCA7
:10532000ED0020041C0030040C0010040D0810C413
:105330000C0808340C18081E1838040CF81F02005A
:10534000000000000000C2B92000000000000000C2
:10535000000000000000000000000000000000004D
:10536000000000000000000000000000000000003D
:10537000000000000000000000000000000000002D
:10538000000000000000000000000000000000001D
:10539000000000000000000000000000000000000D
:1053A00000000000000000000000000000000000FD
:1053B00000000000000000000000000000000000ED
:1053C000000000000000000000000000000000805D
:1053D00000000080070000800100008001000080C4
:1053E00001000080010000800100008001000082B7
:1053F0000100008E210000864100008781000083AB
:1054000081018081010380810106C080010E4080FE
:10541000011C6080011C3080011810800118088078
:105420000110048001000080010000800100008064
:105430000100008C010000F0010000E000000040CD
:10544000000000000000D0A12000000000000000CB
:10545000000000000000000000000000000000004C
:10546000000000000000000000000000000000003C
:10547000000000000000000000000000000000002C
:10548000000000000000000000000000000000001C
:10549000000000000000000000000000000000000C
:1054A00000000000000000000000000000000000FC
:1054B00000000000000000000000000000000000EC
:1054C00000000000000000000000000000000000DC
:1054D000010000000700000C0318FC1FFF3FC00084
:1054E0008301C0008301C0008301C0008301C000AC
:1054F0008301C0008301C0248301FC2F8301C020ED
:105500008309C020FF1FC0308301C0188101C00083
:105510008101C0008101C0908101C08C8101C083E4
:105520008001F0C080013E4080010C2080010030ED
:1055300080110008FE3F0006000000010000C000CE
:10554000000000000000B0E02000000000000000AB
:10555000000000000000000000000000000000004B
:10556000000000000000000000000000000000003B
:10557000000000000000000000000000000000002B
:10558000000000000000000000000000000000001B
:10559000000000000000000000000000000000000B
:1055A00000000000000000000000000000000000FB
:1055B00000000000000000000000000000000000EB
:1055C00000000000000000000000000000000000DB
:1055D000000100300007003C0003E00700031C034B
:1055E00000030003060300030C0300031803000379
:1055F000180300230003FC7F0003000300030003E3
:10560000020380030603800F0C03C03B08034033F2
:1056100000336023003F2023F00310830F0308634F
:10562000000304030003020300030003000300035C
:105630000003000300030003000300030003000154
:10564000000100000000BFC62000000000000000B4
:10565000000000000000000000000000000000004A
:10566000000000000000000000000000000000003A
:10567000000000000000000000000000000000002A
:10568000000000000000000000000000000000001A
:10569000000000000000000000000000000000000A
:1056A00000000000000000000000000000000000FA
:1056B00000000000000000000000000000000000EA
:1056C000000000000000000000000000000080005A
:1056D00010008003700080013000800130008001E4
:1056E00030008001300080193018FCFFFF3F80013E
:1056F00030008001300080013000800130008031B6
:10570000300480CDFF0F80030106F0010106BC01CB
:1057100002038C0102038001860180018401800163
:10572000CC00800168008001700080017800800159
:10573000EC008001C703F881011FE071003E400CBE
:10574000000000000000BCBC2000000000000000C1
:105750000000000000000000000000000000000049
:105760000000000000000000000000000000000039
:105770000000000000000000000000000000000029
:105780000000000000000000000000000000000019
:105790000000000000000000000000000000000009
:1057A00000000000000000000000000000000000F9
:1057B00000000000000000000000000000000000E9
:1057C00000000000000000000000000000000000D9
:1057D00000000000000000000000000000000000C9
:1057E00000000000000000000000000000000000B9
:1057F00000000000000000000000000000000000A9
:105800000000000000000000000000000000000098
:105810000000000000000000000000000000000088
:105820000000000000000000000000000000000078
:105830000000000000000000000000000000000068
:105840000000000000000000000000000000000058
:105850000000000000000000000000000000000048
:105860000000000000000000000000000000000038
:105870000000000000000000000000000000000028
:105880000000000000000000000000000000000018
:105890000000000000000000000000000000000008
:1058A00000000000000000000000000000000000F8
:1058B00000000000000000000000000000000000E8
:1058C00000000000000000000000000000000000D8
:1058D00000000000000000000000000000000000C8
:1058E00000000000000000000000000000000000B8
:1058F00000000000000000000000000000000000A8
:105900000000000000000000000000000000000097
:105910000000000000000000000000000000000087
:105920000000000000000000000000000000000077
:105930000000000000000000000000000000000067
:105940000000000000000000000000000000000057
:105950000000000000000000000000000000000047
:105960000000000000000000000000000000000037
:105970000000000000000000000000000000000027
:105980000000000000000000000000000000000017
:105990000000000000000000000000000000000007
:1059A00000000000000000000000000000000000F7
:1059B00000000000000000000000000000000000E7
:1059C00000000000000000000000000000000000D7
:1059D00000000000000000000000000000000000C7
:1059E00000000000000000000000000000000000B7
:1059F00000000000000000000000000000000000A7
:105A00000000000000000000000000000000000096
:105A10000000000000000000000000000000000086
:105A20000000000000000000000000000000000076
:105A30000000000000000000000000000000000066
:105A40000000000000000000000000000000000056
:105A50000000000000000000000000000000000046
:105A60000000000000000000000000000000000036
:105A70000000000000000000000000000000000026
:105A80000000000000000000000000000000000016
:105A90000000000000000000000000000000000006
:105AA00000000000000000000000000000000000F6
:105AB00000000000000000000000000000000000E6
:105AC00000000000000000000000000000000000D6
:105AD00000000000000000000000000000000000C6
:105AE00000000000000000000000000000000000B6
:105AF00000000000000000000000000000000000A6
:105B00000000000000000000000000000000000095
:105B10000000000000000000000000000000000085
:105B20000000000000000000000000000000000075
:105B30000000000000000000000000000000000065
:105B40000000000000000000000000000000000055
:105B50000000000000000000000000000000000045
:105B60000000000000000000000000000000000035
:105B70000000000000000000000000000000000025
:105B80000000000000000000000000000000000015
:105B90000000000000000000000000000000000005
:105BA00000000000000000000000000000000000F5
:105BB00000000000000000000000000000000000E5
:105BC00000000000000000000000000000000000D5
:105BD00000000000000000000000000000000000C5
:105BE00000000000000000000000000000000000B5
:105BF00000000000000000000000000000000000A5
:105C00000000000000000000000000000000000094
:105C10000000000000000000000000000000000084
:105C20000000000000000000000000000000000074
:105C30000000000000000000000000000000000064
:105C40000000000000000000000000000000000054
:105C50000000000000000000000000000000000044
:105C60000000000000000000000000000000000034
:105C70000000000000000000000000000000000024
:105C80000000000000000000000000000000000014
:105C90000000000000000000000000000000000004
:105CA00000000000000000000000000000000000F4
:105CB00000000000000000000000000000000000E4
:105CC00000000000000000000000000000000000D4
:105CD00000000000000000000000000000000000C4
:105CE00000000000000000000000000000000000B4
:105CF00000000000000000000000000000000000A4
:105D00000000000000000000000000000000000093
:105D10000000C003C003C003C003C003C00380036E
:105D2000800180018001800180018001800180016B
:105D30000000000000008001C003C00380010000DB
:105D400000000000000000000000C018E01CE01C83
:105D5000700E300618038C01840000000000000063
:105D60000000000000000000000000000000000033
:105D70000000000000000000000000000000000023
:105D80000000000000000000000000000000000013
:105D9000000020102010201020102010FE7FFE7F19
:105DA000FE7F100810081008100810081008FE7F69
:105DB000FE7FFE7F180C0804080408040804000095
:105DC0000000000000000000000000000000800053
:105DD0008000C003B00C90189818981C981CB8004C
:105DE000B000F000E000C0038007800F800C801C32
:105DF00080189C189C188C188C0C9806E003800066
:105E00008000800000000000000000000000000092
:105E100000001C0836082204630463026302630264
:105E2000630163012201B61C9C364022406340633B
:105E3000206320631063106310220836081C0000E2
:105E40000000000000000000000000000000000052
:105E50000000F00098008C018C018C018C018C00FA
:105E6000CC005C0038001C3E3C0832087308630418
:105E7000E304C3048303834306678C3E781C00005D
:105E8000000000000000000000001C003C003C007E
:105E90003000300010000C00060000000000000080
:105EA00000000000000000000000000000000000F2
:105EB00000000000000000000000000000000000E2
:105EC0000000000000000000000000400020001062
:105ED0000018000C0004000600020003000380010B
:105EE00080018001800180018001800180018001AA
:105EF00000030003000200060004000C001800105C
:105F00000020004000000000000002000400080023
:105F100018003000200060004000C000C000800178
:105F20008001800180018001800180018001800169
:105F3000C000C000C0006000200030001800080051
:105F4000040002000000000000000000000000004B
:105F50000000000000000003800380030C631C713C
:105F60003839600D80038003600D38391C718C61F5
:105F70008003800380030000000000000000000098
:105F80000000000000000000000000000000000011
:105F900000000000000000000001000100010001FD
:105FA000000100010001FC7F00010001000100016F
:105FB00000010001000100000000000000000000DE
:105FC00000000000000000000000000000000000D1
:105FD00000000000000000000000000000000000C1
:105FE00000000000000000000000000000000000B1
:105FF0000000000000001C003C003C0030003000AD
:1060000010000C000600000000000000000000006E
:106010000000000000000000000000000000000080
:10602000000000000000FE7F0000000000000000F3
:106030000000000000000000000000000000000060
:106040000000000000000000000000000000000050
:106050000000000000000000000000000000000040
:106060000000000000000000000000000000000030
:1060700000000000000018003C003C001800000078
:106080000000000000000000000000000040006070
:1060900000200030001000180008000C000400066A
:1060A00000020003000180018000C0004000600089
:1060B000200030001000180008000C00040006004A
:1060C00002000000000000000000000000000000CE
:1060D0000000C0036004300C1818181818100C3099
:1060E0000C300C300C300C300C300C300C300C30D0
:1060F0000C30181018181818300C6004C003000079
:10610000000000000000000000000000000000008F
:10611000000000018001F801800180018001800100
:106120008001800180018001800180018001800167
:1061300080018001800180018001C003F81F000000
:10614000000000000000000000000000000000004F
:106150000000E007101C0818043004300C300C302C
:10616000003000180018000C000600038001C00079
:1061700040002020102008200430FC1FFC1F0000DD
:10618000000000000000000000000000000000000F
:106190000000E00318060C0C0C180C180C18001862
:1061A0000018000C0006C003000E0018001000309C
:1061B00000300C300C300C100C18180CE0030000F0
:1061C00000000000000000000000000000000000CF
:1061D0000000000600060007000780068006400653
:1061E000200620061006100608060C060406020605
:1061F000FE3F00060006000600060006C03F000045
:10620000000000000000000000000000000000008E
:106210000000F03FF03F08000800080008000800F8
:106220000800C807280C181808100030003000308B
:1062300000300C300C3004180418180CE003000077
:10624000000000000000000000000000000000004E
:1062500000008007601830181018180008000800A7
:106260000C00CC076C0C1C181C100C300C300C30C3
:106270000C300C30183018103018700CC0070000AB
:10628000000000000000000000000000000000000E
:106290000000F83FF83F08100C080408040400044C
:1062A0000002000200020001000180008000800066
:1062B0008000C000C000C000C000C000C0000000DE
:1062C00000000000000000000000000000000000CE
:1062D0000000E007300C18180C300C300C301C306B
:1062E0001C107818F004E003180F0C1E0C1C063864
:1062F00006300630063006300C18180CE00300009B
:10630000000000000000000000000000000000008D
:106310000000E00318040C080C18061006300630C4
:106320000630063006300E380C341836F0310030A6
:106330000018001800080C0C0C060C03F0010000FB
:10634000000000000000000000000000000000004D
:10635000000000000000000000000000000000003D
:106360008001C003C00380010000000000000000A5
:106370000000000000008001C003C0038001000095
:10638000000000000000000000000000000000000D
:1063900000000000000000000000000000000000FD
:1063A0000000C001C001C0010000000000000000AA
:1063B0000000000000000000C001C001C001800119
:1063C000C000C0000000000000000000000000004D
:1063D00000000020001000080004000200018000FE
:1063E00040002000100008000800100020004000BD
:1063F00080000001000200040008001000200000DE
:10640000000000000000000000000000000000008C
:10641000000000000000000000000000000000007C
:10642000FE7F00000000000000000000FE7F000072
:10643000000000000000000000000000000000005C
:10644000000000000000000000000000000000004C
:10645000000004000800100020004000800000013F
:1064600000020004000800100010000800040002F0
:10647000000180004000200010000800040000001F
:10648000000000000000000000000000000000000C
:106490000000C0073018183008600C601C601C60D9
:1064A0001C6000300018000E000300010001000114
:1064B0000001000000008001C003C0038001000053
:1064C00000000000000000000000000000000000CC
:1064D0000000C0076008301018200C2B8C4D844C35
:1064E000C64CC644664466446644664666266626CE
:1064F0006417CC0C0C40082018303018C00700007E
:10650000000000000000000000000000000000008B
:106510000000C001C001C001C0012003200320030E
:10652000200330021006100610061004F80F080CA5
:10653000080C080C04180418041806381F7C000006
:10654000000000000000000000000000000000004B
:106550000000FE07181C18181830183018301830B2
:1065600018301818180CF807181818301820186068
:10657000186018601860186018301818FE0F0000B6
:10658000000000000000000000000000000000000B
:106590000000C0076038103018600C400C400C0040
:1065A00006000600060006000600060006000600BB
:1065B00006000C400C40082018103008C0070000EE
:1065C00000000000000000000000000000000000CB
:1065D0000000FE03180E1818181018301830186034
:1065E00018601860186018601860186018601860EB
:1065F000182018301830181818181806FE03000054
:10660000000000000000000000000000000000008A
:106610000000FE3F183018201840184018001800DD
:1066200018081808180CF80F180C18081808180083
:10663000180018001840184018201830FE3F0000BD
:10664000000000000000000000000000000000004A
:106650000000FE3F18381820184018401800180095
:1066600018081808180CF80F180C1808180818083B
:106670001800180018001800180018007E0000000C
:10668000000000000000000000000000000000000A
:106690000000C003300C100818180C100C10040077
:1066A00006000600060006000600067E061806180C
:1066B00004180C180C18081818183004E00300000F
:1066C00000000000000000000000000000000000CA
:1066D00000003FFC0C300C300C300C300C300C3017
:1066E0000C300C300C30FC3F0C300C300C300C30CB
:1066F0000C300C300C300C300C300C303FFC0000F7
:106700000000000000000000000000000000000089
:106710000000F81F8001800180018001800180015C
:106720008001800180018001800180018001800161
:10673000800180018001800180018001F81F00003C
:106740000000000000000000000000000000000049
:106750000000E07F000600060006000600060006B6
:1067600000060006000600060006000600060006F9
:1067700000060006000600060006000600060E06DB
:106780000E038E01FC00000000000000000000006D
:1067900000007E3E180C1804180618021801180193
:1067A00098009800D800B801B8011803180318061B
:1067B0001806180C180C180C181818187E7C0000F5
:1067C00000000000000000000000000000000000C9
:1067D00000007E00180018001800180018001800AB
:1067E00018001800180018001800180018001800E9
:1067F000180018001840184018201830FE3F0000FC
:106800000000000000000000000000000000000088
:1068100000000FF01C381C381C381C381C34343471
:106820003434343434323432643264326432643175
:106830004431C431C431C430C43084308FFC0000D2
:106840000000000000000000000000000000000048
:1068500000000FF81C201C20342034206420642009
:10686000C420C42084218421042304230426042674
:10687000042C042C04380438043004301F20000099
:106880000000000000000000000000000000000008
:106890000000C003300C181808100C300C30062013
:1068A00006600660066006600660066006600660B8
:1068B00004600C300C3008101818300CC0030000B5
:1068C00000000000000000000000000000000000C8
:1068D0000000FE0F18181830186018601860186053
:1068E0001860186018301818F807180018001800F9
:1068F0001800180018001800180018007E0000008A
:106900000000000000000000000000000000000087
:106910000000C003300C181808100C300C30066052
:106920000660066006600660066006600660066037
:106930000660E4211C331C36181E300EC007004CC4
:10694000003C0038000000000000000000000000D3
:106950000000FE07181C18181830183018301830AE
:1069600018301818180CF80718031803180618061A
:106970001806180C180C180C181818187E78000037
:106980000000000000000000000000000000000007
:106990000000F013181E0C1806180610061006004A
:1069A0000E003C00F800E003800F001E00180038C5
:1069B00002300230063004300C181C0CE4070000D2
:1069C00000000000000000000000000000000000C7
:1069D0000000FC3F8C218461824182418001800162
:1069E000800180018001800180018001800180019F
:1069F000800180018001800180018001E0070000AA
:106A00000000000000000000000000000000000086
:106A100000003F7C0C100C100C100C100C100C1013
:106A20000C100C100C100C100C100C100C100C1086
:106A30000C100C100C100C1018083804E0030000A7
:106A40000000000000000000000000000000000046
:106A500000003E7818301810181018103008300850
:106A60003008300830046004600460046002C00232
:106A7000C002C002C00180018001800080000000CF
:106A80000000000000000000000000000000000006
:106A90000000CFF386618621842104210C238C23FE
:106AA0008C238C138C138813481258165816580EC2
:106AB000380E300E300E300C30041004100400007C
:106AC00000000000000000000000000000000000C6
:106AD00000003E7C18101808300830046004600282
:106AE000C002C00180018001800180034003400694
:106AF0002006200E100C100C181808383E7C0000E0
:106B00000000000000000000000000000000000085
:106B100000007E7C1C101810180830083008300463
:106B200060046004C002C002C001800180018001D5
:106B3000800180018001800180018001E007000068
:106B40000000000000000000000000000000000045
:106B50000000F87F383018300C180418000C0006BC
:106B600000060003000380018001C000C000600037
:106B700060003000184018600C200C38FE3F000008
:106B8000000000000000000000000000C03FC00046
:106B9000C000C000C000C000C000C000C000C000F5
:106BA000C000C000C000C000C000C000C000C000E5
:106BB000C000C000C000C000C000C000C000C000D5
:106BC000C03F0000000000000000000000000000C6
:106BD0001800180010003000200060006000400025
:106BE000C000800080018001000100030002000657
:106BF0000006000C000C000C0018001800300030DB
:106C0000003000600000000000000000FC030003F2
:106C1000000300030003000300030003000300035C
:106C2000000300030003000300030003000300034C
:106C3000000300030003000300030003000300033C
:106C4000FC030000000000000000C003C007600457
:106C5000100800000000000000000000000000001C
:106C60000000000000000000000000000000000024
:106C70000000000000000000000000000000000014
:106C80000000000000000000000000000000000004
:106C900000000000000000000000000000000000F4
:106CA00000000000000000000000000000000000E4
:106CB00000000000000000000000000000000000D4
:106CC00000000000FFFF000000007800C00000018D
:106CD00000000000000000000000000000000000B4
:106CE00000000000000000000000000000000000A4
:106CF0000000000000000000000000000000000094
:106D00000000000000000000000000000000000083
:106D10000000000000000000000000000000000073
:106D2000E007180C0C180C180C18001CE01B381885
:106D30000C1806180618061806980C9EF871000024
:106D40000000000000000000000000000000000043
:106D500010001E0018001800180018001800180075
:106D60009807581C38183830183018301830183038
:106D700018301830183018103818380CC8070000B0
:106D80000000000000000000000000000000000003
:106D900000000000000000000000000000000000F3
:106DA000C0077008301818180C180C000C000C00E4
:106DB0000C000C000C20182018103008C007000030
:106DC00000000000000000000000000000000000C3
:106DD0000010001E001800180018001800180018F5
:106DE000E01B301C181818180C180C180C180C186C
:106DF0000C180C180C180818181C307AE009000040
:106E00000000000000000000000000000000000082
:106E10000000000000000000000000000000000072
:106E2000C003300C101818100C300C300C30FC3F24
:106E30000C000C000C00182018107018C00700007F
:106E40000000000000000000000000000000000042
:106E50000000003E80618060C060C000C000C000D3
:106E6000FC1FC000C000C000C000C000C000C000C7
:106E7000C000C000C000C000C000C000F80F00008B
:106E80000000000000000000000000000000000002
:106E900000000000000000000000000000000000F2
:106EA000C077306C10181818181818181018300CF3
:106EB000F00718001800F803F01F18380C300C30D9
:106EC0000C301818E007000000000000000000006F
:106ED00010001E00180018001800180018001800F4
:106EE0009807580C3818181818181818181818185F
:106EF0001818181818181818181818187E7E000076
:106F00000000000000000000000000000000000081
:106F100000008001C00380010000000000000001AB
:106F2000F8018001800180018001800180018001E1
:106F3000800180018001800180018001F81F000034
:106F40000000000000000000000000000000000041
:106F50000000001C001E000C0000000000000008E3
:106F6000C00F000C000C000C000C000C000C000CFE
:106F7000000C000C000C000C000C000C000C000CB1
:106F800018061802F00100000000000000000000D8
:106F900010001E0018001800180018001800180033
:106FA000183E180C1804180218019801D80178032B
:106FB00038031806180C180C181818387E7C0000B6
:106FC00000000000000000000000000000000000C1
:106FD0000001F801800180018001800180018001B1
:106FE0008001800180018001800180018001800199
:106FF000800180018001800180018001F81F000074
:107000000000000000000000000000000000000080
:10701000000000000000000000000000000004006C
:10702000F73C8E63866186618661866186618661D2
:10703000866186618661866186618661CFF3000024
:107040000000000000000000000000000000000040
:107050000000000000000000000000000000000030
:1070600090075E0C381818181818181818181818DF
:107070001818181818181818181818187E7E0000F4
:107080000000000000000000000000000000000000
:1070900000000000000000000000000000000000F0
:1070A000C003300C1018181808300C300C300C309D
:1070B0000C300C300C3018181818300CC0030000BD
:1070C00000000000000000000000000000000000C0
:1070D00000000000000000000000000000000000B0
:1070E00090075E0C38181810183018301830183007
:1070F00018301830183018183818780C98071800FD
:10710000180018007E0000000000000000000000D1
:10711000000000000000000000000000000000006F
:10712000C013301E181C18180C180C180C180C184A
:107130000C180C180C180818181C301EE019001830
:1071400000180018007E0000000000000000000091
:10715000000000000000000000000000000000002F
:1071600060387E666061E001E00060006000600001
:10717000600060006000600060006000FE070000CA
:1071800000000000000000000000000000000000FF
:1071900000000000000000000000000000000000EF
:1071A000C02760383030302030207000E003800F7E
:1071B000001E00380830083018303818C80F00009A
:1071C00000000000000000000000000000000000BF
:1071D000000000000000800080008000C000E0008F
:1071E000FC1FC000C000C000C000C000C000C00044
:1071F000C000C000C000C020C0208011000F0000EF
:10720000000000000000000000000000000000007E
:10721000000000000000000000000000000010104E
:107220001E1E1818181818181818181818181818D2
:107230001818181818181818181C307AE0090000C7
:10724000000000000000000000000000000000003E
:10725000000000000000000000000000000000002E
:107260003E7C1830181018183008300820046004CC
:107270006004C002C002C0038001800180000000E1
:1072800000000000000000000000000000000000FE
:1072900000000000000000000000000000000000EE
:1072A000DFF3866184218C218C218C138813581381
:1072B0005812580E700E300E300C300420040000AE
:1072C00000000000000000000000000000000000BE
:1072D00000000000000000000000000000000000AE
:1072E0007C3E300870086004C002C002800180014A
:1072F000800340062006200C101818183E7E00005F
:10730000000000000000000000000000000000007D
:10731000000000000000000000000000000000006D
:107320003E7C181818081008300820046004600417
:107330004002C00280028001800180008000800045
:1073400040007C003C000000000000000000000045
:10735000000000000000000000000000000000002D
:10736000FC1F0C1C0C0C0406040700038001C00168
:10737000C00060007020302018300C18FC1F000086
:1073800000000000000000000000003000080004C1
:1073900000040004000400040004000400040004CD
:1073A0000004000400038001000200040004000443
:1073B00000040004000400040004000400040004AD
:1073C0000008003000000001000100010001000180
:1073D00000010001000100010001000100010001A5
:1073E0000001000100010001000100010001000195
:1073F0000001000100010001000100010001000185
:107400000001000100010000000018002000400001
:10741000400040004000400040004000400040006C
:107420004000400080010003800040004000400018
:10743000400040004000400040004000400040004C
:1074400020001800000000007800C40082410241C2
:107450000027001C000000000000000000000000E9
:10746000000000000000000000000000000000001C
:10747000000000000000000000000000000000000C
:1074800000000000000000000000000000000000FC
:1074900000000000000000000000000000000000EC
:1074A00000000000000000000000000000000000DC
:1074B000000000000000000000000000000060006C
:1074C000600060006000600060006000400020001C
:1074D000200020000000000000006000600060004C
:1074E000000000000000000000006006600630039D
:1074F0009801880044000000000000000000000027
:10750000000000000000000000000000000000007B
:107510000000000000000000000000000000100259
:10752000100210021002FE07FE07080208010801FF
:1075300008010801FE07FE0704010401040104011B
:1075400000000000000000000000000040004000BB
:10755000F00158034C03CC034C0058007000E000CD
:10756000C001C00140034C035C034C034801F00020
:1075700040004000000000000000000000000E017C
:107580000A01910091009100510051003A00AE03B0
:10759000A0025004500448044804480484028403B0
:1075A00000000000000000000000000000003800A3
:1075B0006C006C006C006C006C002C0098071C01C7
:1075C0001A01330133016301E300C308C6093C0714
:1075D000000000000000000000000C001C00100073
:1075E000100008000400000000000000000000007F
:1075F000000000000000000000000000000000008B
:107600000000000000000000000000040002000173
:10761000800080004000400020002000200020006A
:107620002000200020004000400080008000000179
:107630000002000400000000000002000400080036
:1076400010001000200020004000400040004000DA
:107650004000400040002000200010001000080002
:107660000400020000000000000000000000000014
:1076700000004000C0004000460C4E0FD001F00159
:107680005E0F460C4000400040000000000000007B
:1076900000000000000000000000000000000000EA
:1076A0000000000040004000400040004000FE0F8D
:1076B000400040004000400040000000000000008A
:1076C00000000000000000000000000000000000BA
:1076D00000000000000000000000000000000000AA
:1076E000000000000000000000000C001C00100062
:1076F000100008000400000000000000000000006E
:107700000000000000000000000000000000FE0774
:107710000000000000000000000000000000000069
:107720000000000000000000000000000000000059
:107730000000000000000000000000000000000049
:10774000000000000000000000001C001C001C00E5
:10775000000000000000000000000004000600021D
:107760000003000100018000800040004000600034
:107770002000200010001000080008000C00040089
:1077800006000200000000000000000000000000F1
:10779000F00098010C030C03060606060606060612
:1077A00006060606060606060C030C039801F00002
:1077B00000000000000000000000000000000000C9
:1077C00040007C00600060006000600060006000BD
:1077D0006000600060006000600060006000FC030A
:1077E0000000000000000000000000000000000099
:1077F000F800840102030603060300030001800170
:10780000C000600020001000080204020602FE030F
:107810000000000000000000000000000000000068
:107820007800C6008601860180018001C0007000DA
:107830008001000100030003060306038601F8002F
:107840000000000000000000000000000000000038
:1078500080018001C001A001A00190018801880180
:1078600084018201FE0F8001800180018001E00718
:107870000000000000000000000000000000000008
:10788000FC0304000400040004000400F4008C0164
:107890000403000300030603060382018401F800C9
:1078A00000000000000000000000000000000000D8
:1078B000E00118030C030C0004000600E6011603A7
:1078C0000E0606060606060604060C021803F0005D
:1078D00000000000000000000000000000000000A8
:1078E000F8070C060402040100010001800080007A
:1078F00040004000400060006000600060006000E8
:107900000000000000000000000000000000000077
:10791000F8010C030606060606060C021C03F0001E
:10792000C8010C0306060606060606060C03F0014F
:107930000000000000000000000000000000000047
:10794000F0000C010C0306020606060606060607F2
:107950008C0678060006000300030C018C017800F9
:107960000000000000000000000000000000000017
:1079700000000000000000000000E000E000E00067
:1079800000000000000000000000E000E000E00057
:1079900000000000000000000000000000000000E7
:1079A0000000000000000000000060006000000017
:1079B0000000000000000000000000006000600007
:1079C0004000200020000000000000000000000433
:1079D00000020001800040002000100008000400A8
:1079E0000800100020004000800000010002000498
:1079F0000000000000000000000000000000000087
:107A000000000000000000000000FE070000000071
:107A10000000FE0700000000000000000000000061
:107A20000000000000000000000000000000040052
:107A30000800100020004000800000010002000447
:107A40000002000180004000200010000800040037
:107A50000000000000000000000000000000000026
:107A6000E0031806040C040C0C0C0C0C000780013D
:107A700040004000400000000000E000E000E000A6
:107A80000000000000000000000000000000E00016
:107A900018030C02CC0564056605A605B604B604F9
:107AA000B604B604B602E4010C040C021803F0009C
:107AB00000000000000000000000000000000000C6
:107AC000600060005000D0009000900088008801A5
:107AD0000801F801040304030402020202060F0F66
:107AE0000000000000000000000000000000000096
:107AF000FE008C030C030C030C030C038C01FC0034
:107B00000C030C020C060C060C060C060C03FE0102
:107B10000000000000000000000000000000000065
:107B2000E00318030C060C0404040600060006001B
:107B300006000600060006040C040C021803F00000
:107B40000000000000000000000000000000000035
:107B50007F008C010C030C030C060C060C060C06B3
:107B60000C060C060C060C060C030C038C017F00A3
:107B70000000000000000000000000000000000005
:107B8000FF03060306040604060086008600FE00C6
:107B90008600860086000600060406040602FF032F
:107BA00000000000000000000000000000000000D5
:107BB000FF03060306040604060086008600FE0096
:107BC00086008600860006000600060006001F00EC
:107BD00000000000000000000000000000000000A5
:107BE000F00018010C020C02040206000600060058
:107BF0000600C60F060306030C030C031803F0006F
:107C00000000000000000000000000000000000074
:107C10000F0F060606060606060606060606FE07F9
:107C200006060606060606060606060606060F0FE2
:107C30000000000000000000000000000000000044
:107C4000FC03600060006000600060006000600095
:107C50006000600060006000600060006000FC0385
:107C60000000000000000000000000000000000014
:107C7000F807C000C000C000C000C000C000C000C5
:107C8000C000C000C000C000C000C000C000C000F4
:107C9000C60066003C00000000000000000000007C
:107CA000CF038601C60046002600160036002E00CF
:107CB0006E004600C60086008601060106038F0797
:107CC00000000000000000000000000000000000B4
:107CD0001F0006000600060006000600060006005B
:107CE0000600060006000600060406040602FF035E
:107CF0000000000000000000000000000000000084
:107D00000707860386038E038E034E034E034A0342
:107D10005A035A033A03320332033203120387072A
:107D20000000000000000000000000000000000053
:107D30008E0F0C021C021C02340234026402640224
:107D40004402C402840284038403040304031F0264
:107D50000000000000000000000000000000000023
:107D6000F00098010C030C0206060606060606063D
:107D700006060606060606060C020C039801F0002D
:107D800000000000000000000000000000000000F3
:107D9000FF00060306060606060606060606860316
:107DA000FE000600060006000600060006001F0092
:107DB00000000000000000000000000000000000C3
:107DC000F00098010C030C020606060606060606DD
:107DD00006060606060676064C02CC039801F0005D
:107DE0008007000300000000000000000000000009
:107DF000FF01060306060606060606060603FE0043
:107E00004600C600860086010603060306060F0E1E
:107E10000000000000000000000000000000000062
:107E2000F8020C030602060206000E003C00F800F1
:107E3000E003800300070206020606060C03F001B9
:107E40000000000000000000000000000000000032
:107E5000FE07620461086108600060006000600065
:107E60006000600060006000600060006000F80179
:107E70000000000000000000000000000000000002
:107E80001E070C020C020C020C020C020C020C026B
:107E90000C020C020C020C020C020C021801F00085
:107EA00000000000000000000000000000000000D2
:107EB0000F070602040104010C010C018800880070
:107EC0009800980050005000700030002000200002
:107ED00000000000000000000000000000000000A2
:107EE000F70E620442044604460464026402E4029B
:107EF000E4029C029C019801980188018800880096
:107F00000000000000000000000000000000000071
:107F10009E070C01080118019000B00060002000CD
:107F200060006000D00090008801080104038E0703
:107F30000000000000000000000000000000000041
:107F40000F0F060404020C0208011801B800B0006B
:107F50007000600060006000600060006000F80178
:107F60000000000000000000000000000000000011
:107F7000FC070C0206030201800180004000400063
:107F8000200020001000180008040C040402FE0366
:107F900000000000000000000000E00320002000BE
:107FA00020002000200020002000200020002000D1
:107FB00020002000200020002000200020002000C1
:107FC0002000E003000000000000000000000400AA
:107FD000040008000800100010001000200020001D
:107FE00040004000C000800080000001000100024D
:107FF000000200020004000000007C00400040007D
:108000004000400040004000400040004000400070
:108010004000400040004000400040004000400060
:1080200040007C000000000060009000080100009B
:108030000000000000000000000000000000000040
:108040000000000000000000000000000000000030
:108050000000000000000000000000000000000020
:108060000000000000000000000000000000000010
:108070000000000000000000000000000000000000
:1080800000000000FF0F000000001800600000006A
:1080900000000000000000000000000000000000E0
:1080A00000000000000000000000000000000000D0
:1080B00000000000000000000000000000000000C0
:1080C00000000000000000000000F0010C030C03A1
:1080D0000003E0031C030E03060306038E0B7C0E55
:1080E0000000000000000000000000000000080088
:1080F0000E000C000C000C000C00CC013C031C0614
:108100000C060C060C060C060C060C021C03E40103
:10811000000000000000000000000000000000005F
:1081200000000000000000000000F0008C018C0145
:10813000860106000600060006020C020C01F00093
:10814000000000000000000000000000000000022D
:10815000C003000300030003000378038C030C0337
:108160000603060306030603060304038C077801CF
:1081700000000000000000000000000000000000FF
:1081800000000000000000000000E00118030802E9
:108190000C060C06FC070C000C0018041802E00189
:1081A00000000000000000000000000000000000CF
:1081B000C0036006300630003000FE0130003000A1
:1081C0003000300030003000300030003000FC0162
:1081D000000000000000000000000000000000009F
:1081E00000000000000000000000F007D8068C012D
:1081F0008C018C019801F8000C00FC00CC030603F4
:1082000006038E03F80000000000000000000800D4
:108210000E000C000C000C000C00EC011C030C0305
:108220000C030C030C030C030C030C030C039E0740
:10823000000000000000000000000000000000003E
:10824000600060000000000040007C0060006000F2
:108250006000600060006000600060006000FC037F
:10826000000000000000000000000000000000000E
:10827000C001C001000000000001F0018001800188
:1082800080018001800180018001800180018001E6
:108290008001CC007C00000000000000000008000D
:1082A0000E000C000C000C000C008C038C008C00E9
:1082B0004C006C005C008C008C010C010C039E07D0
:1082C000000000000000000000000000000040006E
:1082D0007C00600060006000600060006000600082
:1082E0006000600060006000600060006000FC03EF
:1082F000000000000000000000000000000000007E
:10830000000000000000000000003707EE066606CF
:108310006606660666066606660666066606FF0F5B
:10832000000000000000000000000000000000004D
:1083300000000000000000000000EE011C030C0320
:108340000C030C030C030C030C030C030C039E071F
:10835000000000000000000000000000000000001D
:1083600000000000000000000000F00098010C0375
:10837000060606060606060606060C030C03F000B3
:1083800000000000000000000000000000000000ED
:1083900000000000000000000000EE011C030C06BD
:1083A0000C060C060C060C060C060C031C03EC0158
:1083B0000C000C003E000000000000000000000067
:1083C0000000000000000000000078028C030C0395
:1083D0000603060306030603060304038C0378035F
:1083E00000030003C00700000000000000000000C0
:1083F000000000000000000000009F03580638063F
:108400001800180018001800180018001800FF00C5
:10841000000000000000000000000000000000005C
:1084200000000000000000000000F0031C030C022C
:108430000C023800F000C003040304038C03FC01A9
:10844000000000000000000000000000000000002C
:1084500000002000200030003000FE01300030001D
:108460003000300030003000300030023002E001D7
:1084700000000000000000000000000000000000FC
:10848000000000000000000008028E030C030C0333
:108490000C030C030C030C030C030C039C07780166
:1084A00000000000000000000000000000000000CC
:1084B000000000000000000000001E070C02080180
:1084C000080118019000B000B000600060002000BA
:1084D000000000000000000000000000000000009C
:1084E00000000000000000000000F70E62044604D7
:1084F00064026402EC029C01980198019801080052
:10850000000000000000000000000000000000006B
:1085100000000000000000000000BC07180110016E
:10852000B00060006000E0009000080108039E07B2
:10853000000000000000000000000000000000003B
:10854000000000000000000000009E070801080174
:10855000080190009000B000600060006000200002
:10856000200024001C0000000000000000000000AB
:1085700000000000000000000000FC018401C400B5
:108580004400600020003000180208020C03FC01C7
:1085900000000000000000000000000380008000D8
:1085A000800080008000800080008000400020006B
:1085B00040008000800080008000800080008000FB
:1085C00080000003000040004000400040004000E8
:1085D000400040004000400040004000400040009B
:1085E000400040004000400040004000400040008B
:1085F000400040004000000000000C00100010008F
:1086000010001000100010001000100020004000AA
:1086100020001000100010001000100010001000CA
:1086200010000C00000000001C002204C2048003A3
:10863000000000000000000000000000000000003A
:10864000000000000000000000000000000000002A
:10865000000000000000000000000000000000001A
:10866000000000000000000000000000000000000A
:1086700000000000000000000000000000000000FA
:1086800000000000300030003000300030002000DA
:1086900020002000200020000000000030003000FA
:1086A0000000000000000000D800D8006C0024008A
:1086B00012000000000000000000000000000000A8
:1086C00000000000000000000000000000000000AA
:1086D000000000000000840084008400FF0184008A
:1086E0008400C60042004200FF01420042004200F6
:1086F0000000000000000000000000002000F80062
:1087000024012401A401280030006000A000200101
:108710002C0124012401F8002000200000000000AA
:1087200000000000000086004900490029002900DF
:108730001900D60028012801280124012401C200C3
:1087400000000000000000000000000000000C001D
:10875000120012001200EA0046004600250029001F
:10876000390011003201CC000000000000000000C0
:1087700006000600040002000100000000000000E6
:1087800000000000000000000000000000000000E9
:1087900000000000000000000001800040002000F8
:1087A0002000200010001000100010001000100029
:1087B0002000200020004000800000010000000098
:1087C000010002000400080008000800100010006A
:1087D000100010001000100008000800080004003D
:1087E0000200010000000000000000000000000086
:1087F000200020002603AE0370007000AE032603A5
:108800002000200000000000000000000000000028
:108810000000000000000000100010001000100018
:10882000FF01100010001000100000000000000008
:108830000000000000000000000000000000000038
:108840000000000000000000000000000000000028
:108850000000000006000600040002000100000005
:108860000000000000000000000000000000000008
:10887000FE030000000000000000000000000000F7
:1088800000000000000000000000000000000000E8
:1088900000000000000000000000000000000000D8
:1088A00000000000060006000000000000000000BC
:1088B00000020001000180008000C0004000600054
:1088C0002000300010001800080008000400040018
:1088D000020000000000000000000000000078001E
:1088E000840084000201020102010201020102016E
:1088F00002018400840078000000000000000000F5
:1089000000000000000010001C001000100010000B
:1089100010001000100010001000100010007C006B
:1089200000000000000000000000000000007C00CB
:1089300082000201020102018000400020001000BC
:10894000080004010201FE01000000000000000018
:108950000000000000003C00420082008200400055
:1089600070008000000100010201020182007C0011
:108970000000000000000000000000004000400077
:108980006000500048004800440042004200FE01E0
:10899000400040004000F001000000000000000026
:1089A000000000000000FC010400040004000400BA
:1089B00074008C00000100010201020182007C00B1
:1089C0000000000000000000000000000000F000B7
:1089D00008010401040002007A008600020102017D
:1089E0000201040184007800000000000000000083
:1089F000000000000000FE01820042004000200054
:108A00001000100008000800080008000800080016
:108A100000000000000000000000000000007800DE
:108A20008400020102010201840078008400020136
:108A30000201020184007800000000000000000034
:108A400000000000000078008400820002010201A2
:108A500002018401780100018000820042003C0094
:108A60000000000000000000000000000000000006
:108A70000000000030003000000000000000000096
:108A80000000000030003000000000000000000086
:108A900000000000000000000000000000001000C6
:108AA00000000000000000000000000000001000B6
:108AB00010001000100000000000000080004000C6
:108AC000200010000800040002000400080010004C
:108AD00020004000800000000000000000000000B6
:108AE000000000000000000000000000FF01000086
:108AF00000000000FF010000000000000000000076
:108B0000000000000000000000000000020004005F
:108B100008001000200040008000400020001000ED
:108B20000800040002000000000000000000000037
:108B30000000000078008400020106010601000127
:108B400080004000200020002000000030003000A5
:108B5000000000000000000000000000000078009D
:108B6000C400F20159014901450125012501A50073
:108B7000D90002018400780000000000000000001D
:108B8000000000000000100010002800280028004D
:108B90002800440044007C00440082008200C70199
:108BA00000000000000000000000000000003F0086
:108BB00042004200420022003E0042008200820049
:108BC0008200820042003F00000000000000000020
:108BD0000000000000007801840102010201010090
:108BE000010001000100010001010201860078007E
:108BF00000000000000000000000000000003F0036
:108C0000C20082000201020102010201020102010E
:108C10000201820042003F0000000000000000004E
:108C2000000000000000FF0082000201420042003C
:108C30007E00420042000200020002018200FF00AA
:108C40000000000000000000000000000000FF0025
:108C500082000201420042007E0042004200020007
:108C600002000200020007000000000000000000F7
:108C700000000000000070018801040102010200F0
:108C80000200020082030201020104010C01F00053
:108C90000000000000000000000000000000C7010C
:108CA00082008200820082008200FE008200820038
:108CB000820082008200C701000000000000000066
:108CC000000000000000FE00100010001000100066
:108CD0001000100010001000100010001000FE0026
:108CE0000000000000000000000000000000FC0187
:108CF0002000200020002000200020002000200074
:108D0000200020002000210011000E0000000000C3
:108D1000000000000000E7014200220022001200D3
:108D20001A00160022002200420042008200C70101
:108D3000000000000000000000000000000007002C
:108D40000200020002000200020002000200020013
:108D5000020002018200FF0000000000000000008D
:108D6000000000000000C701C600C600C600AA003F
:108D7000AA00AA00AA00AA00920092009200D701BD
:108D80000000000000000000000000000000C7011B
:108D900086008A008A008A0092009200A200A20047
:108DA000C200C200C20087000000000000000000F6
:108DB0000000000000003800C6008200010101012F
:108DC000010101010101010101018200C600380019
:108DD00000000000000000000000000000007F0014
:108DE000820002010201020182007E0002000200F4
:108DF0000200020002000700000000000000000066
:108E00000000000000003800C600820001010101DE
:108E100001010101010101011901A600A60078006C
:108E20004001C000000000000000000000003F0002
:108E300042008200820042003E0012002200220016
:108E40004200420082008701000000000000000094
:108E5000000000000000780184010201020002000D
:108E60000C007000800000010201020186007A00FF
:108E70000000000000000000000000000000FE00F4
:108E8000110111011000100010001000100010005E
:108E9000100010001000380000000000000000006A
:108EA000000000000000C7018200820082008200F2
:108EB000820082008200820082008200440038002A
:108EC0000000000000000000000000000000C701DA
:108ED000820082004400440044004400280028002E
:108EE0002800380010001000000000000000000002
:108EF000000000000000BB0192009200920092006E
:108F0000AA00AA00AA006A004400440044004400E9
:108F10000000000000000000000000000000CE0182
:108F20008400440048002800300010003000280071
:108F3000480048008400CE0100000000000000004E
:108F4000000000000000C701820044004400280027
:108F50002800100010001000100010001000380051
:108F60000000000000000000000000000000FC0104
:108F70008400820040004000200010001000080023
:108F8000080004018400FE00000000000000000052
:108F9000F001100010001000100010001000100070
:108FA0001000100010001000100010001000100041
:108FB000F0010000000000000000020004000400B6
:108FC0000800080008001000100020002000200009
:108FD0004000400080008000800000010000000090
:108FE0003E00200020002000200020002000200063
:108FF0002000200020002000200020002000200071
:109000003E0000000000000038002800440000007E
:109010000000000000000000000000000000000050
:109020000000000000000000000000000000000040
:109030000000000000000000000000000000000030
:109040000000000000000000000000000000000020
:1090500000000000FF0300001800200000000000D6
:109060000000000000000000000000000000000000
:1090700000000000000000000000000000000000F0
:1090800000000000000000000000000000007C0064
:1090900082008200F0008C0082008200C202BC03C9
:1090A00000000000000000000000000000000300BD
:1090B0000200020002003A004600820082008200A4
:1090C0008200820046003A0000000000000000001C
:1090D0000000000000000000000000000000780018
:1090E0008400820002000200020002018400780075
:1090F0000000000000000000000000000000C000B0
:10910000800080008000B800C400820082008200DD
:1091100082008200C400B8010000000000000000CE
:1091200000000000000000000000000000007800C7
:1091300084000201FE0102000200020184007800A6
:109140000000000000000000000000000000E0013E
:10915000100210001000FC001000100010001000A1
:10916000100010001000FC000000000000000000D3
:109170000000000000000000000000000000F801F6
:109180008400840084008400780004007C00840152
:1091900002010201FC0000000000000000000300CA
:1091A0000200020002007A00860082008200820033
:1091B000820082008200C701000000000000000061
:1091C00000000000000018001800000000001C0053
:1091D00010001000100010001000100010007C00A3
:1091E000000000000000000000000000000060001F
:1091F000600000000000700040004000400040009F
:109200004000400040004000400022001E000000DE
:109210000000000000000300020002000200E20063
:10922000220012000A001600220042008200C7013C
:1092300000000000000000000000000000001E0010
:10924000100010001000100010001000100010009E
:10925000100010001000FE000000000000000000E0
:1092600000000000000000000000000000007F007F
:109270009200920092009200920092009200B70138
:1092800000000000000000000000000000000000DE
:109290000000000000007B00860082008200820047
:1092A000820082008200C701000000000000000070
:1092B0000000000000000000000000000000780036
:1092C000840002010201020102010201840078000F
:1092D000000000000000000000000000000000008E
:1092E0000000000000003B00460082008200820077
:1092F0008200820046003A000200020007000000DF
:109300000000000000000000000000000000B800A5
:10931000C40082008200820082008200C400B80083
:1093200080008000C001000000000000000000007C
:10933000000000000000CE0128011800080008000D
:109340000800080008003E000000000000000000C7
:109350000000000000000000000000000000BC0051
:10936000C200820006003800C000820086007A0039
:1093700000000000000000000000000000000000ED
:10938000100010001000FC00100010001000100071
:1093900010001000900060000000000000000000BD
:1093A0000000000000000000000000000000C300FA
:1093B000820082008200820082008200C200BC0122
:1093C000000000000000000000000000000000009D
:1093D000000000000000C701820044004400440077
:1093E000280028001000100000000000000000000D
:1093F0000000000000000000000000000000BB01B1
:10940000920092009200AA00AA0044004400440086
:10941000000000000000000000000000000000004C
:10942000000000000000CE01840048003000300041
:10943000300048008400CE01000000000000000061
:109440000000000000000000000000000000EE012D
:1094500084008800480048005000300020001000C0
:10946000100010000C0000000000000000000000D0
:10947000000000000000FE0042002200200010005A
:10948000080084008200FE000000000000000000D0
:10949000800140004000400040004000400060006B
:1094A00010006000400040004000400040004000CC
:1094B000400080010000200020002000200020004B
:1094C000200020002000200020002000200020009C
:1094D00020002000200020002000200020000000AC
:1094E000060008000800080008000800080018002E
:1094F0002000180008000800080008000800080004
:109500000800060000001C0026022203C001000023
:10951000000000000000000000000000000000004B
:10952000000000000000000000000000000000003B
:10953000000000000000000000000000000000002B
:10954000000808080808080800001818000000486B
:109550006C24120000000000000000000000000069
:10956000002424247F1212127F1212120000000025
:10957000081C2A2A0A0C1828282A2A1C0808000075
:109580000022251515152A585454542200000000B5
:10959000000C1212120A76252911916E00000006A5
:1095A000060403000000000000000000000000406E
:1095B00020101008080808080810102040000002B9
:1095C0000408081010101010100808040200000011
:1095D000000008086B1C1C6B08080000000000005D
:1095E0000000080808087F080808080000000000BC
:1095F0000000000000000000000006060403000058
:10960000000000000000FE0000000000000000005C
:10961000000000000000000000000606000000003E
:1096200080404020201010080804040202000000BE
:1096300000182442424242424242241800000000E4
:1096400000080E08080808080808083E0000000086
:10965000003C4242422020100804427E00000000EC
:10966000003C4242201820404042221C00000000E2
:1096700000203028242422227E20207800000000B0
:10968000007E0202021A26404042221C0000000016
:1096900000382402021A2642424224180000000028
:1096A000007E2222101008080808080800000000A8
:1096B000003C4242422418244242423C0000000046
:1096C00000182442424264584040241C000000001C
:1096D000000000001818000000001818000000002A
:1096E000000000000008000000000008080400005E
:1096F0000040201008040204081020400000000070
:10970000000000007F0000007F000000000000005B
:10971000000204081020402010080402000000008D
:10972000003C424246402010100018180000000083
:10973000001C225A555555552D42221C0000000090
:10974000000808181414243C224242E700000000DC
:10975000001F2222221E22424242221F000000003D
:10976000007C4242010101010142221C0000000074
:10977000001F2242424242424242221F0000000099
:10978000003F4212121E12120242423F000000002D
:10979000003F4212121E12120202020700000000D5
:1097A000003C2222010101712122221C0000000044
:1097B00000E7424242427E42424242E7000000004D
:1097C000003E0808080808080808083E00000000D5
:1097D000007C10101010101010101010110F00004D
:1097E000007722120A0E0A121222227700000000CD
:1097F00000070202020202020202427F0000000091
:109800000077363636362A2A2A2A2A6B00000000CC
:1098100000E346464A4A5252526262470000000044
:10982000001C2241414141414141221C00000000F5
:10983000003F424242423E02020202070000000094
:10984000001C2241414141414D53321C6000000047
:10985000003F4242423E1212222242C70000000054
:10986000007C4242020418204042423E00000000B8
:10987000007F4908080808080808081C00000000C4
:1098800000E74242424242424242423C0000000063
:1098900000E74242222424141418080800000000A3
:1098A000006B4949494955553622222200000000E3
:1098B00000E7422424181818242442E7000000007E
:1098C00000772222141408080808081C0000000071
:1098D000007E2120101008040442423F000000785E
:1098E00008080808080808080808080878000000A0
:1098F0000202040408080810102020204040001E26
:109900001010101010101010101010101E00003841
:109910004400000000000000000000000000000003
:1099200000000000000000000000000000FF000632
:10993000080000000000000000000000000000001F
:1099400000000000003C4278444242FC000000005D
:1099500000030202021A26424242261A00000000B8
:1099600000000000003844020202443800000000F9
:109970000060404040784442424264D80000000009
:1099800000000000003C427E0202423C0000000059
:1099900000F08808087E08080808083E000000005B
:1099A00000000000007C22221C023C42423C0000DD
:1099B00000030202023A4642424242E7000000002F
:1099C000000C0C00000E08080808083E000000000B
:1099D000003030000038202020202020221E0000EF
:1099E000000302020272120A16122277000000001F
:1099F000000E0808080808080808083E00000000D3
:109A000000000000007F9292929292B70000000046
:109A100000000000003B4642424242E700000000D6
:109A200000000000003C42424242423C0000000074
:109A300000000000001B26424242221E02070000D6
:109A400000000000007844424242447840E00000B8
:109A50000000000000774C040404041F0000000014
:109A600000000000007C42023C40423E000000003A
:109A700000000008083E0808080808300000000040
:109A80000000000000634242424262DC000000002D
:109A90000000000000E74224241408080000000031
:109AA0000000000000EB494955552222000000004B
:109AB00000000000007624181818246E0000000032
:109AC0000000000000E742242414180808070000E2
:109AD00000000000007E22100808447E000000C044
:109AE000202020202010202020202020C000101026
:109AF0001010101010101010101010101010000680
:109B000008080808081008080808080806000C32A9
:109B1000C200000000000000000000000000000083
:109B20000000000000000000000000000404040425
:109B300004040004000000140A0A000000000000F1
:109B40000000000014143F140A3F0A0A0000000439
:109B50001E1505060C14150F0400000012150D0A41
:109B6000142C2A1200000000040A0A1E15150936DA
:109B700000000002020100000000000000000020C0
:109B80001008080808080810200000020408080847
:109B900008080804020000000004150E0E15040059
:109BA000000000000404041F04040400000000007E
:109BB0000000000000000002020100000000001F81
:109BC0000000000000000000000000000000000293
:109BD000000000100808080404020202010000004E
:109BE0000E1111111111110E0000000004060404E1
:109BF0000404040E000000000E1111080402011FED
:109C0000000000000E11100C1010110E00000000DA
:109C1000080C0A0A091E0818000000001F01010FA5
:109C20001010110E000000000E09010F1111110E8D
:109C3000000000001F0908040404040400000000E0
:109C40000E11110E1111110E000000000E11111154
:109C50001E10120E000000000000040000000004AE
:109C600000000000000000040000000404000020C8
:109C700010080402040810200000000000001F006B
:109C8000001F000000000002040810201008040259
:109C9000000000000E111108040400040000000080
:109CA0000E111915151D011E0000000004040C0AF8
:109CB0000A1E1233000000000F12120E1212120FB1
:109CC000000000001E1101010101110E0000000042
:109CD0000F1212121212120F000000001F120A0EB1
:109CE0000A02121F000000001F120A0E0A020207D9
:109CF000000000001C1201013911120C00000000CC
:109D00003312121E12121233000000001F0404044A
:109D10000404041F000000003E08080808080809A1
:109D20000700000037120A060A0A12370000000076
:109D3000070202020202223F000000001B1B1B1B45
:109D400015151515000000003B1216161A1A1217E9
:109D5000000000000E1111111111110E0000000081
:109D60000F12120E02020207000000000E11111164
:109D70001117190E180000000F12120E0A121237D6
:109D8000000000001E1101060810110F0000000065
:109D90001F1504040404040E000000003312121204
:109DA0001212120C000000003312120A0A0C0404F2
:109DB000000000001515150E0A0A0A0A000000002E
:109DC0001B0A0A04040A0A1B000000001B0A0A04FA
:109DD0000404040E000000001F0908040402121FFE
:109DE0000000001C04040404040404041C00000219
:109DF00002020404080808100000000E0808080801
:109E0000080808080E0000040A0000000000000016
:109E1000000000000000000000000000003F0004FF
:109E20000000000000000000000000000000000C26
:109E3000121C123C000000000302020E1212120E4D
:109E4000000000000000001C1202021C00000000C4
:109E50001810101C1212123C000000000000000C30
:109E6000121E021C000000003804041E0404041E1C
:109E7000000000000000003C120C021E221C00002A
:109E80000302020E12121237000000000400000646
:109E90000404040E000000000800000C0808080874
:109EA000080700000302023A0A0E12370000000001
:109EB000070404040404041F000000000000000F55
:109EC00015151515000000000000000F12121237C2
:109ED000000000000000000C1212120C0000000034
:109EE0000000000F1212120E020700000000001CFA
:109EF0001212121C103800000000001B060202079C
:109F0000000000000000001E020C101E00000000F7
:109F10000004040E04040418000000000000001BEC
:109F20001212123C0000000000000037120A0C045C
:109F30000000000000000015150E0A0A00000000D5
:109F40000000001B0A040A1B00000000000000378C
:109F5000120A0C04040300000000001E0804041E82
:109F60000000001808080804080808081800080875
:109F70000808080808080808080800060404040877
:109F8000040404040600022518000000000000007C
:109F900000000000000F000080070000000000002B
:109FA0001F0000C0070000000000003F0000E007A5
:109FB0000000000000007EE01FF00700000000002D
:109FC00000FCFCFFF903000000000000F8FFFFFFA9
:109FD00001000000000000F0FFFFFF000000000093
:109FE0000000F0FFFF7F00000000000000F8FFFF0E
:109FF0007F00000000000000FCFFFFFF01000000E8
:10A00000000000FEFFFFFF03000000000000FEFF55
:10A01000FFFF03000000000000FFFFFFFF0700003C
:10A0200000000080FFFFFFFF0F000000000080FF26
:10A03000FCFFF90F0000000000C0FFFCFFF91F004B
:10A0400000000000C0FFFCFFF91F0000000000E05E
:10A05000FFFFFFFF1F0000000000E0FFFFFFFF3FCA
:10A060000000000000E0FFFFFFFF3F0000000000D5
:10A07000E0FFFFFFFF3F0000000000E0FFFFFFFFE9
:10A080003F0000000000E0FFFFFFFF7F0000000036
:10A0900000F0FFFFFFFF7F0000000000E0FFFFFF78
:10A0A000FF7F000000000000000000000000000032
:10A0B0000000000000000000000000001CF0FFFF96
:10A0C000FFFF7FE0000000FFF0FFFFFFFF7FF803CE
:10A0D0000000FFF1FFFFFFFF7FFC070080FFF1FFA3
:10A0E000FFFFFF7FFC0F0080FFF3FFFFFFFF7FFC00
:10A0F0000F0080FFF3FFFFFFFF7FFE1F00C0FFF395
:10A10000FFFFFFFF7FFE1F00C0FFF3FFFFFFFF7F8A
:10A11000FE1F00C0FFF3FFFFFFFF7FFE1F00C0FF19
:10A12000F3FFFFFFFF7FFE1F00C0FFF3FFFFFFFFF6
:10A130007FFE1F00C0FFF3FFFFFFFF7FFE1F00C079
:10A14000FFF3FFFFFFFF7FFE1F00C0FFF3FFFFFFD6
:10A15000FF7FFE1F00C0FFF3FFFFFFFF7FFE1F001A
:10A16000C0FFF3FFFFFFFF7FFE1F00C0FFF3FFFFF5
:10A17000FFFF7FFE1F00C0FFF3FFFFFFFF7FFE1FFB
:10A1800000C0FFF3FFFFFFFF7FFE1F00C0FFF3FFD4
:10A19000FFFFFF7FFE1F00C0FFF3FFFFFFFF7FFEFB
:10A1A0001F00C0FFF3FFFFFFFF7FFE1F00C0FFF394
:10A1B000FFFFFFFF7FFE1F00C0FFF3FFFFFFFF7FDA
:10A1C000FE1F00C0FFF3FFFFFFFF7FFE1F00C0FF69
:10A1D000F3FFFFFFFF7FFE1F00C0FFF3FFFFFFFF46
:10A1E0007FFE1F00C0FFF3FFFFFFFF7FFE1F00C0C9
:10A1F000FFF3FFFFFFFF7FFE1F00C0FFF3FFFFFF26
:10A20000FF7FFE1F0080FFF3FFFFFFFF7FFE1F00A9
:10A2100080FFF3FFFFFFFF7FFC0F0080FFF1FFFFD8
:10A22000FFFF7FFC0F0000FFF1FFFFFFFF7FFC0738
:10A230000000FEF0FFFFFFFF7FF007000038F0FF97
:10A24000FFFFFF7FC001000000E0FFFFFFFF7F0076
:10A2500000000000E0FFFFFFFF3F0000000000C023
:10A26000FFFFFFFF1F000000000000F87FE0FF007D
:10A27000000000000000F87FE0FF00000000000088
:10A2800000F87FE0FF00000000000000F87FE0FF22
:10A2900000000000000000F87FE0FF000000000068
:10A2A0000000F87FE0FF00000000000000F87FE001
:10A2B000FF00000000000000F87FE0FF0000000049
:10A2C000000000F87FE0FF00000000000000F87FC1
:10A2D000E0FF00000000000000F87FE0FF00000049
:10A2E00000000000F87FE0FF00000000000000F820
:10A2F0003FE0FF00000000000000F03FE0FF000032
:10A300000000000000F03FE07F00000000000000BF
:10A31000E01FC07F00000000000000C00F801F0091
:10A32000000000000000000000000000000000002D
:10A33000000000000000000000000000000000001D
:10A34000000000000000000000000000000000000D
:10A3500000000000000000000000000000000000FD
:10A36000000000000000E0FFFFFFFFFFFF1F0000F4
:10A3700000FCFFFFFFFFFFFFFF010000FEFFFFFFEC
:10A38000FFFFFFFF030000FFFFFFFFFFFFFFFF07CF
:10A390000080FFFFFFFFFFFFFFFF0F0080FFFFFFB9
:10A3A000FFFFFFFFFF0F0080FFFFFFFFFFFFFFFF2B
:10A3B0000F0080FFFFFFFFFFFFFFFF1F0080FFFF79
:10A3C000FFFFFFFFFFFF1F0080FFFFFFFFFFFFFFFB
:10A3D000FF1F0080FFFFFFFFFFFFFFFF1F0080FF49
:10A3E000FFFFFFFFFFFFFF1F0080FFFFFFFFFFFFDB
:10A3F000FFFF1F0080FFFFFFFFFFFFFFFF1F008029
:10A40000FFFFFFFFFFFFFFFF1F0080FF1F00000097
:10A4100000C0FF1F0080FF1F00000000C0FF1F00E2
:10A4200080FF1F00000000C0FF1F0080FF1F000012
:10A430000000C0FF1F0080FF1F00000000C0FF1FC2
:10A440000080FF1F00000000C0FF1F0080FFFFFF13
:10A45000FFFFFFFFFF1F0080FFFFFFFFFFFFFFFF6A
:10A460001F0080FFFFFFFFFFFFFFFF1F0080FFFFB8
:10A47000FFFFFFFFFFFF1F0080FFFFFFFFFFFFFF4A
:10A48000FF1F0080FF1F00000000C0FF1F0080FFB3
:10A490001F00000000C0FF1F0080FF1F0000000021
:10A4A000C0FF1F0080FF1F00000000C0FF1F0080D2
:10A4B000FF1F00000000C0FF1F0080FF1F00000002
:10A4C00000C0FF1F0080FFFFFFFFFFFFFFFF1F0017
:10A4D00080FFFFFFFFFFFFFFFF1F0080FFFFFFFF69
:10A4E000FFFFFFFF1F0080FFFFFFFFFFFFFFFF1FBA
:10A4F0000080FF1F00000000C0FF1F0080FF1F0042
:10A50000000000C0FF1F0080FF1F00000000C0FF10
:10A510001F00C0FF1F00000000C0FF1F00C0FF1F82
:10A5200000000000C0FF1F00C0FF1F00000000C0AF
:10A53000FF1F00C0FFFFFFFFFFFFFFFF1F00C0FF67
:10A54000FFFFFFFFFFFFFF1F00C0FFFFFFFFFFFF39
:10A55000FFFF1F00C0FFFFFFFFFFFFFFFF1F00C047
:10A56000FFFFFFFFFFFFFFFF1F00C0FFFFFFFFFF19
:10A57000FFFFFF1F00C0FFFFFFFFFFFFFFFF1F00E8
:10A58000C0FFFFFFFFFFFFFFFF1F00C0FFFFFFFF38
:10A59000FFFFFFFF0F00C0FFFFFFFFFFFFFFFF0FE9
:10A5A00000C0FFFFFFFFFFFFFFFF0F00C0FFFFFF27
:10A5B000FFFFFFFFFF0700C0FFFFFFFFFFFFFFFFE1
:10A5C0000700C0FFFFFFFFFFFFFFFF0100C0FFFF0D
:10A5D000FFFFFFFFFF7F0000C0FF0F000000000033
:10A5E000000000C0FF070000000000000000C0FFE6
:10A5F000030000000000000000C0FF010000000098
:10A6000000000000C0FF000000000000000000C0CB
:10A610007F000000000000000000C03F00000000BC
:10A620000000000000C01F0000000000000000004B
:10A63000C00F000000000000000000C00700000084
:10A64000000000000000C003000000000000000047
:10A6500000C001000000000000000000C000000079
:10A6600000000000000000000000000000000000EA
:10A6700000000000000000000000000000000000DA
:10A6800000000000000000000000000000000000CA
:10A6900000000000000000000000000000000000BA
:10A6A00000000000000000000000000000000000AA
:10A6B000000000000000000000000000000000009A
:10A6C000000000000000000000000000000000008A
:10A6D000000000000000000000E003000000000097
:10A6E00000000000FC03000000000000000000FF6C
:10A6F000030000000000000000C0FF030000000095
:10A7000000000000E0FF030000000000000000F077
:10A71000FF030000000000000000F8FF030000003D
:10A720000000000000FCFF0300000000000000002B
:10A73000FEFF030000000000000000FEFF03000019
:10A74000000000000000FFFF030000000000000008
:10A7500000FFFF030000000000000080FFFF030077
:10A7600000000000000080FFFF0300000000000068
:10A770000080FFFF0300000000000000C0FFFF0397
:10A7800000000000000000C0FFFF03000000000008
:10A790000000C0FFFF0300000000000000C0FFFF3A
:10A7A0000300000000000000C0FFFF0300FF0000E6
:10A7B000000000C0FFFF03E0FF0F00000000C0FF2B
:10A7C000FF03F8FF3F00000000C0FFFF03FEFF7F14
:10A7D00000000000C0FFFF03FFFFFF01000000803A
:10A7E000FFFF83FFFFFF0300000080FFFFC3FFFFA9
:10A7F000FF0700000080FFFFE3FFFFFF0F000000E6
:10A8000000FFFFF3FFFFFF0F00000000FFFFF3FF5B
:10A81000FFFF1F00000000FEFFFBFFFFFF3F0000E7
:10A820000000FEFFFBFFFFFF3F00000000FCFFFFFA
:10A83000FFFFFF7F00000000F8FFFFFFFFFF7F002A
:10A84000000000F0FFFFFFFFFF7F00000000E0FFBF
:10A85000FFFFFFFFFF0000000080FFFFFFFFFFFF83
:10A860000000000000FFFFFFFFFFFF0000000000EE
:10A87000FCFFFFFFFFFF00F8FFFFFFFFFFFFFFFFF1
:10A88000FF00F8FFFFFFFFFF0100000000F8FFFFDF
:10A89000FFFFFF0700000000F8FFFFFFFFFF0F00B2
:10A8A000000000F8FFFFFFFFFF3F00000000F0FF87
:10A8B000FFFFFFFF7F00000000F0FFFFFFFFFFFF33
:10A8C00000000000F0FFFFFFFFFFFF01000000E0BD
:10A8D000FFFFFFFFFEFF01000000E0FFFFFFFFFEA4
:10A8E000FF03000000C0FFFFFF7FFEFF0700000026
:10A8F000C0FFFFFF7FFEFF0700000080FFFFFF3F5C
:10A90000FEFF0F00000000FFFFFF1FFEFF0F000013
:10A910000000FEFFFF0FFEFF0F00000000FCFFFF26
:10A9200007FEFF1F00000000F8FFFF03FEFF1F00EF
:10A93000000000E0FFFF00FEFF1F0000000080FF9E
:10A940003F00FEFF1F0000000000FC0700FEFF1F8D
:10A950000000000000000000FEFF1F0000000000DB
:10A96000000000FEFF1F0000000000000000FEFFCE
:10A970001F0000000000000000FEFF1F000000009C
:10A9800000000000FEFF0F0000000000000000FEBD
:10A99000FF0F0000000000000000FEFF0F0000009D
:10A9A0000000000000FEFF070000000000000000A3
:10A9B000FEFF070000000000000000FEFF03000093
:10A9C000000000000000FEFF030000000000000087
:10A9D00000FEFF010000000000000000FEFF00007C
:10A9E00000000000000000FE7F00000000000000EA
:10A9F0000000FE3F000000000000000000FE1F00FD
:10AA00000000000000000000FE0700000000000041
:10AA1000000000FE010000000000000000003E00F9
:10AA20000000000000000000000000000000000026
:10AA30000000000000000000000000000000000016
:10AA40000000000000000000000000000000000006
:10AA500000000000000000000000000000000000F6
:10AA600000000000000000000000000000000000E6
:10AA700000000000000000000000000000000000D6
:10AA800000000000000000000000F8FFFFFFFF1FB3
:10AA90000000000000FFFFFFFFFFFF01000000C0FB
:10AAA000FFFFFFFFFFFF03000000C0FFFFFFFFFFEE
:10AAB000FF07000000E0FFFFFFFFFFFF0F000000A7
:10AAC000E0FFFFFFFFFFFF0F000000E0FFFFFFFFC1
:10AAD000FFFF0F000000F0FFFFFFFFFFFF1F000060
:10AAE00000F0FFFFFFFFFFFF1F000000F0FFFFFF70
:10AAF000FFFFFF1F000000F0FFFFFFFFFFFF1F0031
:10AB00000000F0FFFFFFFFFFFF1F000000F0FFFF4E
:10AB1000FFFFFFFF1F000000F0FFFFFFFFFFFF1F11
:10AB200000803FF0FFFFFBFFFFFF1F00C03FF0FF73
:10AB3000FFF3FFFFFF1F00C03FF0FFFFE3FFFFFF3A
:10AB40001F00C03FF0FFFF83FFFFFF1F00C03FF06B
:10AB5000FFFF03FFFFFF1F00C03FF0FFFF03FEFFEB
:10AB6000FF1F00C03FF0FFFF03F8FFFF1F00C03FC3
:10AB7000F0FFFF03F0FFFF1F00C03FF0FFFF03E007
:10AB8000FFFF1F00C03FF0FFFF0380FFFF1F00C05B
:10AB90003FF0FFFF0300FFFF1F00C03FF0FFFF0378
:10ABA00000FEFF1F00C03FF0FFFF0300F8FF1F0083
:10ABB000C03FF0FFFF0300F0FF1F00C03FF0FFFFAA
:10ABC0000300E0FF1F00C03FF0FFFF0300F0FF1F86
:10ABD00000C03FF0FFFF0300F8FF1F00C03FF0FF81
:10ABE000FF0300FEFF1F00C03FF0FFFF0300FFFF59
:10ABF0001F00C03FF0FFFF0380FFFF1F00C03FF0BA
:10AC0000FFFF03E0FFFF1F00C03FF0FFFF03F0FF67
:10AC1000FF1F00C03FF0FFFF03F8FFFF1F00C03F12
:10AC2000F0FFFF03FEFFFF1F00C03FF0FFFF03FF29
:10AC3000FFFF1F00C03FF0FFFF83FFFFFF1F00C0AB
:10AC40003FF0FFFFE3FFFFFF1F00C03FF0FFFFF3F8
:10AC5000FFFFFF1F00C03FF0FFFFFBFFFFFF1F00D4
:10AC6000C03FF0FFFFFFFFFFFF1F00C03FF0FFFFEF
:10AC7000FFFFFFFF1F00C03FF0FFFFFFFFFFFF1FB1
:10AC800000C03FF0FFFFFFFFFFFF1F00C03FF0FFCE
:10AC9000FFFFFFFFFF1F00C03FF0FFFFFFFFFFFFB1
:10ACA0001F00C03FF0FFFFFFFFFFFF1F00C03FE09E
:10ACB000FFFFFFFFFFFF0F00C03FE0FFFFFFFFFFB1
:10ACC000FF0F00C03FE0FFFFFFFFFFFF0F00C03F8F
:10ACD000C0FFFFFFFFFFFF0700C03FC0FFFFFFFFF8
:10ACE000FFFF0700C03F00FFFFFFFFFFFF0100C0A5
:10ACF0003F00F8FFFFFFFF7F0000C03F00000000A3
:10AD00000000000000C03F00000000000000000044
:10AD1000C03F000000000000000000C03F00000035
:10AD2000000000000000C03F000000000000000024
:10AD300000C03F00000000000000000080FFFFFF97
:10AD4000FFFFFF7F00000080FFFFFFFFFFFF7F008E
:10AD5000000080FFFFFFFFFFFF7F00000080FFFF7C
:10AD6000FFFFFFFF7F00000000FFFFFFFFFFFF7FEF
:10AD700000000000FEFFFFFFFFFF7F00000000FC5F
:10AD8000FFFFFFFFFF7F00000000C0FFFFFFFFFF8E
:10AD90007F00000000000000000000000000000034
:10ADA00000000000000000000000000000000000A3
:10ADB0000000000000000000000000000000000093
:10ADC0000000000000000000000000000000000083
:10ADD0000000000000000000000000000000010270
:10ADE0000304060708090000000001020304000034
:10ADF00010AE00080000002090000000602E000847
:10AE0000A0AE000890000020B00C0000702E0008DA
:10AE10006E3700080C000C00180014004E390008B2
:10AE20001000100020001400CE3B00081400140095
:10AE30003C0014007E400008180018004800410043
:10AE4000C65200082000200080001400C65C0008E4
:10AE50001000200040000000867400080C0018005C
:10AE600030000000568600080A0014002800000088
:10AE70002E95000808001000100000001E9B00081E
:10AE800006000C000C0000000000000000000000A4
:10AE90000100000010000000000000000024F40089
:040000050800018965
:00000001FF
