:020000040800F2
:1000000040050020A1010008EB260008470F00086A
:10001000E9260008AD020008492900080000000098
:10002000000000000000000000000000EF260008B3
:10003000AF02000800000000ED260008F1260008CD
:10004000BB010008BB010008BB010008BB010008A0
:10005000BB010008BB010008BB010008BB01000890
:10006000BB010008BB010008BB010008BB01000880
:10007000BB010008BB010008BB010008BB01000870
:10008000BB010008BB010008BB010008BB01000860
:10009000BB010008BB010008BB010008BB01000850
:1000A000BB010008BB010008BB010008BB01000840
:1000B000BB010008BB010008BB010008BB01000830
:1000C000BB010008BB010008BB010008BB01000820
:1000D000BB010008BB010008BB010008BB01000810
:1000E000BB010008BB010008BB010008BB01000800
:1000F000BB010008BB010008BB010008BB010008F0
:10010000BB010008BB010008BB010008BB010008DF
:10011000BB010008BB010008BB010008BB010008CF
:10012000BB010008BB010008BB010008BB010008BF
:10013000BB010008BB010008BB010008BB010008AF
:10014000BB010008BB010008BB010008BB0100089F
:10015000BB010008BB010008BB010008BB0100088F
:10016000BB010008BB010008BB010008BB0100087F
:10017000BB010008BB010008BB0100080000000033
:10018000BB010008BB010008DFF810D000F07CF8CC
:1001900000480047D5290008AFF300804005002043
:1001A0000648804706480047FEE7FEE7FEE7FEE711
:1001B000FEE7FEE7FEE7FEE7FEE7FEE78D27000825
:1001C000890100082DE9F05F0546002092469B4614
:1001D00088460646814640241BE02846414647465D
:1001E000224600F041F853465A46C01A914110D3B6
:1001F00011461846224600F028F82D1A67EB010830
:100200004F4622460120002100F01FF817EB00099D
:100210004E41201EA4F10104DFDC484631462A4647
:100220004346BDE8F09FD2B201E000F8012B491E21
:10023000FBD270470022F6E710B513460A46044683
:100240001946FFF7F0FF204610BD202A04DB203AB4
:1002500000FA02F1002070479140C2F1200320FA19
:1002600003F3194390407047202A04DB203A21FA17
:1002700002F00021704721FA02F3D040C2F12002BF
:100280009140084319467047064C074D06E0E06868
:1002900040F0010394E8070098471034AC42F6D3CD
:1002A000FFF776FFD4A00008F4A00008FEE770472F
:1002B00030B5B3F5804F05D06FF0704140F8221093
:1002C000002030BD8C690B688D6823434C68898998
:1002D000240144EA0524234343EA014150F8223033
:1002E000014C23401943E9E70000F0CF10B50A683C
:1002F00050F8223023F0010340F822308C68082C9B
:1003000023D000234A682243CC681C430B69224354
:100310001A434B690E4C1A43CB691A430B6A1A43B2
:100320004B6A1A438B6A1A43CB6A1A430B6B1A4304
:100330008B691343CA6B09681A4350F82130A343F1
:10034000134340F82130002010BD4023DAE70000BD
:100350007FFF0F0030B5D1E9003443EA04138C6805
:100360008D89240244EA054423430C8A094D00EB9D
:10037000820005EB045423430C7D6D0105EB0464FE
:10038000896923430B43416801F040410B434360BB
:10039000002030BD0000F0FF012204E002EB8202E9
:1003A0005200491EC9B20029F8D1B0FBF2F00A216F
:1003B000B0FBF1F201FB12007047000070B504467B
:1003C00000F07CF90546601C02D004480078044423
:1003D00000F074F9401BA042FAD370BD80000020E9
:1003E0002DE9F04387B014216846FFF723FF30481A
:1003F0004FF00009016841F00101016000682C4CD8
:1004000000F00100083C0590206840F010002060DA
:10041000206800F010000590206840F0080020607F
:100420002068022600F0080005904FF68070CDE9A4
:10043000000602AA012503274FF00C0882E8A0015C
:1004400069461C4800F03CF802AA4CF6B37082E8FA
:10045000A001CDE90006184F6946384600F030F893
:10046000206840F0080020602068A61400F0080012
:10047000059000223146384600F01AF9CDE90065B2
:10048000CDE902596946384600F01AF8206840F074
:10049000040020602068694600F0040005900420F4
:1004A0000090064800F00CF807B0BDE8F0830000AB
:1004B0003838024000100240000C024000080240A0
:1004C0002DE9F84FDFF8BCA10022012503264FF0EB
:1004D0000F090AF1040BAAF1040E00BF0B6805FA1C
:1004E00002F42340A34270D10F7907F00307012FD4
:1004F00001D0022F16D187684FEA420806FA08FC9D
:1005000027EA0C07D1F80CC00CFA08FC4CEA070CDF
:10051000C0F808C04768A7430C79C4F3001494409E
:100520003C4344600C79E443A4070AD0C4684FEA12
:10053000420C06FA0CF7BC438F6807FA0CF7274306
:10054000C7600C7904F00304022C12D1D40800EB2C
:10055000840CDCF820405707FF0E09FA07F824EA5C
:100560000804D1F8108008FA07F848EA0408CCF823
:10057000208004684FEA420C06FA0CF7BC430F795E
:1005800007F0030707FA0CF7274307604C6814F4D9
:10059000403F70D03C4C276847F480472760246870
:1005A00022F0030704F480440094384C07EB040C59
:1005B000DCF8084897074FEA177809FA08F7BC43B0
:1005C000334FB84202D1002724E054E0314FB84203
:1005D00001D101271EE0304FB84201D1022719E0B6
:1005E0002E4FB84201D1032714E02D4FB84201D15C
:1005F00004270FE02B4FB84201D105270AE02A4F0C
:10060000B84201D1062705E0284FB84201D107279B
:1006100000E0082707FA08F72743CCF80878DAF84B
:1006200000405746D1F804C09C435FEACC2C00D56B
:100630001C433C60DBF800405F46D1F804C09C439B
:100640005FEA8C2C00D51C433C60DEF80040774606
:10065000D1F804C09C435FEA8C3C00D51C433C604D
:10066000084F083F3C68D1F804C09C435FEACC3C8B
:1006700000D51C433C60521C102AFFF42FAFBDE88C
:10068000F88F0000083C014044380240003001402F
:10069000000002400004024000080240000C02403A
:1006A000001002400014024000180240001C0240EA
:1006B0000AB1816170470904FBE7000001488068C6
:1006C00070470000800000200248816802781144D1
:1006D00081607047800000200B4810B5016841F42C
:1006E00000710160016841F480610160016841F4BA
:1006F00080710160032000F061F80F2000F006F81F
:1007000000F024F8002010BD003C024070B50D4DF3
:1007100004464FF47A712878B1FBF0F00A49096871
:10072000B1FBF0F000F02CFB48B9102C07D20022EE
:100730002146501E00F022F800206C6070BD0120A0
:1007400070BD0000800000208C0000200A4808B521
:10075000016841F480410160006800F4804000902D
:100760000548001F016841F080510160006800F0F9
:100770008050009008BD000044380240F0B40E4B99
:100780001B680C46C3F30223C3F10705042D00D9EF
:100790000425191D072901D2002300E0DB1E0126D4
:1007A00006FA05F1491E214099409E40761E1640EA
:1007B0003143F0BC02F0D2B80CED00E0064900F085
:1007C000070208684FF6FF03184040EA0220034A78
:1007D00010430860704700000CED00E00000FA05CF
:1007E0002DE9F0470E46050065D0DFF81481D8F8F2
:1007F0000000F7B200F00700B04207D288F800709E
:10080000D8F8000000F00700B04254D128683D4CF1
:10081000810712D5400703D5206840F4E0502060DE
:100820002878000703D5206840F4604020602068E5
:10083000A96820F0F000084320602878C0072DD078
:10084000304968680839012812D0022813D00328DB
:1008500011D00968890700292DDA216821F00301E8
:1008600001432160FFF72AFF814641F2883A0EE0FA
:1008700009688903EFE709688901ECE7FFF71EFFC4
:10088000A0EB0901514502D90320BDE8F08720689B
:10089000696800F00C00B0EB810FEFD1D8F80010C0
:1008A000404601F00701B14207D90770006800F027
:1008B0000700B04201D00120E7E72878400705D5BE
:1008C0002068E96820F4E050084320602878000799
:1008D00006D52068296920F4604040EAC100206004
:1008E00000F038F82168084AC1F30311515CC84090
:1008F0000649086006480068FFF708FF0020C4E7C3
:10090000003C024008380240BCA000088C000020D7
:10091000840000200448054900680968044AC1F3BE
:100920008221515CC84070478C000020083802408A
:10093000CCA000080448054900680968044AC1F3CE
:100940004231515CC84070478C000020083802409A
:10095000CCA00008154810B5006810F00C0214482F
:1009600013D04110042A0FD0082A0ED10F4C241F97
:100970002268236802F03F025B0207D52068C0F3BB
:100980008810A0FB010106E0084610BD2168C1F3F4
:100990008811A1FB00010023FFF714FC2168C1F3BB
:1009A0000141491C4900B0FBF1F010BD083802407C
:1009B0000024F4002DE9F84F04006ED02078DFF811
:1009C0004C93C007A9F104054AD009F1040001685D
:1009D000C1F38101012908D00068C0F38100022819
:1009E0000AD1D9F80000400206D52868800337D51F
:1009F00060680028E1D033E06068B0F5803F10D037
:100A0000B0F5A02F286810D020F480302860286826
:100A100020F4802028606068A8B1FFF74FFE0646EA
:100A20000DE0286840F48030F4E740F4802028602E
:100A3000F7E700BFFFF742FE801B642873D82868E1
:100A40008003F7D50CE0FFF739FE064605E000BF4E
:100A5000FFF734FE801B6428F0D828688003F7D4A1
:100A60002078DFF8AC8280074FF0000A3ED5A74817
:100A7000001D016811F00C0F08D00068C0F3810060
:100A800002280BD1D9F80000400207D4286880075B
:100A900016D5E068012800D112E033E1E068B8B172
:100AA0000120C8F80000FFF709FE064605E000BF78
:100AB000FFF704FE801B0228C0D828688007F7D5FE
:100AC0002868216920F0F80040EAC10028600DE0A4
:100AD000C8F800A0FFF7F2FD064604E0FFF7EEFDC0
:100AE000801B02281FD828688007F7D420780007C9
:100AF00022D5864F87486169703771B10121016045
:100B0000FFF7DCFD064604E0FFF7D8FD801B022856
:100B100009D838688007F7D50EE0C0F800A0FFF7C5
:100B2000CDFD064605E082E0FFF7C8FD801B0228E8
:100B30007DD838688007F7D42078400768D5DFF87B
:100B4000CCB100270BF13C0BDBF80000C0000BD44C
:100B5000DBF8001041F08051CBF80010DBF800000A
:100B6000012700F0805000906B4E3068C00510D413
:100B7000306840F480703060FFF7A0FD009005E021
:100B8000FFF79CFD0099401A022850D83068C00534
:100B9000F6D55E4EA0686C3601280FD00528306867
:100BA00010D020F001003060306820F00400306088
:100BB000A068B8B1FFF782FD00900FE0306840F008
:100BC0000100F4E740F004003060F7E7FFF776FD3E
:100BD0000099411A41F28830814266D83068800716
:100BE000F4D50EE0FFF76AFD009007E0FFF766FD21
:100BF0000099411A41F28830814256D83068800706
:100C0000F4D42FB1DBF8001021F08051CBF80010A4
:100C1000A069C8B33D49091D0968C1F381010229D2
:100C20004AD00228504607D0C8F8600000E03CE0F7
:100C3000FFF744FD04463BE04746C8F86000FFF775
:100C40003DFD064605E000BFFFF738FD801B02288A
:100C50002BD828688001F7D4D4E907010843A16A9A
:100C60002E4A490802EB0141626A41EA82110843B7
:100C700094F82C1040EA0161C9F800100120386690
:100C8000FFF71CFD044606E03EE000BFFFF716FD3F
:100C9000001B022809D828688001F7D534E000BF7E
:100CA000FFF70CFD001B022802D90320BDE8F88FD6
:100CB00028688001F4D427E00128F7D0D9F8000093
:100CC000E26900F4800191421CD1226A00F03F01E8
:100CD000914217D147F6C071626A0140B1EB821FA1
:100CE00010D1A26A4FF0FF3300F4403103EB5202FF
:100CF000B1EB024F06D194F82C1000F07060B0EB0D
:100D0000016F01D00120D1E70020CFE70438024075
:100D100000004742800E4742007000400000FFFF85
:100D200070B515460E46040003D094F8490010B182
:100D300007E0012070BD002084F84800204600F044
:100D40001DF804F108012068FFF7D0FA3146A268C7
:100D50002068FFF7FFFAD4E901022946236BFFF769
:100D6000A7FA2168A06851F8202042F0010241F85A
:100D70002020012084F84900002070BDFFF730BB1F
:100D800010B5401EB0F1807F01D3012010BD4FF09F
:100D9000E02460610F21601701F0E0FD0020A061F8
:100DA00007202061002010BD70B5040004D094F825
:100DB0003D00002510B106E0012070BD84F83C50D4
:100DC000204600F023F8242084F83D002068C16804
:100DD00021F40051C160204601F0E0FC2068016967
:100DE00021F4904101612068416921F02A014161AB
:100DF0002068C16841F40051C1602564202084F856
:100E00003D0084F83E00002070BD000010B586B0A3
:100E1000044614216846FFF70DFA1B4920688842F2
:100E200030D11A48016841F010010160006800F0FB
:100E30001000059015481438016841F00101016067
:100E4000016801F001010591016841F001010160B3
:100E500000680F4C00F0010005904FF40070009006
:100E600002200190012002900320039007200490AB
:100E700069462046FFF724FB20150090694620466E
:100E8000FFF71EFB06B010BD0010014044380240C1
:100E9000000002402DE9F843044690F83D001F464B
:100EA00016460D4620284CD1C5B1BEB194F83C0081
:100EB000012846D0012084F83C004FF00008C4F817
:100EC0004080212084F83D00FFF7F8FBA68481468E
:100ED000E684A068B0F5805F03D004E00120BDE89F
:100EE000F883206928B12E465FF0000584F83C8025
:100EF0000EE00026FAE78021204601F0D5FCA0B9DB
:100F0000AEB116F8010B21684860E08C401EE08409
:100F1000E08C4B464FF0000200970028EBD14FF0D9
:100F20004001204601F0C0FC30B10320D7E735F87E
:100F3000020BC0F30800E6E7202084F83D00002003
:100F4000CDE70220CBE7FEE710B50024214620467E
:100F500001F0FAF92C20C1060880054805494FF434
:100F60001632808980B20880641C9442FBD310BD85
:100F7000280100200000026010B54FF47A741D486B
:100F800001F0B8F9002001F0CDF94FF47F0001F035
:100F9000B7F9FFF7D9FF2046FFF710FA4FF47F406B
:100FA00001F0AEF9FFF7D0FF2046FFF707FAFF2068
:100FB00001F0A6F9FFF7C8FF2046FFF7FFF90E483A
:100FC00001F09EF9FFF7C0FF2046FFF7F7F96FF039
:100FD0007F4001F095F9FFF7B7FF2046FFF7EEF9E4
:100FE000002001F08DF9FFF7AFFF2046BDE810406B
:100FF000FFF7E4B9480000202C2C2C0070B500202D
:1010000001F07EF9FFF7A0FF2C4801F073F90020F2
:1010100001F088F92A4801F073F9002129A2084655
:1010200000F0A6F92C4801F06BF926A22821002037
:1010300000F09EF94FF6FF7001F062F921A25021F5
:10104000002000F095F900244FF47F05A5EB044043
:1010500001F068F92246BE239621104600F032FBCB
:10106000641CA4B2F02CF1D300244FF47F4500BFE0
:10107000A5EB042001F056F92246F023C8211046C2
:1010800000F020FB641CA4B2F02CF1D300244FF438
:10109000917500BFC4F1FF0001F044F922462B46D0
:1010A000FA21104600F00EFB641CA4B2F02CF1D320
:1010B000BDE870404FF4FA60FFF780B93C000020B3
:1010C000FF80FF00202020436F6C6F7220546573F7
:1010D000742020200000000000FFFF0001B581B057
:1010E000002343F698210CE0ADF8003005E000BF86
:1010F000BDF80000401CADF80000BDF800008842BB
:10110000F6D3BDF80400421EADF80420ECD20CBDAD
:101110002DE9F74F002580460446203AD0B24FF023
:10112000C04ADFF87CB0DFF87C90029030E01368B2
:10113000029A002602FB01316F5C0199F8072046F4
:1011400007D001F001F92C20AAF80000BBF8080034
:1011500006E001F0F9F82C20AAF80000BBF80C001A
:1011600011490880D9F80000641CA4B280887F0867
:10117000A4EB0801814205D101984446401C80B28D
:10118000019003E0761CB6B2082ED6D36D1CADB22A
:10119000D9F800201189A942C9D8BDE8FE8F000006
:1011A0002801002078000020000002602DE9F74FA0
:1011B000DFF8B880177881B0D8F804308146002174
:1011C0001D891E680446481C05FB00FC16F80CC06F
:1011D000BC4508D100FB056092F801C0407860452D
:1011E00001D1009104E0891C588989B28842EAD86B
:1011F00000254FF0C04ADFF878B030E01368009A5D
:10120000002602FB01316F5C0299F807204607D0E7
:1012100001F09AF82C20AAF80000BBF8080006E0BC
:1012200001F092F82C20AAF80000BBF80C0011493C
:101230000880D8F80400641CA4B280887F08A4EB5E
:101240000901814205D102984C46401C80B20290AF
:1012500003E0761CB6B2082ED6D36D1CADB2D8F81A
:1012600004201189A942C9D8BDE8FF8F7800002069
:10127000280100200000026030B51F4A1F494FF0CE
:10128000C04310744FF4F0754FF4A074D0B101282E
:1012900017D136201880482008802A201880002086
:1012A00008800880012008803F2008802B201880BB
:1012B00000200880088001200880DF2008805480FA
:1012C000958030BD36201880282008802A2018807C
:1012D00000200880088001200880DF2008802B2063
:1012E0001880002008800880012008803F200880A6
:1012F0005580948030BD000028010020000002606D
:101300002DE9F04700261D4691468A468046344620
:10131000154F24E0281B401EC1B24846FFF73CF899
:1013200026B9691E8C4201DA40B101263030C2B2C2
:101330003868818804FB018080B20BE00B48407C58
:1013400000283868818804FB018080B201D0202207
:1013500000E030225146FFF7DBFE641CE4B2AC42F1
:10136000D8D3BDE8F08700007800002028010020D5
:101370002DE9F0411546884604460A4F0A4E08E01A
:1013800041462046FFF7C4FE38686D1C8088204423
:1013900084B27088A04202D92A78002AF0D1BDE830
:1013A000F08100007800002028010020F0B51446EC
:1013B0000F4605460D4E15E07F2A09D839462846C6
:1013C000FFF7A6FE3068641C8088284485B209E0D7
:1013D000224639462846FFF7E9FE7068A41C80883B
:1013E000284485B22278002AE6D1F0BD780000209A
:1013F0002DE9F04F80465542002602200F4600EBB3
:10140000450400BF07EB0609A8EB050B1FFA89F19D
:101410001FFA8BF000F0B0F908EB050A1FFA89F10A
:101420001FFA8AF000F0A8F9A7EB06091FFA89F164
:101430001FFA8AF000F0A0F91FFA89F11FFA8BF069
:1014400000F09AF92046B44208DC761C00EB460412
:10145000641CF54202D1A84200DC0020A84203DD52
:101460006D1C04EB4504641C002DCBDDBDE8F08F42
:101470002DE9F04700EE102A80465742B8EEC01A18
:1014800000EE103A02200025F8EEC00A0E4600EBEE
:1014900047049A425CDD81EE200A00BF00EE905ABC
:1014A000A8EB070AF8EEE00A80EE801AFCEEC10A0B
:1014B00010EE900A304481B21FFA8AF000F05CF915
:1014C00000EE905A08EB0709F8EEE00A80EE801A69
:1014D000FCEEC10A10EE900A304481B21FFA89F086
:1014E00000F04AF900EE905AF8EEE00A80EE801A19
:1014F000FCEEC10A10EE900A301A81B21FFA89F090
:1015000000F03AF900EE905AB8EEE01AC1EE000A87
:10151000FCEEE00A10EE900A301A81B21FFA8AF04F
:1015200000F02AF92046AC4208DC6D1C00EB4504B3
:10153000641CEF4202D1B84200DC0020B84203DD57
:101540007F1C04EB4704641C002FA7DDBDE8F08777
:1015500080EE810A5F42002500EE905A06EB0709F3
:101560001FFA89F1F8EEE00A80EE801AFCEEC10A5B
:1015700010EE900AA8EB000080B200F0FDF800EE3B
:10158000905A1FFA89F1F8EEE00A80EE801AFCEE1C
:10159000C10A10EE900A404480B200F0EDF800EE6F
:1015A000905AA6EB07091FFA89F1F8EEE00A80EEDF
:1015B000801AFCEEC10A10EE900A404480B200F09E
:1015C000DBF800EE905A1FFA89F1F8EEE00A80EE9F
:1015D000801AFCEEC10A10EE900AA8EB000080B25F
:1015E00000F0CAF82046AC4209DC6D1C05EB450151
:1015F0000C18641CEF4202D1B84200DC0020B84253
:1016000004DD7F1C07EB47000444641C002FA3DDAE
:101610009CE700002DE9FF4F81460446DDF834A029
:101620009046002003998346884245D20025F4EE77
:10163000000A2EE09AF800700026F807019920466B
:1016400009D000F081FE2C20C10608801B481C49EF
:101650000089088008E000F077FE2C20C106088091
:101660001648818916480180641CA4B27F08A4EB47
:101670000901414505D101984C46401C80B20190BA
:1016800003E0761CB6B2082ED7D36D1C0AF1010A0E
:10169000ADB200EE108AB8EE400A20EE201A00EE3D
:1016A000105AB8EE400AB4EEC01AF1EE10FAC1DCDE
:1016B0000BF1010080B2B5E7BDE8FF8F28010020E3
:1016C000000002602DE9FE4F0027141A002C00DCF8
:1016D000841A0FFA84F85C1A002C00DCCC1A0FFA7A
:1016E00084FC06B20DB24FF0FF34824203D30120D6
:1016F0008246019001E0A24601948B4203D301206F
:101700008146009001E0A1460094E0454FF00000C2
:1017100008DB8146019008EBD870C3464410CDF831
:1017200008C024E0824600200090E3460CEBDC7009
:10173000CDF808804410D84619E0A9B2B0B200F044
:101740001BF80298204404B25C4508DBA4EB0B00B4
:1017500004B20198304406B20098284405B206EB62
:101760000A0006B205EB09007F1C05B23FB24745EF
:10177000E3DDBDE8FE8F000000B500F0E5FD2C20A4
:10178000C1060880024803490089088000BD0000A6
:101790002801002000000260F0B51C4685180F46A5
:1017A0000646AAB20B46FFF78DFF3C44A3B2AAB28D
:1017B000A1B23046FFF786FF3246A3B23946104643
:1017C000FFF780FFA3B2AAB2A8B23946BDE8F04045
:1017D000FFF778BF2DE9F04F8A4603219046074670
:1017E000A1EB48060024154645E0DDB1AAEB05094A
:1017F000A7EB040C09EB450B1FFA8BF31FFA8CF2D5
:101800001FFA89F11FFA8CF0FFF75CFF07EB040C5D
:101810001FFA8BF31FFA8CF21FFA89F11FFA8CF072
:10182000FFF750FFDCB1AAEB0409A7EB050C09EBAD
:10183000440B1FFA8BF31FFA8CF21FFA89F11FFA7F
:101840008CF0FFF73FFF07EB050C1FFA8BF31FFA35
:101850008CF21FFA89F11FFA8CF0FFF733FF002E8C
:1018600003DA06EB8406B61D04E0601B06EB800677
:101870006D1E0A36641CAC42B7D942465146384602
:10188000BDE8F04FFFF7B4BD2DE9F04F1E461546F9
:101890008A46834600244FF0C0490F4FDFF83C8052
:1018A00015E000BF0AEB040081B2584600F04CFD81
:1018B0002C20A9F8000039890020424689B202E0B4
:1018C0001180401C80B2A842FAD3641CA4B2B44276
:1018D000E8D3BDE8F08F000028010020000002607E
:1018E00010B5002000F00CFDFFF72EFB6B4800F058
:1018F00001FDFF2000F016FD1023822203216E203F
:10190000FFF7C2FF66A203210020FFF731FD4FF46D
:101910007F4000F007FD1023822219216E20FFF77F
:10192000B3FF62A219210020FFF722FD4FF47F00D0
:1019300000F0F8FC102382222F216E20FFF7A4FF75
:101940005DA22F210020FFF713FD4FF6FF7000F07E
:10195000E9FC1023822245216E20FFF795FF58A253
:1019600045210020FFF704FD4FF0FF1000F0DAFCE6
:10197000102382225B216E20FFF786FF53A25B219A
:101980000020FFF7F5FC544800F0CCFC1023822225
:1019900071216E20FFF778FF50A271210020FFF720
:1019A000E7FC514800F0BEFC1023822287216E2004
:1019B000FFF76AFF4DA287210020FFF7D9FC4E48B0
:1019C00000F0B0FC102382229D216E20FFF75CFF07
:1019D0004AA29D210020FFF7CBFC4B4800F0A2FC5F
:1019E00010238222B3216E20FFF74EFF47A2B321BE
:1019F0000020FFF7BDFC484800F094FC1023822231
:101A0000C9216E20FFF740FF44A2C9210020FFF743
:101A1000AFFC3D487F3000F085FC10238222DF219F
:101A20006E20FFF731FF40A2DF210020FFF7A0FC6E
:101A300039487F3000F076FC10238222F5216E2099
:101A4000FFF722FF3BA2F5210020FFF791FC22487F
:101A5000803000F067FC40F20B14102382222146F4
:101A60006E20FFF711FF37A221460020FFF780FC10
:101A7000384800F057FC40F22114102382222146FE
:101A80006E20FFF701FF34A221460020FFF770FC13
:101A9000BDE810404FF4FA60FEF790BC60000020F3
:101AA0004C43445F424C5545000000004C43445FAA
:101AB000475245454E0000004C43445F52454400A8
:101AC0004C43445F4359414E000000004C43445F87
:101AD0004D4147454E54410000FFFF004C43445FD9
:101AE00059454C4C4F5700002C2C2C004C43445F64
:101AF0004752455900000000FF8080004C4947488C
:101B0000545F424C5545000080FF80004C494748D7
:101B1000545F475245454E008080FF004C4947487E
:101B2000545F5245440000004C494748545F4359B4
:101B3000414E00004C494748545F4D4147454E5483
:101B4000410000004C494748545F59454C4C4F57A1
:101B500000000000A3A3A3004C494748545F47522C
:101B60004559000070B55024002000F0C9FBFFF774
:101B7000EBF94FF47F05284600F0D4FB0A23F0224E
:101B800019460020FFF79EFD2046FEF717FC1423A0
:101B9000F02219460020FFF795FD2046FEF70EFCC7
:101BA0001E23F02219460020FFF78CFD2046FEF789
:101BB00005FC2823F02219460020FFF783FD20466C
:101BC000FEF7FCFB614800F0ADFB9623F0225521A7
:101BD0000520FFF7E1FD2046FEF7F0FB7823BE224B
:101BE00064211E20FFF7D8FD2046FEF7E7FB5A23AD
:101BF0008C2273213720FFF7CFFD2046FEF7DEFB56
:101C00003C235A2287215020FFF7C6FD2046FEF7CD
:101C1000D5FB4F4800F086FB6422AA217820FFF70D
:101C2000E7FB2046FEF7CAFB5022AA217820FFF7E7
:101C3000DFFB2046FEF7C2FB3C22AA217820FFF7FB
:101C4000D7FB2046FEF7BAFB2822AA217820FFF70F
:101C5000CFFB2046FEF7B2FB48F2800000F062FBAB
:101C600040F21D110B46F0220020FFF72BFD20460D
:101C7000FEF7A4FB40F227110B46F0220020FFF7ED
:101C800021FD2046FEF79AFB40F231110B46F0226F
:101C90000020FFF717FD2046FEF790FB40F23B11B6
:101CA0000B46F0220020FFF70DFD2046FEF786FBD5
:101CB0004FF47A70FEF782FB002000F021FBFFF763
:101CC00043F9284600F02EFB3C2250211046FFF736
:101CD00081FD281200F026FB3C2250217820FFF7DE
:101CE00079FDFF2000F01EFB3C225021A020FFF7D1
:101CF00071FD184800F016FB32236E22FA2178207D
:101D0000FFF7B6FB2046FEF759FB28235F22FA2196
:101D10007820FFF7ADFB2046FEF750FB1E23502234
:101D2000FA217820FFF7A4FB2046FEF747FB142397
:101D30004122FA217820FFF79BFB2046FEF73EFB6D
:101D4000BDE870404FF4FA60FEF738BB00FFFF00BB
:101D5000FFFF8000FF80800070B56424FFF70CF95E
:101D6000002000F0CDFAFFF7EFF86FF07F4000F0B1
:101D7000D9FAA24800F0BEFA0021A1A20846FFF756
:101D8000F7FA2046FEF71AFBA34800F0B3FAA3A225
:101D900020210020FFF7ECFA2046FEF70FFBA648B3
:101DA00000F0A8FA9DA238210020FFF7E1FA2046B2
:101DB000FEF704FBA14800F09DFA98A24C210020F8
:101DC000FFF7D6FA2046FEF7F9FA9D4800F092FA9E
:101DD00092A25C210020FFF7CBFA2046FEF7EEFA34
:101DE000984800F09FFA964800F084FA8BA2682188
:101DF0000020FFF7BDFA2046FEF7E0FA8F4800F01A
:101E000079FA86A274210020FFF7B2FA2046FEF785
:101E1000D5FA894800F06EFA80A284210020FFF7ED
:101E2000A7FA2046FEF7CAFA7B4800F063FA7BA2C5
:101E300098210020FFF79CFA2046FEF7BFFA6F4872
:101E400000F058FA6EA2B0210020FFF791FA204668
:101E5000FEF7B4FA4FF4FA642046FEF7AFFA00201A
:101E600000F04EFAFFF770F8744800F043FAFF20D4
:101E700000F058FA1023D22203216E20FFF704FD50
:101E800071A203210020FFF773FA4FF47F45284623
:101E900000F048FA1023D22219216E20FFF7F4FC3B
:101EA0006CA219210020FFF763FA2E02304600F0E1
:101EB00039FA1023D2222F216E20FFF7E5FC68A209
:101EC0002F210020FFF754FA4FF6FF7000F02AFA96
:101ED0001023D22245216E20FFF7D6FC62A24521B5
:101EE0000020FFF745FA4FF0FF1000F01BFA102317
:101EF000D2225B216E20FFF7C7FC5EA25B2100208F
:101F0000FFF736FA4F48803800F00CFA1023D2223F
:101F100071216E20FFF7B8FC59A271210020FFF754
:101F200027FA5A4800F0FEF91023D22287216E20AA
:101F3000FFF7AAFC56A287210020FFF719FA57489D
:101F400000F0F0F91023D2229D216E20FFF79CFCB7
:101F500053A29D210020FFF70BFA544800F0E2F94C
:101F60001023D222B3216E20FFF78EFC50A2B321A2
:101F70000020FFF7FDF9514800F0D4F91023D222D8
:101F8000C9216E20FFF780FC4DA2C9210020FFF778
:101F9000EFF946487F3000F0C5F91023D222DF2147
:101FA0006E20FFF771FC49A2DF210020FFF7E0F966
:101FB0002046FEF703FA002000F0A2F9FEF7C4FF66
:101FC000304600F0AFF9502278211046FFF702FCAE
:101FD000284600F0A7F950227821A020FFF7FAFB4D
:101FE000FF2000F09FF950227821F020FFF7F2FB4C
:101FF0002046BDE87040FEF7E1B900003C0000203B
:1020000021232425262728292A2B2C2D2E30313236
:1020100033343536000000004800002021232425F9
:10202000262728292A2B2C2D2E30313233343536D1
:102030003738393A000000005400002060000020CA
:102040006C00002080FFFF004C43445F424C55452C
:10205000000000004C43445F475245454E000000DD
:102060004C43445F524544004C43445F4359414E06
:10207000000000004C43445F4D4147454E54410031
:102080004C43445F59454C4C4F5700002C2C2C00BE
:102090004C43445F4752455900000000FF808000D8
:1020A0004C494748545F424C5545000080FF800032
:1020B0004C494748545F475245454E008080FF00D9
:1020C0004C494748545F5245440000004C4947483A
:1020D000545F4359414E000008B5002000F010F94C
:1020E000FEF732FF184800F01DF9184853230090FE
:1020F0001A4637211320FFF78DFA154800F012F920
:102100001448532300901A4637218D20FFF782FA96
:10211000114800F007F91148532300901A46AF21E7
:102120001320FFF777FA0E4800F0FCF80D48532310
:1021300000901A46AF218D20FFF76CFABDE80840E9
:102140004FF4FA60FEF73AB98DE5F6007892000890
:10215000FBF9DF0009960008A8D39D009A990008B2
:102160005387FF002B9D000870B500F07BFA5B4C95
:10217000002204212046FEF79BFA0A20FEF7AEFF5C
:10218000012204212046FEF793FA0A20FEF7A6FF5B
:10219000D3204407208052480188524D018801888D
:1021A0004FF6FF7202EA0122018811432980E021E3
:1021B000218000210180032101800C21018009215F
:1021C000018017210180092101803E2101808921A0
:1021D000018049210180082101800D2101800A210F
:1021E000018013210180152101800F210180E1214F
:1021F000218000210180112101801521018003210E
:1022000001800F210180052101802D2101803421D1
:10221000018041210180022101800B2101800A21DE
:10222000018033210180372101800F210180C021ED
:1022300021801721018015210180C12121804121A8
:102240000180C5212180002101801221018080218F
:10225000018036212180482101803A2121805521A9
:102260000180B021218000210180B1212180A021A5
:102270000180B421218002210180B6212180022128
:1022800001800180E921218000210180F721218046
:10229000A9210180512101802C210180822101800E
:1022A000112020809620FEF719FF29202080002091
:1022B00000F026F86FF07F4000F034F80B490A4830
:1022C000086001206874FEF7D7FFFEF73DFEBDE809
:1022D0007040012211030648FEF7EAB900080240E7
:1022E0000000026028010020480000207800002043
:1022F000000C02400149086070470000780000208F
:102300004FF478414FF4FC6201EA102102EA5012C6
:10231000C0F3C400114301430148C160704700008D
:10232000280100204FF478414FF4FC6201EA1021AB
:1023300002EA5012C0F3C400114301430148816016
:10234000704700002801002010B54FF0C0432A223A
:102350001A800A4A040A1480C0B21080012010803A
:10236000DF2010802B201880080A1080C8B210804F
:1023700001201080DF20108010BD000000000260EE
:102380000C494860808814280FD005DC0C280AD03E
:10239000102807D1084804E0182808D0202801D1C7
:1023A0000648086070470648FBE70648F9E7064814
:1023B000F7E7000078000020600000203C000020CB
:1023C0006C0000205400002048000020014948749F
:1023D000704700002801002010B50020FFF790FF93
:1023E000FEF7B2FD6FF07F40FFF79CFF5A48FFF702
:1023F00081FF002159A20846FEF7BAFF5B48FFF7AC
:1024000079FF5BA220210020FEF7B2FF5D48FFF7B5
:1024100071FF5DA238210020FEF7AAFF5F48FFF799
:1024200069FF5FA24C210020FEF7A2FF6248FFF780
:1024300061FF62A25C210020FEF79AFF4FF6FF7059
:10244000FFF770FF5C48FFF755FF5CA26821002092
:10245000FEF78EFF5148FFF74DFF51A27421002077
:10246000FEF786FF4748FFF745FF47A2842100207B
:10247000FEF77EFF3D48FFF73DFF3DA2982100207B
:10248000FEF776FF3448FFF735FF34A2B021002075
:10249000FEF76EFF3048FFF72DFF4F48FFF742FF72
:1024A00009234E4ADC210020FEF72AFF0020FFF717
:1024B0008DFF09234A4AFC210020FEF721FF01205D
:1024C000FFF784FF092340F2D2424FF48E710020BF
:1024D000FEF716FF4348FFF753FF4348FFF722FF7D
:1024E00042A24FF4A5710020FEF760FF4248FFF7BB
:1024F00047FF4248FFF716FF3CA24FF4AF710020A0
:10250000FEF754FF3E48FFF73BFF3E48FFF70AFF48
:1025100036A24FF4B9710020FEF748FF3A48FFF7A2
:102520002FFF3A48FFF7FEFE30A24FF4C87100209B
:10253000FEF73CFF3648FFF723FF3648FFF7F2FE71
:102540002AA24FF4D7710020FEF730FFBDE81040FB
:102550004FF4FA60FDF732BF3C0000202123242510
:10256000262728292A2B2C2D2E3031004800002028
:1025700021232425262728292A2B2C2D2E303132C1
:102580003334000054000020212324252627282945
:102590002A2B2C2D2E3031323334350060000020B0
:1025A00021232425262728292A2B2C2D2E30313291
:1025B00033343536370000006C00002021232425F9
:1025C000262728292A2B2C2D2E303132333435362C
:1025D0003738393A0000000000FFFF009999991937
:1025E00040E2010000000020D1C68AFFB7B4BFCD91
:1025F000BFC6BCBC000000000C000020A5E1C5FF68
:10260000180000208A242DFF240000205D58FFFFC1
:10261000300000203C00F6FF30B587B0142168463A
:10262000FDF708FE0D480024016841F00401016037
:1026300000680B4D00F00400059022460121284659
:10264000FEF736F801210091CDE9011469462846CC
:102650000394FDF735FF07B030BD0000303802406D
:102660000008024070B58EB01C216846FDF7E2FDFF
:102670001C2107A8FDF7DEFD19484FF0204110226C
:1026800001601849416000218160C160C0E9041205
:102690008161C16113020162C0E909139302C0E9BB
:1026A0000B13416381634164062002230F24CDE9AB
:1026B00000340A2509901126CDE90205CDE904264A
:1026C0000DF1180C06488CE81A00CDE90A52CDE944
:1026D0000C6107AA6946FEF723FB0EB070BD00002F
:1026E000D8000020040100A0FEE7FEE77047704715
:1026F000FDF7EABF30B593B030216846FDF79AFD8B
:1027000014210CA8FDF796FD1E480025016841F034
:1027100080510160006800F0805011901A480168F3
:1027200041F4804101600068022400F4804011906F
:1027300001200090000401908001CDE906400820AE
:1027400008904FF4A870CDE9090404200B90684666
:10275000FEF730F908B172B6FEE70CA90F2081E848
:1027600031004FF4A0500F904FF48050109005218D
:102770000CA8FEF735F8002801D072B6FEE713B0BA
:1027800030BD00004038024000700040024801683F
:1027900041F470010160704788ED00E070B50446B7
:1027A00000680169E26821F4405111430161216927
:1027B000A068E26908436169114308432168CA6857
:1027C00049F20C639A430243CA6020684169A269D6
:1027D00021F440711143416131492068884202D09F
:1027E0003049884202D1FEF7A5F801E0FEF792F8E1
:1027F000E2690023192164253226B2F5004F626890
:1028000028D0A0FB0101930F9200FDF7DBFC0146ED
:10281000B0FBF5F06FF01802504301EB800006EBBF
:102820000010B0FBF5F000F0F002B1FBF5F002EBA8
:102830000012B1FBF5F06FF01803584301EB800074
:1028400006EB0010B0FBF5F000F00F00216810441B
:10285000886070BDA0FB010192185B41FDF7B2FCDE
:102860000146B0FBF5F00201B1FBF5F06FF0180383
:10287000584301EB800006EBC000B0FBF5F000F020
:10288000F80002EB4002B1FBF5F0584301EB800089
:1028900006EBC000B0FBF5F000F00700D6E7000043
:1028A00000100140001401402DE9F0419846174600
:1028B0000E460446069D27E0681C25D02DB1FDF785
:1028C000FDFEA0EB0800A8421ED920680C3050E89D
:1028D000001F21F4D07140E80012002AF5D12068D1
:1028E000143050E8001F21F0010140E80012002AD6
:1028F000F5D1202084F83D0084F83E00002084F8C3
:102900003C000320BDE8F0812068006836EA000042
:1029100004D00020B842CFD00020F3E70120F9E72F
:102920000848074901604FF4E131416000218160AE
:102930000822C160C0E904128161C161FEF734BAA6
:102940000010014094000020FEE70000014A024907
:1029500000F023B8BD290008900000200907090EE7
:10296000002804DB00F1E02080F80014704700F03C
:102970000F0000F1E02080F8141D704702E008C845
:10298000121F08C1002AFAD170477047002001E0E9
:1029900001C1121F002AFBD170472DE9F0411646F4
:1029A0000F460446002503E03946B047641C6D1C01
:1029B00020780028F8D12846BDE8F08113B56423BB
:1029C000012269460248FEF765FA00981CBD000026
:1029D00094000020FDF780FEFFF78CFEFFF71CFE41
:1029E000FFF79EFFFFF7C0FB0DA0FFF7AFFF14A09E
:1029F000FFF7ACFF0120FEF73FFCFEF7BDFAFFF743
:102A0000EBFCFEF76DFFFEF7F9FAFFF7ABF8FFF707
:102A100063FB0020FEF730FCFFF79EF9EAE70000B9
:102A2000B7B4BFCD2D53544D3332463430375645AD
:102A30005436BACBD0C4B0E5B2E2CAD40D0A000015
:102A4000544654204C4344C7FDB6AFC0FDB3CC0D33
:102A50000A000000000000000000FC070400FC0366
:102A60001402A40166009E0700000000B7B4000035
:102A70000000000000000000000000000000000056
:102A800000000000000000006000FE07FA031601CD
:102A9000FF0FFC030402FC0300000000BFCD000098
:102AA0000000000000000000000000000000000026
:102AB000000000000000000000017F0184013F01D0
:102AC0004C01F6070501040100000000BFC600002C
:102AD00000000000000000000000000000000000F6
:102AE000000000000000000000008400FF078400D8
:102AF000FC032703C400370700000000BCBC000033
:102B000000000000000000000000000000000000C5
:102B100000000000000000000000000000000000B5
:102B200000000000000000000000000000000000A5
:102B30000000000000000000000000000000000095
:102B40000000000000000000000000000000000085
:102B50000000000000000000000000000000000075
:102B60000000000000000000000000000000000065
:102B70000000000000000000000000000000000055
:102B80000000000000000000000000000000000045
:102B90000000000000000000000000000000000035
:102BA0000000000000000000000000000000000025
:102BB0000000000000000000000000000000000015
:102BC0000000000000000000000000000000000005
:102BD00000000000000000000000000000000000F5
:102BE00000000000000000000000000000000000E5
:102BF00000000000000000000000000000000000D5
:102C000000000000000000000000000000000000C4
:102C100000000000000000000000000000000000B4
:102C200000000000000000000000000000000000A4
:102C3000000000000000000000000000FC1F040075
:102C4000FC0F140824046402860162071D3800008A
:102C500000000000B7B40000000000000000000009
:102C60000000000000000000000000000000000064
:102C7000000000000000000000000000C000FE1F77
:102C8000F2071802E6011F3EF8070804F8070000E3
:102C900000000000BFCD00000000000000000000A8
:102CA0000000000000000000000000000000000024
:102CB0000000000000000000000000000008BE0945
:102CC000080BFE089809EC3F0A08080808080000ED
:102CD00000000000BFC6000000000000000000006F
:102CE00000000000000000000000000000000000E4
:102CF0000000000000000000000000000402FF3F90
:102D00000402E41F4C10870804078407773800008A
:102D100000000000BCBC000000000000000000003B
:102D200000000000000000000000000000000000A3
:102D30000000000000000000000000000000000093
:102D40000000000000000000000000000000000083
:102D50000000000000000000000000000000000073
:102D60000000000000000000000000000000000063
:102D70000000000000000000000000000000000053
:102D80000000000000000000000000000000000043
:102D90000000000000000000000000000000000033
:102DA0000000000000000000000000000000000023
:102DB0000000000000000000000000000000000013
:102DC0000000000000000000000000000000000003
:102DD00000000000000000000000000000000000F3
:102DE00000000000000000000000000000000000E3
:102DF00000000000000000000000000000000000D3
:102E000000000000000000000000000000000000C2
:102E100000000000000000000000000000000000B2
:102E200000000000000000000000000000000000A2
:102E30000000000000000000000000000000000092
:102E40000000000000000000000000000000000082
:102E50000000000000000000000000000000000072
:102E60000000000000000000000000000000000062
:102E70000000000000000000000000000000000052
:102E80000000000000000000000000000000000042
:102E90000000000000000000000000000000000032
:102EA0000000000000000000000000000000000022
:102EB0000000000000000000000000000000000012
:102EC00000000000E003F81F00080000080000F800
:102ED000FF0148800188C000086100083600041C1A
:102EE0000084E30072000700000000000000000002
:102EF000B7B4000000000000000000000000000067
:102F000000000000000000000000000000000000C1
:102F100000000000000000000000000000000000B1
:102F200000000000000000000000000000000000A1
:102F3000000000000000000000000000010000038D
:102F400000FEFF01620001F87F007E3000800F006C
:102F50007FF003F87F00084000F87F000840000081
:102F60000000000000000000BFCD000000000000D5
:102F70000000000000000000000000000000000051
:102F80000000000000000000000000000000000041
:102F90000000000000000000000000000000000031
:102FA0000000000000000000000000000000000021
:102FB000000000E040001E4600104C00105800FECB
:102FC0004300104600784C00DC400014F003924FA0
:102FD0000010400010400000000000000000000051
:102FE000BFC600000000000000000000000000005C
:102FF00000000000000000000000000000000000D1
:1030000000000000000000000000000000000000C0
:1030100000000000000000000000000000000000B0
:103020000000000000000000000000081000081070
:1030300000FFFF03081000081000E8FF011C020158
:103040000B8600086C00081800086F00EF80030072
:103050000000000000000000BCBC000000000000F8
:103060000000000000000000000000000000000060
:103070000000000000000000000000000000000050
:103080000000000000000000000000000000000040
:103090000000000000000000000000000000000030
:1030A0000000000000000000000000000000000020
:1030B0000000000000000000000000000000000010
:1030C0000000000000000000000000000000000000
:1030D00000000000000000000000000000000000F0
:1030E00000000000000000000000000000000000E0
:1030F00000000000000000000000000000000000D0
:1031000000000000000000000000000000000000BF
:1031100000000000000000000000000000000000AF
:10312000000000000000000000000000000000009F
:10313000000000000000000000000000000000008F
:10314000000000000000000000000000000000007F
:10315000000000000000000000000000000000006F
:10316000000000000000000000000000000000005F
:10317000000000000000000000000000000000004F
:10318000000000000000000000000000000000003F
:10319000000000000000000000000000000000002F
:1031A000000000000000000000000000000000001F
:1031B000000000000000000000000000000000000F
:1031C00000000000000000000000000000000000FF
:1031D00000000000000000000000000000000000EF
:1031E00000000000000000000000000000000000DF
:1031F00000000000000000000000000000000000CF
:1032000000000000000000000000000000000000BE
:1032100000000000000000000000000000000000AE
:10322000000000000000000000000000000000009E
:10323000000000000000000000000000000000008E
:10324000000000000000000000000000000000007E
:10325000000000000000000000000000000000006E
:10326000000000000000000000000000000000005E
:10327000000000000000000000000000000000004E
:10328000000000000000000000000000000000003E
:10329000000000000000000000000000000000002E
:1032A000000000000000000000000000000000001E
:1032B000000000000000000000000000000000000E
:1032C00000000000000000000000000000000000FE
:1032D00000000000000000000000000000000000EE
:1032E00000000000000000000000000000000000DE
:1032F00000000000000000000000000000000000CE
:1033000000000000000000000000000000000000BD
:1033100000000000000000000000000000000000AD
:10332000000000000000000000000000000000009D
:10333000000000000000000000000000000000008D
:10334000000000000000000000000000000000007D
:10335000000000000000000000000000000000006D
:10336000000000000000000000000000000000005D
:1033700000007FF8FF00180000180000180000F897
:10338000FF3F98013098031818030818060C180C12
:10339000060818030CF0000CF001061C0786033C1D
:1033A0007300E0000000000000000000B7B400005F
:1033B000000000000000000000000000000000000D
:1033C00000000000000000000000000000000000FD
:1033D00000000000000000000000000000000000ED
:1033E00000000000000000000000000000000000DD
:1033F00000000000000000000000000000000000CD
:10340000001000007000FCFFFF0C07C08C03C0C060
:10341000FF1FF0030E1C8E03007800C0C7073F009B
:10342000F8E0FF1F600018600018600018E0FF1F40
:10343000600018000000000000000000BFCD000088
:10344000000000000000000000000000000000007C
:10345000000000000000000000000000000000006C
:10346000000000000000000000000000000000005C
:10347000000000000000000000000000000000004C
:10348000000000000000000000000000000000003C
:103490000000188007187E3018606018608019607E
:1034A000001BFE0718601818F0711870C318680622
:1034B000186C00FF66FE18620018600018600018A3
:1034C000600018000000000000000000BFC60000FF
:1034D00000000000000000000000000000000000EC
:1034E00000000000000000000000000000000000DC
:1034F00000000000000000000000000000000000CC
:1035000000000000000000000000000000000000BB
:1035100000000000000000000000000000000000AB
:1035200030000330000330000330FCFFFF010330A4
:10353000000330000330FE7FF019603F3830303038
:103540001830600C30C00630800330E00E30387820
:103550001F07C0000000000000000000BCBC00000D
:10356000000000000000000000000000000000005B
:10357000000000000000000000000000000000004B
:10358000000000000000000000000000000000003B
:10359000000000000000000000000000000000002B
:1035A000000000000000000000000000000000001B
:1035B000000000000000000000000000000000000B
:1035C00000000000000000000000000000000000FB
:1035D00000000000000000000000000000000000EB
:1035E00000000000000000000000000000000000DB
:1035F00000000000000000000000000000000000CB
:1036000000000000000000000000000000000000BA
:1036100000000000000000000000000000000000AA
:10362000000000000000000000000000000000009A
:10363000000000000000000000000000000000008A
:10364000000000000000000000000000000000007A
:10365000000000000000000000000000000000006A
:10366000000000000000000000000000000000005A
:10367000000000000000000000000000000000004A
:10368000000000000000000000000000000000003A
:10369000000000000000000000000000000000002A
:1036A000000000000000000000000000000000001A
:1036B000000000000000000000000000000000000A
:1036C00000000000000000000000000000000000FA
:1036D00000000000000000000000000000000000EA
:1036E00000000000000000000000000000000000DA
:1036F00000000000000000000000000000000000CA
:1037000000000000000000000000000000000000B9
:1037100000000000000000000000000000000000A9
:103720000000000000000000000000000000000099
:103730000000000000000000000000000000000089
:103740000000000000000000000000000000000079
:103750000000000000000000000000000000000069
:103760000000000000000000000000000000000059
:103770000000000000000000000000000000000049
:103780000000000000000000000000000000000039
:103790000000000000000000000000000000000029
:1037A0000000000000000000000000000000000019
:1037B0000000000000000000000000000000000009
:1037C00000000000000000000000000000000000F9
:1037D00000000000000000000000000000000000E9
:1037E00000000000000000000000000000000000D9
:1037F00000000000000000000000000000000000C9
:1038000000000000000000000000000000000000B8
:1038100000000000000000000000000000000000A8
:103820000000000000000000000000000000000098
:103830000000000000000000000000000000000088
:103840000000000000000000000000000000000078
:103850000000000000000000000000000000000068
:103860000000000000000000000000000000000058
:103870000000000000000000000000000000000048
:103880000000000000000000000000000000000038
:103890000000000000000000000000000000000028
:1038A0000000000000000000000000000000000018
:1038B0000000000000000000000000000000000008
:1038C00000000000000000000000000000000000F8
:1038D00000000000000000000000000000000000E8
:1038E00000000000000000000000000000000000D8
:1038F00000000000000000000000000000000000C8
:1039000000000000000000000000000000000000B7
:1039100000000000000000000000000000000000A7
:103920000000000000000000000000000000000097
:103930000000000000000000000000000000000087
:103940000000000000000000000000000000000077
:103950000000000000000000000000000000000067
:103960000000000000000000000000000000000057
:103970000000000000000000000000000000000047
:103980000000000000000000000000000000000037
:103990000000000000000000000000000000000027
:1039A0000000000000000000000000000000000017
:1039B0000000000000000000000000000000000007
:1039C00000000000000000000000000000000000F7
:1039D00000000000000000000000000000000000E7
:1039E00000000000000000000000000000000000D7
:1039F00000000000000000000000000000000000C7
:103A000000000000000000000000000000000000B6
:103A100000000000000000000000000000000000A6
:103A20000000000000000000000000000000000096
:103A30000000000000000000000000000000000086
:103A40000000000000000000000000000000000076
:103A50000000000000000000000000000000000066
:103A60000000000000000000000000000000000056
:103A70000000000000000000000000000000000046
:103A80000000000000000000000000000000000036
:103A90000000000000000000000000000000000026
:103AA0000000000000000000000000000000000016
:103AB0000000000000000000000000000000000006
:103AC00000000000000000000000000000000000F6
:103AD00000000000000000000000000000000000E6
:103AE00000000000000000000000000000000000D6
:103AF00000000000000000000000000000000000C6
:103B000000000000000000000000000000000000B5
:103B100000000000000000000000000000000000A5
:103B20000000000000000000000000000000000095
:103B30000000000000000000000000000000000085
:103B40000000000000000000000000000000000075
:103B50000000000000000000000000000000000065
:103B60000000000000000000000000000000000055
:103B70000000000000000000000000000000000045
:103B80000000000000000000000000000000000035
:103B90000000000000000000000000000000000025
:103BA0000000000000000000000000000000000015
:103BB0000000000000000000000000000000000005
:103BC00000000000000000000000000000000000F5
:103BD00000000000000000000000000000000000E5
:103BE00000000000000000000000000000000000D5
:103BF00000000000000000000000000000000000C5
:103C000000000000000000000000000000000000B4
:103C100000000000000000000000000000000000A4
:103C20000000000000000000000000000000000094
:103C30000000000000000000000000000000000084
:103C40000000000000000000000000000000000074
:103C50000000000000000000000000000000000064
:103C60000000000000000000000000000000000054
:103C70000000000000000000000000000000000044
:103C80000000000000000000000000000000000034
:103C90000000000000000000000000000000000024
:103CA0000000000000000000000000000000000014
:103CB0000000000000000000000000000000000004
:103CC00000000000000000000000000000000000F4
:103CD00000000000000000000000000000000000E4
:103CE00000000000000000000000000000000000D4
:103CF00000000000000000000000000000000000C4
:103D000000000000000000000000000000000000B3
:103D100000000000000000000000000000000000A3
:103D20000000000000000000000000000000000093
:103D30000000000000000000000000000000000083
:103D40000000000000000000000000000000000073
:103D50000000000000000000000000000000000063
:103D60000000000000000000000000000000000053
:103D70000000000000000000000000000000000043
:103D80000000000000000000000000000000000033
:103D90000000000000000000000000000000000023
:103DA0000000000000000000000000000000000013
:103DB0000000000000000000000000000000000003
:103DC00000000000000000000000000000000000F3
:103DD00000000000000000000000000000000000E3
:103DE00000000000000000000000000000000000D3
:103DF00000000000000000000000000000000000C3
:103E000000000000000000000000000000000000B2
:103E100000000000000000000000000000000000A2
:103E20000000000000000000000000000000000092
:103E30000000000000000000000000000000000082
:103E40000000000000000000000000000000000072
:103E50000000000000000000000000000000000062
:103E60000000000000000000000000000000000052
:103E70000000000000000000000000000000000042
:103E80000000000000000000000000000000000032
:103E90000000000000000000000000000000000022
:103EA0000000000000000000000000000000000012
:103EB0000000000000000000000000000000000002
:103EC00000000000000000000000000000000000F2
:103ED00000000000000000000000000000000000E2
:103EE00000000000000000000000000000000000D2
:103EF00000000000000000000000000000000000C2
:103F000000000000000000000000000000000000B1
:103F100000000000000000000000000000000000A1
:103F20000000000000000000000000000000000091
:103F30000000000000000000000000000000000081
:103F40000000000000000000000000000000000071
:103F50000000000000000000000000000000000061
:103F60000000000000000000000000000000000051
:103F70000000000000000000000000000000000041
:103F80000000000000000000000000000000000031
:103F90000000000000000000000000000000000021
:103FA0000000000000000000000000000000000011
:103FB0000000000000000000000000000000000001
:103FC00000000000000000000000000000000000F1
:103FD00000000000000000000000000000000000E1
:103FE00000000000000000000000000000000000D1
:103FF00000000000000000000000000000000000C1
:1040000000000000000000000000000000000000B0
:1040100000000000000000000000000000000000A0
:104020000000000000000000000000000000000090
:104030000000000000000000000000000000000080
:104040000000000000000000000000000000000070
:104050000000000000000000000000000000000060
:104060000000000000000000000000000000000050
:104070000000000000000000000000000000000040
:104080000000000000000000000000000000000030
:104090000000000000000000000000000000000020
:1040A0000000000000000000000000000000000010
:1040B0000000000000000000000000000000000000
:1040C00000000000000000000000000000000000F0
:1040D00000000000000000000000000000000000E0
:1040E00000000000000000000000000000000000D0
:1040F00000000000000000000000000000000000C0
:1041000000000000000000000000000000000000AF
:10411000000000000000000000000000000000009F
:10412000000000000000000000000000000000008F
:10413000000000000000000000000000000000007F
:10414000000000000000000000000000000000006F
:10415000000000000000000000000000000000005F
:10416000000000000000000000000000000000004F
:10417000000000000000000000000000000000003F
:10418000000000000000000000000000000000002F
:10419000000000000000000000000000000000001F
:1041A000000000000000000000000000000000000F
:1041B00000000000000000000000000000000000FF
:1041C00000000000000000000000000000000000EF
:1041D00000000000000000000000000000000000DF
:1041E00000000000000000000000000000000000CF
:1041F00000000000000000000000000000000000BF
:1042000000000000000000000000000000000000AE
:10421000000000000000000000000000000000009E
:10422000000000000000000000000000000000008E
:10423000000000000000000000000000000000007E
:10424000000000000000000000000000000000006E
:10425000000000000000000000000000000000005E
:10426000000000000000000000000000000000004E
:10427000000000000000000000000000000000003E
:10428000000000000000000000000000000000002E
:10429000000000000000000000000000000000001E
:1042A000000000000000000000000000000000000E
:1042B00000000000000000000000000000000000FE
:1042C00000000000000000000000000000000000EE
:1042D00000000000000000000000000000000000DE
:1042E00000000000000000000000000000000000CE
:1042F00000000000000000000000000000000000BE
:1043000000000000000000000000000000000000AD
:10431000000000000000000000000000000000009D
:10432000000000000000000000000000000000008D
:10433000000000000000000000000000000000007D
:10434000000000000000000000000000000000006D
:10435000000000000000000000000000000000005D
:10436000000000000000000000000000000000004D
:10437000000000000000000000000000000000003D
:10438000000000000000000000000000000000002D
:10439000000000000000000000000000000000001D
:1043A000000000000000000000000000000000000D
:1043B00000000000000000000000000000000000FD
:1043C00000000000000000000000000000000000ED
:1043D00000000000000000000000000000000000DD
:1043E00000000000000000000000000000000000CD
:1043F00000000000000000000000000000000000BD
:1044000000000000000000000000000000000000AC
:10441000000000000000000000000000000000009C
:10442000000000000000000000000000000000008C
:10443000000000000000000000000000000000007C
:10444000000000000000000000000000000000006C
:10445000000000000000000000000000000000005C
:10446000000000000000000000000000000000004C
:10447000000000000000000000000000000000003C
:10448000000000000000000000000000000000002C
:10449000000000000000000000000000000000001C
:1044A000000000000000000000000000000000000C
:1044B00000000000000000000000000000000000FC
:1044C00000000000000000000000000000000000EC
:1044D00000000000000000000000000000000000DC
:1044E00000000000000000000000000000000000CC
:1044F00000000000000000000000000000000000BC
:1045000000000000000000000000000000000000AB
:10451000000000000000000000000000000000009B
:10452000000000000000000000000000000000008B
:10453000000000000000000000000000000000007B
:10454000000000000000000000000000000000006B
:10455000000000000000000000000000000000005B
:10456000000000000000000000000000000000004B
:10457000000000000000000000000000000000003B
:10458000000000000000000000000000000000002B
:10459000000000000000000000000000000000001B
:1045A000000000000000000000000000000000000B
:1045B00000000000000000000000000000000000FB
:1045C000000000000000C03FE0FFFF7FE0FF3F0071
:1045D000600000006000000060000000600000005B
:1045E000E0FFFF3FE0FFFF3F600C0038601C001C55
:1045F0006038000E6030000E60E0000760C0C1034C
:104600007080E3013000FF0030003C003800FF0004
:104610001CE0E7031CFE803FCE3F00FC840300C08B
:10462000000000000000000000000000B7B400001F
:10463000000000000000000000000000000000007A
:10464000000000000000000000000000000000006A
:10465000000000000000000000000000000000005A
:10466000000000000000000000000000000000004A
:10467000000000000000000000000000000000003A
:10468000000000000000000000000000000000002A
:10469000000000000000000000000000000000001A
:1046A000000000000000000000000000000000000A
:1046B00000000000000000000000000000000000FA
:1046C0000080000000C0030000800300FCFFFF7FAB
:1046D000FCFFFF7F0C0800600C0E00600CFFFF6702
:1046E00080FFFF07E00F8003781CE00118F87C00D2
:1046F00000C00F0000FFFF00FF1FF0FF3E0000FCA6
:10470000C0FFFF07C0FFFF07C0000006C000000693
:10471000C0000006C0FFFF07C0FFFF07C000000683
:10472000000000000000000000000000BFCD0000FD
:104730000000000000000000000000000000000079
:104740000000000000000000000000000000000069
:104750000000000000000000000000000000000059
:104760000000000000000000000000000000000049
:104770000000000000000000000000000000000039
:104780000000000000000000000000000000000029
:104790000000000000000000000000000000000019
:1047A0000000000000000000000000000000000009
:1047B00000000000000000000000000000000000F9
:1047C00000000006001F0006FF3F0206FE0006066E
:1047D000C0000C06C0001806C0003006FF1F2006EF
:1047E000FF1F0006C0800006E0800306E003070606
:1047F000F0060C06F00C0806D8180006DC10F0FFD6
:10480000CEF0FFFFC7F01F06C7000006C20000067B
:10481000C0000006C0000006C0000006C000000680
:10482000C00000060000000000000000BFC600003D
:104830000000000000000000000000000000000078
:104840000000000000000000000000000000000068
:104850000000000000000000000000000000000058
:104860000000000000000000000000000000000048
:104870000000000000000000000000000000000038
:104880000000000000000000000000000000000028
:104890000000000000000000000000000000000018
:1048A0000000000000000000000000000000000008
:1048B00000000000000000000000000000000000F8
:1048C000000000006000C0006000C0006000C00088
:1048D00060F0FFFFFFF7FFFFFF07C0006000C000B0
:1048E0006000C0006000C00060F6FF7FE0F7FF7F5F
:1048F000FC8001607F000330630003186000060C39
:1049000060000C076000B8036000F0016000F8016F
:104910006000BE0760E00F7E7FFC01F83F3800C0FA
:10492000000000000000000000000000BCBC00000F
:104930000000000000000000000000000000000077
:104940000000000000000000000000000000000067
:104950000000000000000000000000000000000057
:104960000000000000000000000000000000000047
:104970000000000000000000000000000000000037
:104980000000000000000000000000000000000027
:104990000000000000000000000000000000000017
:1049A0000000000000000000000000000000000007
:1049B00000000000000000000000000000000000F7
:1049C00000000000000000000000000000000000E7
:1049D00000000000000000000000000000000000D7
:1049E00000000000000000000000000000000000C7
:1049F00000000000000000000000000000000000B7
:104A000000000000000000000000000000000000A6
:104A10000000000000000000000000000000000096
:104A20000000000000000000000000000000000086
:104A30000000000000000000000000000000000076
:104A40000000000000000000000000000000000066
:104A50000000000000000000000000000000000056
:104A60000000000000000000000000000000000046
:104A70000000000000000000000000000000000036
:104A80000000000000000000000000000000000026
:104A90000000000000000000000000000000000016
:104AA0000000000000000000000000000000000006
:104AB00000000000000000000000000000000000F6
:104AC00000000000000000000000000000000000E6
:104AD00000000000000000000000000000000000D6
:104AE00000000000000000000000000000000000C6
:104AF00000000000000000000000000000000000B6
:104B000000000000000000000000000000000000A5
:104B10000000000000000000000000000000000095
:104B20000000000000000000000000000000000085
:104B30000000000000000000000000000000000075
:104B40000000000000000000000000000000000065
:104B50000000000000000000000000000000000055
:104B60000000000000000000000000000000000045
:104B70000000000000000000000000000000000035
:104B80000000000000000000000000000000000025
:104B90000000000000000000000000000000000015
:104BA0000000000000000000000000000000000005
:104BB00000000000000000000000000000000000F5
:104BC00000000000000000000000000000000000E5
:104BD00000000000000000000000000000000000D5
:104BE00000000000000000000000000000000000C5
:104BF00000000000000000000000000000000000B5
:104C000000000000000000000000000000000000A4
:104C10000000000000000000000000000000000094
:104C20000000000000000000000000000000000084
:104C30000000000000000000000000000000000074
:104C40000000000000000000000000000000000064
:104C50000000000000000000000000000000000054
:104C60000000000000000000000000000000000044
:104C70000000000000000000000000000000000034
:104C80000000000000000000000000000000000024
:104C90000000000000000000000000000000000014
:104CA0000000000000000000000000000000000004
:104CB00000000000000000000000000000000000F4
:104CC00000000000000000000000000000000000E4
:104CD00000000000000000000000000000000000D4
:104CE00000000000000000000000000000000000C4
:104CF00000000000000000000000000000000000B4
:104D000000000000000000000000000000000000A3
:104D10000000000000000000000000000000000093
:104D20000000000000000000000000000000000083
:104D30000000000000000000000000000000000073
:104D40000000000000000000000000000000000063
:104D50000000000000000000000000000000000053
:104D60000000000000000000000000000000000043
:104D70000000000000000000000000000000000033
:104D80000000000000000000000000000000000023
:104D90000000000000000000000000000000000013
:104DA0000000000000000000000000000000000003
:104DB00000000000000000000000000000000000F3
:104DC00000000000000000000000000000000000E3
:104DD00000000000000000000000000000000000D3
:104DE00000000000000000000000000000000000C3
:104DF00000000000000000000000000000000000B3
:104E000000000000000000000000000000000000A2
:104E10000000000000000000000000000000000092
:104E20000000000000000000000000000000000082
:104E30000000000000000000000000000000000072
:104E40000000000000000000000000000000000062
:104E50000000000000000000000000000000000052
:104E60000000000000000000000000000000000042
:104E70000000000000000000000000000000000032
:104E80000000000000000000000000000000000022
:104E90000000000000000000000000000000000012
:104EA0000000000000000000000000000000000002
:104EB00000000000000000000000000000000000F2
:104EC00000000000000000000000000000000000E2
:104ED00000000000000000000000000000000000D2
:104EE00000000000000000000000000000000000C2
:104EF00000000000000000000000000000000000B2
:104F000000000000000000000000000000000000A1
:104F10000000000000000000000000000000000091
:104F20000000000000000000000000000000000081
:104F30000000000000000000000000000000000071
:104F40000000000000000000000000000000000061
:104F50000000000000000000000000000000000051
:104F60000000000000000000000000000000000041
:104F70000000000000000000000000000000000031
:104F80000000000000000000000000000000000021
:104F90000000000000000000000000000000000011
:104FA0000000000000000000000000000000000001
:104FB00000000000000000000000000000000000F1
:104FC00000000000000000000000000000000000E1
:104FD00000000000000000000000000000000000D1
:104FE00000000000000000000000000000000000C1
:104FF0000000000000000000C003C003C003C003A5
:10500000C003C00380038001800180018001800112
:105010008001800180010000000000008001C003C9
:10502000C00380010000000000000000000000003C
:10503000C018E01CE01C700E300618038C018400C0
:105040000000000000000000000000000000000060
:105050000000000000000000000000000000000050
:105060000000000000000000000000000000000040
:105070000000000000000000201020102010201070
:105080002010FE7FFE7FFE7F100810081008100819
:1050900010081008FE7FFE7FFE7F180C080408042D
:1050A00008040804000000000000000000000000E8
:1050B0000000000080008000C003B00C9018981819
:1050C000981C981CB800B000F000E000C0038007F6
:1050D000800F800C801C80189C189C188C188C0CDD
:1050E0009806E003800080008000000000000000BF
:1050F00000000000000000001C08360822046304C1
:10510000630263026302630163012201B61C9C36E1
:1051100040224063406320632063106310631022C9
:105120000836081C0000000000000000000000001D
:105130000000000000000000F00098008C018C01CD
:105140008C018C018C00CC005C0038001C3E3C08BB
:10515000320873086304E304C304830383430667CC
:105160008C3E781C000000000000000000000000E1
:105170001C003C003C003000300010000C00060019
:10518000000000000000000000000000000000001F
:10519000000000000000000000000000000000000F
:1051A00000000000000000000000000000000000FF
:1051B0000040002000100018000C0004000600024F
:1051C00000030003800180018001800180018001D3
:1051D000800180018001000300030002000600043A
:1051E000000C00180010002000400000000000002B
:1051F0000200040008001800300020006000400099
:10520000C000C00080018001800180018001800118
:10521000800180018001C000C000C000600020004B
:105220003000180008000400020000000000000028
:1052300000000000000000000000000000038003E8
:1052400080030C631C713839600D80038003600D8E
:1052500038391C718C6180038003800300000000DA
:10526000000000000000000000000000000000003E
:10527000000000000000000000000000000000012D
:10528000000100010001000100010001FC7F00019C
:105290000001000100010001000100010000000008
:1052A00000000000000000000000000000000000FE
:1052B00000000000000000000000000000000000EE
:1052C00000000000000000000000000000000000DE
:1052D0000000000000000000000000001C003C0076
:1052E0003C003000300010000C0006000000000000
:1052F00000000000000000000000000000000000AE
:10530000000000000000000000000000FE7F000020
:10531000000000000000000000000000000000008D
:10532000000000000000000000000000000000007D
:10533000000000000000000000000000000000006D
:10534000000000000000000000000000000000005D
:1053500000000000000000000000000018003C00F9
:105360003C001800000000000000000000000000E9
:10537000000000400060002000300010001800080D
:10538000000C000400060002000300018001800000
:10539000C00040006000200030001000180008002D
:1053A0000C000400060002000000000000000000E5
:1053B0000000000000000000C0036004300C18185A
:1053C000181818100C300C300C300C300C300C301D
:1053D0000C300C300C300C30181018181818300C19
:1053E0006004C00300000000000000000000000096
:1053F000000000000000000000018001F8018001B1
:105400008001800180018001800180018001800194
:105410008001800180018001800180018001800184
:10542000C003F81F000000000000000000000000A2
:105430000000000000000000E007101C0818043005
:1054400004300C300C30003000180018000C00063E
:1054500000038001C00040002020102008200430FC
:10546000FC1FFC1F00000000000000000000000006
:105470000000000000000000E00318060C0C0C18EF
:105480000C180C1800180018000C0006C003000EC1
:1054900000180010003000300C300C300C100C18CC
:1054A000180CE003000000000000000000000000F5
:1054B00000000000000000000006000600070007D2
:1054C0008006800640062006200610061006080604
:1054D0000C0604060206FE3F000600060006000653
:1054E0000006C03F000000000000000000000000B7
:1054F0000000000000000000F03FF03F080008003E
:105500000800080008000800C807280C1818081030
:1055100000300030003000300C300C30041804181B
:10552000180CE00300000000000000000000000074
:1055300000000000000000008007601830181018FC
:105540001800080008000C00CC076C0C1C181C107C
:105550000C300C300C300C300C3018301810301867
:10556000700CC007000000000000000000000000F8
:105570000000000000000000F83FF83F08100C0891
:1055800004080404000400020002000200010001FB
:105590008000800080008000C000C000C000C0000B
:1055A000C000C0000000000000000000000000007B
:1055B0000000000000000000E007300C18180C305C
:1055C0000C300C301C301C107818F004E003180F5D
:1055D0000C1E0C1C063806300630063006300C183F
:1055E000180CE003000000000000000000000000B4
:1055F0000000000000000000E00318040C080C1874
:105600000610063006300630063006300E380C34F0
:105610001836F03100300018001800080C0C0C0689
:105620000C03F0010000000000000000000000007A
:10563000000000000000000000000000000000006A
:105640000000000000008001C003C00380010000D2
:105650000000000000000000000000008001C00306
:10566000C0038001000000000000000000000000F6
:10567000000000000000000000000000000000002A
:105680000000000000000000C001C001C0010000D7
:105690000000000000000000000000000000C00149
:1056A000C001C0018001C000C00000000000000077
:1056B00000000000000000000020001000080004AE
:1056C00000020001800040002000100008000800D7
:1056D00010002000400080000001000200040008CB
:1056E000001000200000000000000000000000008A
:1056F00000000000000000000000000000000000AA
:10570000000000000000FE7F00000000000000001C
:105710000000FE7F0000000000000000000000000C
:105720000000000000000000000000000000000079
:10573000000000000000000004000800100020002D
:10574000400080000001000200040008001000106A
:10575000000800040002000180004000200010004A
:10576000080004000000000000000000000000002D
:105770000000000000000000C0073018183008606A
:105780000C601C601C601C6000300018000E0003E0
:105790000001000100010001000000008001C003C1
:1057A000C0038001000000000000000000000000B5
:1057B0000000000000000000C00760083010182042
:1057C0000C2B8C4D844CC64CC644664466446644DF
:1057D0006646662666266417CC0C0C4008201830F6
:1057E0003018C007000000000000000000000000AA
:1057F0000000000000000000C001C001C001C001A5
:105800002003200320032003300210061006100698
:105810001004F80F080C080C080C041804180418DD
:1058200006381F7C0000000000000000000000009F
:105830000000000000000000FE07181C18181830B7
:1058400018301830183018301818180CF8071818B5
:105850001830182018601860186018601860183028
:105860001818FE0F000000000000000000000000FB
:105870000000000000000000C00760381030186011
:105880000C400C400C000600060006000600060056
:1058900006000600060006000C400C400820181008
:1058A0003008C007000000000000000000000000F9
:1058B0000000000000000000FE03180E1818181069
:1058C0001830183018601860186018601860186078
:1058D0001860186018601820183018301818181838
:1058E0001806FE0300000000000000000000000099
:1058F0000000000000000000FE3F18301820184093
:1059000018401800180018081808180CF80F180C80
:105910001808180818001800180018401840182017
:105920001830FE3F000000000000000000000000F2
:105930000000000000000000FE3F1838182018404A
:1059400018401800180018081808180CF80F180C40
:10595000180818081808180018001800180018006F
:1059600018007E00000000000000000000000000A1
:105970000000000000000000C003300C10081818E0
:105980000C100C10040006000600060006000600BD
:10599000067E0618061804180C180C180818181893
:1059A0003004E003000000000000000000000000E0
:1059B00000000000000000003FFC0C300C300C30F8
:1059C0000C300C300C300C300C300C30FC3F0C30F8
:1059D0000C300C300C300C300C300C300C300C30E7
:1059E0000C303FFC00000000000000000000000040
:1059F0000000000000000000F81F8001800180010D
:105A0000800180018001800180018001800180018E
:105A1000800180018001800180018001800180017E
:105A20008001F81F000000000000000000000000DE
:105A30000000000000000000E07F000600060006F5
:105A40000006000600060006000600060006000626
:105A50000006000600060006000600060006000616
:105A6000000600060E060E038E01FC00000000007A
:105A700000000000000000007E3E180C180418060C
:105A800018021801180198009800D800B801B80150
:105A90001803180318061806180C180C180C1818F8
:105AA00018187E7C000000000000000000000000CC
:105AB00000000000000000007E0018001800180020
:105AC0001800180018001800180018001800180016
:105AD0001800180018001800180018401840182066
:105AE0001830FE3F00000000000000000000000031
:105AF00000000000000000000FF01C381C381C38AB
:105B00001C381C3434343434343434323432643257
:105B10006432643264314431C431C431C430C4307D
:105B200084308FFC00000000000000000000000036
:105B300000000000000000000FF81C201C20342092
:105B4000342064206420C420C420842184210423C0
:105B5000042304260426042C042C043804380430BE
:105B600004301F20000000000000000000000000C2
:105B70000000000000000000C003300C18180810DE
:105B80000C300C3006200660066006600660066079
:105B900006600660066004600C300C3008101818AF
:105BA000300CC003000000000000000000000000F6
:105BB0000000000000000000FE0F181818301860E8
:105BC0001860186018601860186018301818F80706
:105BD0001800180018001800180018001800180005
:105BE00018007E000000000000000000000000001F
:105BF0000000000000000000C003300C181808105E
:105C00000C300C30066006600660066006600660B8
:105C10000660066006600660E4211C331C36181E10
:105C2000300EC007004C003C0038000000000000AF
:105C30000000000000000000FE07181C18181830B3
:105C400018301830183018301818180CF8071803C6
:105C50001803180618061806180C180C180C181833
:105C600018187E780000000000000000000000000E
:105C70000000000000000000F013181E0C180618A9
:105C80000610061006000E003C00F800E003800F2E
:105C9000001E0018003802300230063004300C18A4
:105CA0001C0CE407000000000000000000000000E1
:105CB0000000000000000000FC3F8C218461824154
:105CC000824180018001800180018001800180018A
:105CD00080018001800180018001800180018001BC
:105CE0008001E0070000000000000000000000004C
:105CF00000000000000000003F7C0C100C100C1095
:105D00000C100C100C100C100C100C100C100C10B3
:105D10000C100C100C100C100C100C100C1018089F
:105D20003804E00300000000000000000000000054
:105D300000000000000000003E7818301810181015
:105D4000181030083008300830083004600460044F
:105D500060046002C002C002C002C0018001800174
:105D60008000800000000000000000000000000033
:105D70000000000000000000CFF38661862184212E
:105D800004210C238C238C238C138C13881348122E
:105D900058165816580E380E300E300E300C30048F
:105DA00010041004000000000000000000000000CB
:105DB00000000000000000003E7C181018083008A9
:105DC000300460046002C002C001800180018001D3
:105DD0008003400340062006200E100C100C1818FB
:105DE00008383E7C000000000000000000000000B9
:105DF00000000000000000007E7C1C101810180835
:105E000030083008300460046004C002C002C001E1
:105E1000800180018001800180018001800180017A
:105E20008001E0070000000000000000000000000A
:105E30000000000000000000F87F383018300C1817
:105E40000418000C00060006000300038001800116
:105E5000C000C000600060003000184018600C20D6
:105E60000C38FE3F000000000000000000000000B1
:105E70000000C03FC000C000C000C000C000C000A3
:105E8000C000C000C000C000C000C000C000C00012
:105E9000C000C000C000C000C000C000C000C00002
:105EA000C000C000C000C03F0000000000000000B3
:105EB0000000000000001800180010003000200052
:105EC000600060004000C00080008001800100018F
:105ED0000003000200060006000C000C000C001875
:105EE00000180030003000300060000000000000AA
:105EF0000000FC0300030003000300030003000391
:105F00000003000300030003000300030003000379
:105F10000003000300030003000300030003000369
:105F2000000300030003FC03000000000000000069
:105F3000C003C0076004100800000000000000005B
:105F40000000000000000000000000000000000051
:105F50000000000000000000000000000000000041
:105F60000000000000000000000000000000000031
:105F70000000000000000000000000000000000021
:105F80000000000000000000000000000000000011
:105F90000000000000000000000000000000000001
:105FA00000000000000000000000FFFF00000000F3
:105FB0007800C000000100000000000000000000A8
:105FC00000000000000000000000000000000000D1
:105FD00000000000000000000000000000000000C1
:105FE00000000000000000000000000000000000B1
:105FF00000000000000000000000000000000000A1
:10600000000000000000E007180C0C180C180C1819
:10601000001CE01B38180C180618061806180698FD
:106020000C9EF8710000000000000000000000005D
:1060300000000000000010001E00180018001800EA
:106040001800180018009807581C381838301830F5
:106050001830183018301830183018301810381818
:10606000380CC8070000000000000000000000001D
:106070000000000000000000000000000000000020
:10608000000000000000C0077008301818180C1835
:106090000C000C000C000C000C000C201820181038
:1060A0003008C007000000000000000000000000F1
:1060B0000000000000000010001E0018001800186A
:1060C000001800180018E01B301C181818180C18BD
:1060D0000C180C180C180C180C180C180818181C94
:1060E000307AE0090000000000000000000000001D
:1060F00000000000000000000000000000000000A0
:10610000000000000000C003300C101818100C3004
:106110000C300C30FC3F0C000C000C001820181048
:106120007018C00700000000000000000000000020
:106130000000000000000000003E80618060C06040
:10614000C000C000C000FC1FC000C000C000C000F4
:10615000C000C000C000C000C000C000C000C0003F
:10616000C000F80F00000000000000000000000068
:10617000000000000000000000000000000000001F
:10618000000000000000C077306C101818181818B4
:1061900018181018300CF00718001800F803F01F3A
:1061A00018380C300C300C301818E00700000000D4
:1061B00000000000000010001E0018001800180069
:1061C0001800180018009807580C381818181818D4
:1061D000181818181818181818181818181818183F
:1061E00018187E7E00000000000000000000000083
:1061F00000000000000000008001C00380010000DA
:10620000000000000001F801800180018001800190
:106210008001800180018001800180018001800176
:106220008001F81F000000000000000000000000D6
:106230000000000000000000001C001E000C000018
:10624000000000000008C00F000C000C000C000C47
:10625000000C000C000C000C000C000C000C000CDE
:10626000000C000C000C18061802F00100000000E1
:1062700000000000000010001E00180018001800A8
:10628000180018001800183E180C180418021801FD
:106290009801D801780338031806180C180C181840
:1062A00018387E7C000000000000000000000000A4
:1062B0000000000000000001F80180018001800161
:1062C00080018001800180018001800180018001C6
:1062D00080018001800180018001800180018001B6
:1062E0008001F81F00000000000000000000000016
:1062F000000000000000000000000000000000009E
:10630000000000000400F73C8E63866186618661B0
:106310008661866186618661866186618661866145
:106320008661CFF3000000000000000000000000C4
:10633000000000000000000000000000000000005D
:1063400000000000000090075E0C3818181818189C
:1063500018181818181818181818181818181818BD
:1063600018187E7E00000000000000000000000001
:10637000000000000000000000000000000000001D
:10638000000000000000C003300C1018181808307E
:106390000C300C300C300C300C300C301818181835
:1063A000300CC003000000000000000000000000EE
:1063B00000000000000000000000000000000000DD
:1063C00000000000000090075E0C3818181018300C
:1063D000183018301830183018301830181838188D
:1063E000780C98071800180018007E0000000000C4
:1063F000000000000000000000000000000000009D
:10640000000000000000C013301E181C18180C18E3
:106410000C180C180C180C180C180C180818181C50
:10642000301EE019001800180018007E000000005F
:10643000000000000000000000000000000000005C
:1064400000000000000060387E666061E001E0004E
:10645000600060006000600060006000600060003C
:106460006000FE07000000000000000000000000C7
:10647000000000000000000000000000000000001C
:10648000000000000000C02760383030302030208D
:106490007000E003800F001E00380830083018300C
:1064A0003818C80F000000000000000000000000C5
:1064B00000000000000000000000000080008000DC
:1064C0008000C000E000FC1FC000C000C000C00091
:1064D000C000C000C000C000C000C000C020C0207C
:1064E0008011000F0000000000000000000000000C
:1064F000000000000000000000000000000000009C
:106500000000000010101E1E18181818181818186F
:106510001818181818181818181818181818181CF7
:10652000307AE009000000000000000000000000D8
:10653000000000000000000000000000000000005B
:106540000000000000003E7C1830181018183008B9
:106550003008200460046004C002C002C00380014F
:10656000800180000000000000000000000000002A
:10657000000000000000000000000000000000001B
:10658000000000000000DFF3866184218C218C2153
:106590008C13881358135812580E700E300E300C8E
:1065A0003004200400000000000000000000000093
:1065B00000000000000000000000000000000000DB
:1065C0000000000000007C3E300870086004C0023B
:1065D000C00280018001800340062006200C1018B4
:1065E00018183E7E000000000000000000000000BF
:1065F000000000000000000000000000000000009B
:106600000000000000003E7C181818081008300830
:106610002004600460044002C00280028001800106
:1066200080008000800040007C003C0000000000F2
:10663000000000000000000000000000000000005A
:10664000000000000000FC1F0C1C0C0C04060407DA
:1066500000038001C001C0006000702030201830AD
:106660000C18FC1F000000000000000000000000EB
:1066700000300008000400040004000400040004CA
:106680000004000400040004000400038001000270
:1066900000040004000400040004000400040004DA
:1066A00000040004000400080030000000010001A4
:1066B00000010001000100010001000100010001D2
:1066C00000010001000100010001000100010001C2
:1066D00000010001000100010001000100010001B2
:1066E00000010001000100010001000100000000A4
:1066F00018002000400040004000400040004000E2
:106700004000400040004000400080010003800045
:106710004000400040004000400040004000400079
:1067200040004000400020001800000000007800F9
:10673000C400824102410027001C0000000000004C
:106740000000000000000000000000000000000049
:106750000000000000000000000000000000000039
:106760000000000000000000000000000000000029
:106770000000000000000000000000000000000019
:106780000000000000000000000000000000000009
:1067900000000000000000000000000000000000F9
:1067A00000000000600060006000600060006000A9
:1067B00060004000200020002000000000000000D9
:1067C00060006000600000000000000000000000A9
:1067D0006006600630039801880044000000000055
:1067E00000000000000000000000000000000000A9
:1067F0000000000000000000000000000000000099
:10680000000000001002100210021002FE07FE0736
:1068100008020801080108010801FE07FE0704013B
:106820000401040104010000000000000000000059
:10683000000040004000F00158034C03CC034C0022
:1068400058007000E000C001C00140034C035C032D
:106850004C034801F0004000400000000000000030
:10686000000000000E010A0191009100910051000A
:1068700051003A00AE03A0025004500448044804FA
:1068800048048402840300000000000000000000AF
:106890000000000038006C006C006C006C006C00A4
:1068A0002C0098071C011A01330133016301E30036
:1068B000C308C6093C0700000000000000000000FB
:1068C0000C001C0010001000080004000000000074
:1068D00000000000000000000000000000000000B8
:1068E00000000000000000000000000000000000A8
:1068F00000040002000180008000400040002000F1
:106900002000200020002000200020004000400047
:106910008000800000010002000400000000000070
:1069200002000400080010001000200020004000B9
:106930004000400040004000400040002000200097
:106940001000100008000400020000000000000019
:1069500000000000000000004000C0004000460CA5
:106960004E0FD001F0015E0F460C40004000400089
:106970000000000000000000000000000000000017
:106980000000000000000000000040004000400047
:1069900040004000FE0F400040004000400040002A
:1069A00000000000000000000000000000000000E7
:1069B00000000000000000000000000000000000D7
:1069C00000000000000000000000000000000000C7
:1069D0000C001C0010001000080004000000000063
:1069E00000000000000000000000000000000000A7
:1069F00000000000FE070000000000000000000092
:106A00000000000000000000000000000000000086
:106A10000000000000000000000000000000000076
:106A20000000000000000000000000000000000066
:106A30001C001C001C000000000000000000000002
:106A40000004000600020003000100018000800035
:106A500040004000600020002000100010000800EE
:106A600008000C0004000600020000000000000006
:106A7000000000000000F00098010C030C03060663
:106A800006060606060606060606060606060C03A3
:106A90000C039801F000000000000000000000005E
:106AA00000000000000040007C006000600060000A
:106AB00060006000600060006000600060006000D6
:106AC00060006000FC030000000000000000000007
:106AD000000000000000F800840102030603060322
:106AE000000300018001C0006000200010000802C7
:106AF00004020602FE030000000000000000000087
:106B00000000000000007800C600860186018001B8
:106B10008001C00070008001000100030003060333
:106B200006038601F80000000000000000000000DD
:106B300000000000000080018001C001A001A00150
:106B400090018801880184018201FE0F800180018B
:106B500080018001E007000000000000000000004C
:106B6000000000000000FC03040004000400040016
:106B70000400F4008C010403000300030603060371
:106B800082018401F8000000000000000000000005
:106B9000000000000000E00118030C030C000400DA
:106BA0000600E60116030E0606060606060604069D
:106BB0000C021803F00000000000000000000000BC
:106BC000000000000000F8070C06040204010001A8
:106BD0000001800080004000400040006000600034
:106BE0006000600060000000000000000000000085
:106BF000000000000000F8010C0306060606060669
:106C00000C021C03F000C8010C030606060606066B
:106C100006060C03F0010000000000000000000068
:106C2000000000000000F0000C010C030602060644
:106C30000606060606078C06780600060003000313
:106C40000C018C0178000000000000000000000032
:106C50000000000000000000000000000000000034
:106C6000E000E000E0000000000000000000000084
:106C7000E000E000E0000000000000000000000074
:106C80000000000000000000000000000000000004
:106C90006000600000000000000000000000000034
:106CA00000006000600040002000200000000000A4
:106CB00000000000000400020001800040002000ED
:106CC00010000800040008001000200040008000B0
:106CD00000010002000400000000000000000000AD
:106CE00000000000000000000000000000000000A4
:106CF000FE07000000000000FE070000000000008A
:106D00000000000000000000000000000000000083
:106D10000000000004000800100020004000800077
:106D20000001000200040002000180004000200079
:106D30001000080004000000000000000000000037
:106D4000000000000000E0031806040C040C0C0C0A
:106D50000C0C0007800140004000400000000000D3
:106D6000E000E000E0000000000000000000000083
:106D700000000000E00018030C02CC056405660565
:106D8000A605B604B604B604B604B602E4010C04C3
:106D90000C021803F00000000000000000000000DA
:106DA000000000000000600060005000D000900073
:106DB0009000880088010801F8010403040304021C
:106DC000020202060F0F0000000000000000000099
:106DD000000000000000FE008C030C030C030C03F9
:106DE0000C038C01FC000C030C020C060C060C06B8
:106DF0000C060C03FE010000000000000000000073
:106E0000000000000000E00318030C060C0404045A
:106E100006000600060006000600060006040C0434
:106E20000C021803F0000000000000000000000049
:106E30000000000000007F008C010C030C030C0616
:106E40000C060C060C060C060C060C060C060C03B5
:106E50000C038C017F000000000000000000000017
:106E6000000000000000FF030603060406040600FD
:106E700086008600FE008600860086000600060466
:106E800006040602FF0300000000000000000000EE
:106E9000000000000000FF030603060406040600CD
:106EA00086008600FE00860086008600060006003A
:106EB000060006001F0000000000000000000000A7
:106EC000000000000000F00018010C020C02040297
:106ED0000600060006000600C60F060306030C03A4
:106EE0000C031803F0000000000000000000000088
:106EF0000000000000000F0F060606060606060644
:106F000006060606FE070606060606060606060628
:106F1000060606060F0F000000000000000000003B
:106F2000000000000000FC036000600060006000E2
:106F30006000600060006000600060006000600051
:106F400060006000FC030000000000000000000082
:106F5000000000000000F807C000C000C000C00032
:106F6000C000C000C000C000C000C000C000C00021
:106F7000C000C000C000C60066003C000000000069
:106F8000000000000000CF038601C6004600260076
:106F9000160036002E006E004600C60086008601F0
:106FA000060106038F07000000000000000000003B
:106FB0000000000000001F0006000600060006009A
:106FC000060006000600060006000600060006048D
:106FD00006040602FF03000000000000000000009D
:106FE0000000000000000707860386038E038E035F
:106FF0004E034E034A035A035A033A033203320341
:1070000032031203870700000000000000000000A8
:107010000000000000008E0F0C021C021C02340253
:107020003402640264024402C402840284038403BE
:10703000040304031F020000000000000000000021
:10704000000000000000F00098010C030C0206068E
:1070500006060606060606060606060606060C02CE
:107060000C039801F0000000000000000000000088
:10707000000000000000FF000603060606060606E4
:10708000060606068603FE00060006000600060049
:10709000060006001F0000000000000000000000C5
:1070A000000000000000F00098010C030C0206062E
:1070B00006060606060606060606060676064C02BE
:1070C000CC039801F00080070003000000000000DE
:1070D000000000000000FF01060306060606060683
:1070E00006060603FE004600C6008600860106036B
:1070F000060306060F0E000000000000000000005E
:10710000000000000000F8020C0306020602060060
:107110000E003C00F800E0038003000702060206B0
:1071200006060C03F0010000000000000000000053
:10713000000000000000FE076204610861086000B2
:10714000600060006000600060006000600060003F
:1071500060006000F8010000000000000000000076
:107160000000000000001E070C020C020C020C02C2
:107170000C020C020C020C020C020C020C020C029F
:107180000C021801F00000000000000000000000E8
:107190000000000000000F070602040104010C01BA
:1071A0000C01880088009800980050005000700082
:1071B000300020002000000000000000000000005F
:1071C000000000000000F70E62044204460446047A
:1071D00064026402E402E4029C029C0198019801AA
:1071E0008801880088000000000000000000000006
:1071F0000000000000009E070C010801180190002B
:10720000B0006000200060006000D00090008801A5
:10721000080104038E0700000000000000000000C9
:107220000000000000000F0F060404020C02080119
:107230001801B800B00070006000600060006000DD
:1072400060006000F8010000000000000000000085
:10725000000000000000FC070C0206030201800190
:1072600080004000400020002000100018000804AA
:107270000C040402FE0300000000000000000000F7
:10728000E00320002000200020002000200020003B
:1072900020002000200020002000200020002000EE
:1072A0002000200020002000E0030000000000007B
:1072B0000000000004000400080008001000100096
:1072C00010002000200040004000C000800080002E
:1072D00000010001000200020002000400000000A2
:1072E0007C00400040004000400040004000400062
:1072F000400040004000400040004000400040008E
:1073000040004000400040007C00000000006000A1
:1073100090000801000000000000000000000000D4
:10732000000000000000000000000000000000005D
:10733000000000000000000000000000000000004D
:10734000000000000000000000000000000000003D
:10735000000000000000000000000000000000002D
:1073600000000000000000000000FF0F000000000F
:107370001800600000000000000000000000000095
:1073800000000000000000000000000000000000FD
:1073900000000000000000000000000000000000ED
:1073A00000000000000000000000000000000000DD
:1073B000F0010C030C030003E0031C030E0306039F
:1073C00006038E0B7C0E0000000000000000000091
:1073D0000000000008000E000C000C000C000C0067
:1073E000CC013C031C060C060C060C060C060C0615
:1073F0000C021C03E401000000000000000000007B
:10740000000000000000000000000000000000007C
:10741000F0008C018C0186010600060006000602C1
:107420000C020C01F0000000000000000000000051
:10743000000000000002C00300030003000300037B
:1074400078038C030C0306030603060306030603F6
:1074500004038C0778010000000000000000000019
:10746000000000000000000000000000000000001C
:10747000E001180308020C060C06FC070C000C00C7
:1074800018041802E00100000000000000000000E5
:10749000000000000000C00360063006300030002D
:1074A000FE0130003000300030003000300030008D
:1074B00030003000FC01000000000000000000006F
:1074C00000000000000000000000000000000000BC
:1074D000F007D8068C018C018C019801F8000C0093
:1074E000FC00CC03060306038E03F8000000000036
:1074F0000000000008000E000C000C000C000C0046
:10750000EC011C030C030C030C030C030C030C0315
:107510000C030C039E0700000000000000000000A8
:10752000000000000000600060000000000040005B
:107530007C0060006000600060006000600060002F
:1075400060006000FC03000000000000000000007C
:10755000000000000000C001C001000000000001A8
:10756000F0018001800180018001800180018001A3
:107570008001800180018001CC007C0000000000BF
:107580000000000008000E000C000C000C000C00B5
:107590008C038C008C004C006C005C008C008C0117
:1075A0000C010C039E07000000000000000000001A
:1075B0000000000040007C0060006000600060008F
:1075C00060006000600060006000600060006000BB
:1075D00060006000FC0300000000000000000000EC
:1075E000000000000000000000000000000000009B
:1075F0003707EE06660666066606660666066606D1
:1076000066066606FF0F0000000000000000000094
:10761000000000000000000000000000000000006A
:10762000EE011C030C030C030C030C030C030C03F2
:107630000C030C039E070000000000000000000087
:10764000000000000000000000000000000000003A
:10765000F00098010C030606060606060606060656
:107660000C030C03F000000000000000000000000C
:10767000000000000000000000000000000000000A
:10768000EE011C030C060C060C060C060C060C0680
:107690000C031C03EC010C000C003E000000000079
:1076A00000000000000000000000000000000000DA
:1076B00078028C030C030603060306030603060385
:1076C00004038C03780300030003C00700000000DC
:1076D00000000000000000000000000000000000AA
:1076E0009F035806380618001800180018001800E4
:1076F00018001800FF00000000000000000000005B
:107700000000000000000000000000000000000079
:10771000F0031C030C020C023800F000C003040349
:1077200004038C03FC0100000000000000000000C6
:1077300000000000000000002000200030003000A9
:10774000FE013000300030003000300030003000EA
:1077500030023002E00100000000000000000000E4
:10776000000000000000000000000000000008020F
:107770008E030C030C030C030C030C030C030C030F
:107780000C039C07780100000000000000000000CE
:1077900000000000000000000000000000000000E9
:1077A0001E070C020801080118019000B000B0008B
:1077B00060006000200000000000000000000000E9
:1077C00000000000000000000000000000000000B9
:1077D000F70E6204460464026402EC029C01980104
:1077E000980198010800000000000000000000005F
:1077F0000000000000000000000000000000000089
:10780000BC0718011001B00060006000E0009000AB
:10781000080108039E0700000000000000000000AF
:107820000000000000000000000000000000000058
:107830009E0708010801080190009000B000600058
:10784000600060002000200024001C0000000000F8
:107850000000000000000000000000000000000028
:10786000FC018401C40044006000200030001802C4
:1078700008020C03FC0100000000000000000000F2
:107880000003800080008000800080008000800075
:1078900080004000200040008000800080008000C8
:1078A0008000800080008000000300004000400055
:1078B00040004000400040004000400040004000C8
:1078C00040004000400040004000400040004000B8
:1078D0004000400040004000400040000000000028
:1078E0000C0010001000100010001000100010001C
:1078F00010002000400020001000100010001000B8
:1079000010001000100010000C00000000001C000F
:107910002204C204800300000000000000000000F8
:107920000000000000000000000000000000000057
:107930000000000000000000000000000000000047
:107940000000000000000000000000000000000037
:107950000000000000000000000000000000000027
:107960000000000000000000000030003000300087
:107970003000300020002000200020002000000007
:107980000000300030000000000000000000D800BF
:10799000D8006C002400120000000000000000006D
:1079A00000000000000000000000000000000000D7
:1079B00000000000000000000000000084008400BF
:1079C0008400FF0184008400C60042004200FF01E1
:1079D00042004200420000000000000000000000E1
:1079E00000002000F80024012401A4012800300038
:1079F0006000A00020012C0124012401F8002000D7
:107A00002000000000000000000000008600490087
:107A10004900290029001900D60028012801280161
:107A200024012401C200000000000000000000004A
:107A3000000000000C00120012001200EA004600D4
:107A4000460025002900390011003201CC00000059
:107A50000000000000000600060004000200010013
:107A60000000000000000000000000000000000016
:107A70000000000000000000000000000000000105
:107A800080004000200020002000100010001000A6
:107A90001000100010002000200020004000800096
:107AA00000010000000001000200040008000800BE
:107AB0000800100010001000100010001000080056
:107AC000080008000400020001000000000000009F
:107AD000000000000000200020002603AE0370001C
:107AE0007000AE032603200020000000000000000C
:107AF0000000000000000000000000000000100076
:107B0000100010001000FF01100010001000100005
:107B10000000000000000000000000000000000065
:107B20000000000000000000000000000000000055
:107B30000000000000000000000006000600040035
:107B40000200010000000000000000000000000032
:107B5000000000000000FE03000000000000000024
:107B60000000000000000000000000000000000015
:107B70000000000000000000000000000000000005
:107B800000000000000000000000060006000000E9
:107B900000000000000000020001000180008000E1
:107BA000C0004000600020003000100018000800F5
:107BB00008000400040002000000000000000000B3
:107BC000000000007800840084000201020102012C
:107BD0000201020102010201840084007800000019
:107BE00000000000000000000000000010001C0069
:107BF0001000100010001000100010001000100005
:107C0000100010007C0000000000000000000000D8
:107C1000000000007C0082000201020102018000DD
:107C2000400020001000080004010201FE010000D5
:107C30000000000000000000000000003C004200C6
:107C400082008200400070008000000100010201FB
:107C5000020182007C000000000000000000000023
:107C60000000400040006000500048004800440010
:107C700042004200FE01400040004000F0010000D0
:107C8000000000000000000000000000FC010400F3
:107C900004000400040074008C00000100010201D3
:107CA000020182007C0000000000000000000000D3
:107CB00000000000F00008010401040002007A0046
:107CC0008600020102010201040184007800000024
:107CD000000000000000000000000000FE01820023
:107CE00042004000200010001000080008000800BA
:107CF000080008000800000000000000000000006C
:107D000000000000780084000201020102018400EA
:107D10007800840002010201020184007800000062
:107D20000000000000000000000000007800840057
:107D30008200020102010201840178010001800039
:107D4000820042003C000000000000000000000033
:107D500000000000000000000000300030000000C3
:107D600000000000000000000000300030000000B3
:107D70000000000000000000000000000000000003
:107D800000000000100000000000000000000000E3
:107D900000000000100010001000100000000000A3
:107DA00000008000400020001000080004000200D5
:107DB00004000800100020004000800000000000C7
:107DC00000000000000000000000000000000000B3
:107DD0000000FF01000000000000FF0100000000A3
:107DE0000000000000000000000000000000000093
:107DF0000000020004000800100020004000800085
:107E000040002000100008000400020000000000F4
:107E10000000000000000000000078008400020163
:107E20000601060100018000400020002000200023
:107E300000003000300000000000000000000000E2
:107E4000000000007800C400F20159014901450119
:107E500025012501A500D900020184007800000059
:107E600000000000000000000000000010001000F2
:107E70002800280028002800440044007C0044001A
:107E800082008200C7010000000000000000000026
:107E9000000000003F0042004200420022003E007D
:107EA0004200820082008200820042003F00000007
:107EB00000000000000000000000000078018401C4
:107EC00002010201010001000100010001000101A5
:107ED00002018600780000000000000000000000A1
:107EE000000000003F00C200820002010201020106
:107EF0000201020102010201820042003F00000073
:107F0000000000000000000000000000FF008200F0
:107F10000201420042007E004200420002000200D4
:107F200002018200FF0000000000000000000000CD
:107F300000000000FF0082000201420042007E00BB
:107F4000420042000200020002000200070000009E
:107F50000000000000000000000000007001880127
:107F60000401020102000200020082030201020178
:107F700004010C01F00000000000000000000000FF
:107F800000000000C701820082008200820082009F
:107F9000FE0082008200820082008200C701000091
:107FA000000000000000000000000000FE001000C3
:107FB0001000100010001000100010001000100041
:107FC00010001000FE000000000000000000000093
:107FD00000000000FC012000200020002000200004
:107FE000200020002000200020002000210011009F
:107FF0000E0000000000000000000000E701420049
:108000002200220012001A00160022002200420064
:1080100042008200C70100000000000000000000D4
:10802000000000000700020002000200020002003F
:10803000020002000200020002018200FF000000B4
:10804000000000000000000000000000C701C600A2
:10805000C600C600AA00AA00AA00AA00AA009200B0
:1080600092009200D7010000000000000000000014
:1080700000000000C70186008A008A008A00920082
:108080009200A200A200C200C200C200870000004D
:108090000000000000000000000000003800C600E2
:1080A0008200010101010101010101010101010140
:1080B0008200C60038000000000000000000000040
:1080C000000000007F008200020102010201820024
:1080D0007E00020002000200020002000700000011
:1080E0000000000000000000000000003800C60092
:1080F00082000101010101010101010101011901D8
:10810000A600A60078004001C000000000000000AA
:10811000000000003F0042008200820042003E005A
:10812000120022002200420042008200870100006B
:108130000000000000000000000000007801840141
:108140000201020002000C00700080000001020128
:10815000020186007A00000000000000000000001C
:1081600000000000FE0011011101100010001000BD
:108170001000100010001000100010003800000067
:10818000000000000000000000000000C7018200A5
:1081900082008200820082008200820082008200CF
:1081A00082004400380000000000000000000000D1
:1081B00000000000C7018200820044004400440027
:1081C000440028002800280038001000100000009B
:1081D000000000000000000000000000BB01920051
:1081E000920092009200AA00AA00AA006A0044002D
:1081F00044004400440000000000000000000000B3
:1082000000000000CE018400440048002800300037
:10821000100030002800480048008400CE01000013
:10822000000000000000000000000000C701820004
:108230004400440028002800100010001000100026
:1082400010001000380000000000000000000000D6
:1082500000000000FC01840082004000400020007B
:10826000100010000800080004018400FE00000057
:10827000000000000000F0011000100010001000CD
:10828000100010001000100010001000100010006E
:10829000100010001000F0010000000000000000BD
:1082A000020004000400080008000800100010008C
:1082B000200020002000400040008000800080005E
:1082C0000001000000003E002000200020002000EF
:1082D000200020002000200020002000200020009E
:1082E0002000200020003E000000000000003800B8
:1082F0002800440000000000000000000000000012
:10830000000000000000000000000000000000006D
:10831000000000000000000000000000000000005D
:10832000000000000000000000000000000000004D
:1083300000000000000000000000FF030000180023
:10834000200000000000000000000000000000000D
:10835000000000000000000000000000000000001D
:10836000000000000000000000000000000000000D
:10837000000000007C0082008200F0008C0082007F
:108380008200C202BC0300000000000000000000E8
:108390000000000003000200020002003A00460054
:1083A0008200820082008200820046003A000000C3
:1083B00000000000000000000000000000000000BD
:1083C0000000000078008400820002000200020029
:1083D000020184007800000000000000000000009E
:1083E00000000000C000800080008000B800C400D1
:1083F00082008200820082008200C400B801000076
:10840000000000000000000000000000000000006C
:1084100000000000780084000201FE01020002005A
:10842000020184007800000000000000000000004D
:1084300000000000E001100210001000FC0010001D
:10844000100010001000100010001000FC000000D0
:10845000000000000000000000000000000000001C
:1084600000000000F801840084008400840078008B
:1084700004007C00840102010201FC0000000000F5
:108480000000000003000200020002007A008600E3
:10849000820082008200820082008200C701000008
:1084A000000000000000000000000000180018009C
:1084B000000000001C001000100010001000100050
:1084C000100010007C000000000000000000000010
:1084D000000000006000600000000000700040002C
:1084E000400040004000400040004000400040008C
:1084F00022001E0000000000000000000300020037
:1085000002000200E200220012000A00160022000F
:1085100042008200C70100000000000000000000CF
:10852000000000001E0010001000100010001000DD
:10853000100010001000100010001000FE000000DD
:10854000000000000000000000000000000000002B
:10855000000000007F0092009200920092009200C2
:1085600092009200B701000000000000000000002F
:108570000000000000000000000000007B008600FA
:10858000820082008200820082008200C701000017
:1085900000000000000000000000000000000000DB
:1085A00000000000780084000201020102010201C3
:1085B00002018400780000000000000000000000BC
:1085C0000000000000000000000000003B0046002A
:1085D0008200820082008200820046003A0002008F
:1085E0000200070000000000000000000000000082
:1085F00000000000B800C4008200820082008200F7
:108600008200C400B80080008000C00100000000AB
:10861000000000000000000000000000CE01280162
:108620001800080008000800080008003E000000CC
:10863000000000000000000000000000000000003A
:1086400000000000BC00C200820006003800C0002C
:10865000820086007A000000000000000000000098
:10866000000000000000100010001000FC001000CE
:1086700010001000100010001000900060000000BA
:1086800000000000000000000000000000000000EA
:1086900000000000C300820082008200820082008D
:1086A0008200C200BC0100000000000000000000C9
:1086B000000000000000000000000000C701820070
:1086C000440044004400280028001000100000006E
:1086D000000000000000000000000000000000009A
:1086E00000000000BB01920092009200AA00AA00C4
:1086F00044004400440000000000000000000000AE
:10870000000000000000000000000000CE01840016
:10871000480030003000300048008400CE010000E6
:108720000000000000000000000000000000000049
:1087300000000000EE01840088004800480050005E
:10874000300020001000100010000C00000000009D
:10875000000000000000000000000000FE004200D9
:10876000220020001000080084008200FE000000AB
:108770000000000000008001400040004000400078
:1087800040004000600010006000400040004000D9
:108790004000400040004000800100002000200018
:1087A00020002000200020002000200020002000C9
:1087B00020002000200020002000200020002000B9
:1087C0002000200000000600080008000800080043
:1087D0000800080018002000180008000800080021
:1087E0000800080008000800060000001C0026021F
:1087F0002203C00100000000000000000000000093
:108800000000000000000000000000000000000068
:108810000000000000000000000000000000000058
:108820000000000000000008080808080808000010
:108830001818000000486C2412000000000000001E
:10884000000000000000002424247F1212127F1276
:10885000121200000000081C2A2A0A0C1828282AD4
:108860002A1C080800000022251515152A58545402
:10887000542200000000000C1212120A7625291161
:10888000916E0000000606040300000000000000D6
:108890000000000000402010100808080808081018
:1088A00010204000000204080810101010101008DA
:1088B000080402000000000008086B1C1C6B08087C
:1088C0000000000000000000080808087F080808F1
:1088D0000800000000000000000000000000000090
:1088E000060604030000000000000000FE00000077
:1088F0000000000000000000000000000000000078
:1089000006060000000080404020201010080804E7
:108910000402020000000018244242424242424245
:1089200024180000000000080E08080808080808BD
:10893000083E00000000003C424242202010080493
:10894000427E00000000003C42422018204040428D
:10895000221C0000000000203028242422227E2037
:10896000207800000000007E0202021A26404042E9
:10897000221C0000000000382402021A2642424253
:10898000241800000000007E2222101008080808A9
:10899000080800000000003C4242422418244242E1
:1089A000423C00000000001824424242645840400B
:1089B000241C000000000000000018180000000047
:1089C000181800000000000000000008000000006F
:1089D00000080804000000402010080402040810E9
:1089E000204000000000000000007F0000007F0029
:1089F00000000000000000020408102040201008C1
:108A0000040200000000003C4242464020101000DA
:108A1000181800000000001C225A555555552D42CB
:108A2000221C00000000000808181414243C2242F4
:108A300042E700000000001F2222221E2242424282
:108A4000221F00000000007C42420101010101429E
:108A5000221C00000000001F2242424242424242C9
:108A6000221F00000000003F4212121E121202429A
:108A7000423F00000000003F4212121E121202028A
:108A8000020700000000003C2222010101712122A6
:108A9000221C0000000000E7424242427E42424265
:108AA00042E700000000003E08080808080808081F
:108AB000083E00000000007C101010101010101074
:108AC0001010110F0000007722120A0E0A12122253
:108AD00022770000000000070202020202020202E6
:108AE000427F000000000077363636362A2A2A2ACE
:108AF0002A6B0000000000E346464A4A5252526286
:108B0000624700000000001C2241414141414141B7
:108B1000221C00000000003F424242423E0202028C
:108B2000020700000000001C2241414141414D5319
:108B3000321C60000000003F4242423E12122222DC
:108B400042C700000000007C42420204182040425C
:108B5000423E00000000007F490808080808080895
:108B6000081C0000000000E74242424242424242EA
:108B7000423C0000000000E7424222242414141862
:108B8000080800000000006B494949495555362244
:108B900022220000000000E7422424181818242490
:108BA00042E7000000000077222214140808080899
:108BB000081C00000000007E212010100804044260
:108BC000423F00000078080808080808080808085C
:108BD00008087800000002020404080808101020A9
:108BE00020204040001E1010101010101010101007
:108BF00010101E00003844000000000000000000BB
:108C00000000000000000000000000000000000064
:108C1000000000FF00060800000000000000000047
:108C200000000000000000000000003C42784442C8
:108C300042FC0000000000030202021A26424242E7
:108C4000261A000000000000000000384402020262
:108C500044380000000000604040407844424242F6
:108C600064D80000000000000000003C427E0202C8
:108C7000423C0000000000F08808087E0808080850
:108C8000083E0000000000000000007C22221C02C0
:108C90003C42423C000000030202023A4642424289
:108CA00042E700000000000C0C00000E0808080855
:108CB000083E000000000030300000382020202056
:108CC0002020221E0000000302020272120A161265
:108CD000227700000000000E0808080808080808AD
:108CE000083E0000000000000000007F9292929277
:108CF00092B70000000000000000003B46424242E4
:108D000042E70000000000000000003C42424242F6
:108D1000423C0000000000000000001B26424242CE
:108D2000221E020700000000000000784442424278
:108D3000447840E000000000000000774C04040488
:108D4000041F0000000000000000007C42023C40C4
:108D5000423E0000000000000008083E0808080825
:108D60000830000000000000000000634242424260
:108D700062DC000000000000000000E74224241430
:108D80000808000000000000000000EB49495555AC
:108D900022220000000000000000007624181818AD
:108DA000246E000000000000000000E742242414AC
:108DB00018080807000000000000007E22100808C4
:108DC000447E000000C020202020201020202020F1
:108DD0002020C000101010101010101010101010D3
:108DE00010101010000608080808081008080808E5
:108DF000080806000C32C20000000000000000005D
:108E00000000000000000000000000000000000062
:108E100000000404040404040004000000140A0A0E
:108E20000000000000000000000014143F140A3F7E
:108E30000A0A000000041E1505060C14150F040094
:108E4000000012150D0A142C2A1200000000040A5A
:108E50000A1E15150936000000020201000000007C
:108E60000000000000201008080808080810200072
:108E700000020408080808080804020000000004B2
:108E8000150E0E150400000000000404041F040465
:108E900004000000000000000000000000020201C9
:108EA00000000000001F00000000000000000000A3
:108EB000000000000002000000100808080404027E
:108EC0000202010000000E1111111111110E00001B
:108ED0000000040604040404040E000000000E1147
:108EE00011080402011F000000000E11100C1010E8
:108EF000110E00000000080C0A0A091E08180000E4
:108F000000001F01010F1010110E000000000E09DB
:108F1000010F1111110E000000001F0908040404C4
:108F20000404000000000E11110E1111110E0000BA
:108F300000000E1111111E10120E000000000000A2
:108F40000400000000040000000000000004000015
:108F5000000404000020100804020408102000008F
:108F6000000000001F00001F0000000000020408B5
:108F7000102010080402000000000E111108040463
:108F80000004000000000E111915151D011E00003F
:108F9000000004040C0A0A1E1233000000000F1225
:108FA000120E1212120F000000001E110101010129
:108FB000110E000000000F1212121212120F000008
:108FC00000001F120A0E0A02121F000000001F12EA
:108FD0000A0E0A020207000000001C1201013911EA
:108FE000120C000000003312121E12121233000085
:108FF00000001F0404040404041F000000003E08D5
:109000000808080808090700000037120A060A0ABB
:10901000123700000000070202020202223F000095
:1090200000001B1B1B1B15151515000000003B1233
:1090300016161A1A1217000000000E111111111144
:10904000110E000000000F12120E020202070000B3
:1090500000000E1111111117190E180000000F1247
:10906000120E0A121237000000001E11010608102D
:10907000110F000000001F1504040404040E00007A
:109080000000331212121212120C000000003312F0
:10909000120A0A0C0404000000001515150E0A0A35
:1090A0000A0A000000001B0A0A04040A0A1B000046
:1090B00000001B0A0A040404040E000000001F093B
:1090C00008040402121F0000001C04040404040429
:1090D00004041C0000020202040408080810000036
:1090E000000E08080808080808080E0000040A0016
:1090F0000000000000000000000000000000000070
:109100000000003F0004000000000000000000001C
:1091100000000000000C121C123C000000000302C2
:10912000020E1212120E000000000000001C1202BB
:10913000021C000000001810101C1212123C00004B
:1091400000000000000C121E021C00000000380489
:10915000041E0404041E000000000000003C120C69
:10916000021E221C00000302020E1212123700001F
:109170000000040000060404040E000000000800C3
:10918000000C08080808080700000302023A0A0E4B
:10919000123700000000070404040404041F000048
:1091A00000000000000F151515150000000000005C
:1091B000000F12121237000000000000000C121203
:1091C000120C000000000000000F1212120E020725
:1091D00000000000001C1212121C103800000000D9
:1091E000001B06020207000000000000001E020C27
:1091F000101E000000000004040E04040418000007
:1092000000000000001B1212123C000000000000D1
:109210000037120A0C040000000000000015150EB3
:109220000A0A000000000000001B0A040A1B0000DC
:10923000000000000037120A0C04040300000000C4
:10924000001E0804041E000000180808080408088E
:109250000808180008080808080808080808080886
:10926000000604040408040404040600022518008F
:1092700000000000000000000000000F0000800758
:109280000000000000001F0000C0070000000000F8
:10929000003F0000E0070000000000007EE01FF03B
:1092A00007000000000000FCFCFFF90300000000C4
:1092B0000000F8FFFFFF01000000000000F0FFFFCA
:1092C000FF00000000000000F0FFFF7F0000000032
:1092D000000000F8FFFF7F00000000000000FCFF1E
:1092E000FFFF01000000000000FEFFFFFF03000081
:1092F00000000000FEFFFFFF03000000000000FF71
:10930000FFFFFF07000000000080FFFFFFFF0F00CE
:109310000000000080FFFCFFF90F0000000000C00B
:10932000FFFCFFF91F0000000000C0FFFCFFF91F59
:109330000000000000E0FFFFFFFF1F000000000032
:10934000E0FFFFFFFF3F0000000000E0FFFFFFFF26
:109350003F0000000000E0FFFFFFFF3F00000000B3
:1093600000E0FFFFFFFF3F0000000000E0FFFFFF05
:10937000FF7F0000000000F0FFFFFFFF7F00000004
:109380000000E0FFFFFFFF7F000000000000000082
:1093900000000000000000000000000000000000CD
:1093A00000001CF0FFFFFFFF7FE0000000FFF0FF68
:1093B000FFFFFF7FF8030000FFF1FFFFFFFF7FFCCF
:1093C000070080FFF1FFFFFFFF7FFC0F0080FFF32E
:1093D000FFFFFFFF7FFC0F0080FFF3FFFFFFFF7F1A
:1093E000FE1F00C0FFF3FFFFFFFF7FFE1F00C0FF57
:1093F000F3FFFFFFFF7FFE1F00C0FFF3FFFFFFFF34
:109400007FFE1F00C0FFF3FFFFFFFF7FFE1F00C0B6
:10941000FFF3FFFFFFFF7FFE1F00C0FFF3FFFFFF13
:10942000FF7FFE1F00C0FFF3FFFFFFFF7FFE1F0057
:10943000C0FFF3FFFFFFFF7FFE1F00C0FFF3FFFF32
:10944000FFFF7FFE1F00C0FFF3FFFFFFFF7FFE1F38
:1094500000C0FFF3FFFFFFFF7FFE1F00C0FFF3FF11
:10946000FFFFFF7FFE1F00C0FFF3FFFFFFFF7FFE38
:109470001F00C0FFF3FFFFFFFF7FFE1F00C0FFF3D1
:10948000FFFFFFFF7FFE1F00C0FFF3FFFFFFFF7F17
:10949000FE1F00C0FFF3FFFFFFFF7FFE1F00C0FFA6
:1094A000F3FFFFFFFF7FFE1F00C0FFF3FFFFFFFF83
:1094B0007FFE1F00C0FFF3FFFFFFFF7FFE1F00C006
:1094C000FFF3FFFFFFFF7FFE1F00C0FFF3FFFFFF63
:1094D000FF7FFE1F00C0FFF3FFFFFFFF7FFE1F00A7
:1094E000C0FFF3FFFFFFFF7FFE1F0080FFF3FFFFC2
:1094F000FFFF7FFE1F0080FFF3FFFFFFFF7FFC0FDA
:109500000080FFF1FFFFFFFF7FFC0F0000FFF1FF76
:10951000FFFFFF7FFC070000FEF0FFFFFFFF7FF073
:1095200007000038F0FFFFFFFF7FC001000000E0F0
:10953000FFFFFFFF7F0000000000E0FFFFFFFF3F95
:109540000000000000C0FFFFFFFF1F000000000040
:1095500000F87FE0FF00000000000000F87FE0FF5F
:1095600000000000000000F87FE0FF0000000000A5
:109570000000F87FE0FF00000000000000F87FE03E
:10958000FF00000000000000F87FE0FF0000000086
:10959000000000F87FE0FF00000000000000F87FFE
:1095A000E0FF00000000000000F87FE0FF00000086
:1095B00000000000F87FE0FF00000000000000F85D
:1095C0007FE0FF00000000000000F87FE0FF0000E7
:1095D0000000000000F83FE0FF0000000000000075
:1095E000F03FE0FF00000000000000F03FE07F00DF
:1095F000000000000000E01FC07F0000000000002D
:1096000000C00F801F0000000000000000000000EC
:10961000000000000000000000000000000000004A
:10962000000000000000000000000000000000003A
:10963000000000000000000000000000000000002A
:10964000000000000000000000000000E0FFFFFF3D
:10965000FFFFFF1F000000FCFFFFFFFFFFFFFF01F8
:109660000000FEFFFFFFFFFFFFFF030000FFFFFF03
:10967000FFFFFFFFFF070080FFFFFFFFFFFFFFFF70
:109680000F0080FFFFFFFFFFFFFFFF0F0080FFFFC6
:10969000FFFFFFFFFFFF0F0080FFFFFFFFFFFFFF48
:1096A000FF1F0080FFFFFFFFFFFFFFFF1F0080FF86
:1096B000FFFFFFFFFFFFFF1F0080FFFFFFFFFFFF18
:1096C000FFFF1F0080FFFFFFFFFFFFFFFF1F008066
:1096D000FFFFFFFFFFFFFFFF1F0080FFFFFFFFFFF8
:1096E000FFFFFF1F0080FFFFFFFFFFFFFFFF1F00C7
:1096F00080FF1F00000000C0FF1F0080FF1F000050
:109700000000C0FF1F0080FF1F00000000C0FF1FFF
:109710000080FF1F00000000C0FF1F0080FF1F002F
:10972000000000C0FF1F0080FF1F00000000C0FFFE
:109730001F0080FFFFFFFFFFFFFFFF1F0080FFFFF5
:10974000FFFFFFFFFFFF1F0080FFFFFFFFFFFFFF87
:10975000FF1F0080FFFFFFFFFFFFFFFF1F0080FFD5
:10976000FFFFFFFFFFFFFF1F0080FF1F0000000043
:10977000C0FF1F0080FF1F00000000C0FF1F00800F
:10978000FF1F00000000C0FF1F0080FF1F0000003F
:1097900000C0FF1F0080FF1F00000000C0FF1F006F
:1097A00080FF1F00000000C0FF1F0080FFFFFFFFC1
:1097B000FFFFFFFF1F0080FFFFFFFFFFFFFFFF1FF7
:1097C0000080FFFFFFFFFFFFFFFF1F0080FFFFFF85
:1097D000FFFFFFFFFF1F0080FF1F00000000C0FF12
:1097E0001F0080FF1F00000000C0FF1F0080FF1F40
:1097F00000000000C0FF1F00C0FF1F00000000C0ED
:10980000FF1F00C0FF1F00000000C0FF1F00C0FFBF
:109810001F00000000C0FF1F00C0FFFFFFFFFFFF91
:10982000FFFF1F00C0FFFFFFFFFFFFFFFF1F00C084
:10983000FFFFFFFFFFFFFFFF1F00C0FFFFFFFFFF56
:10984000FFFFFF1F00C0FFFFFFFFFFFFFFFF1F0025
:10985000C0FFFFFFFFFFFFFFFF1F00C0FFFFFFFF75
:10986000FFFFFFFF1F00C0FFFFFFFFFFFFFFFF1F06
:1098700000C0FFFFFFFFFFFFFFFF0F00C0FFFFFF64
:10988000FFFFFFFFFF0F00C0FFFFFFFFFFFFFFFF16
:109890000F00C0FFFFFFFFFFFFFFFF0700C0FFFF3C
:1098A000FFFFFFFFFFFF0700C0FFFFFFFFFFFFFFFE
:1098B000FF0100C0FFFFFFFFFFFFFF7F0000C0FFB1
:1098C0000F0000000000000000C0FF0700000000C3
:1098D00000000000C0FF030000000000000000C006
:1098E000FF010000000000000000C0FF00000000B9
:1098F0000000000000C07F00000000000000000029
:10990000C03F000000000000000000C01F00000079
:10991000000000000000C00F000000000000000078
:1099200000C007000000000000000000C0030000AD
:1099300000000000000000C0010000000000000066
:109940000000C00000000000000000000000000057
:109950000000000000000000000000000000000007
:1099600000000000000000000000000000000000F7
:1099700000000000000000000000000000000000E7
:1099800000000000000000000000000000000000D7
:1099900000000000000000000000000000000000C7
:1099A00000000000000000000000000000000000B7
:1099B000000000000000000000000000000000E0C7
:1099C00003000000000000000000FC030000000095
:1099D0000000000000FF030000000000000000C0C5
:1099E000FF030000000000000000E0FF0300000093
:1099F0000000000000F0FF03000000000000000075
:109A0000F8FF030000000000000000FCFF0300005E
:109A1000000000000000FEFF030000000000000046
:109A200000FEFF030000000000000000FFFF030035
:109A300000000000000000FFFF0300000000000025
:109A40000080FFFF030000000000000080FFFF0314
:109A50000000000000000080FFFF03000000000085
:109A60000000C0FFFF0300000000000000C0FFFF77
:109A70000300000000000000C0FFFF030000000022
:109A8000000000C0FFFF0300000000000000C0FF56
:109A9000FF0300FF0000000000C0FFFF03E0FF0F16
:109AA00000000000C0FFFF03F8FF3F00000000C0FF
:109AB000FFFF03FEFF7F00000000C0FFFF03FFFF6A
:109AC000FF0100000080FFFF83FFFFFF0300000095
:109AD00080FFFFC3FFFFFF0700000080FFFFE3FFE1
:109AE000FFFF0F00000000FFFFF3FFFFFF0F00006C
:109AF0000000FFFFF3FFFFFF1F00000000FEFFFB61
:109B0000FFFFFF3F00000000FEFFFBFFFFFF3F00E5
:109B1000000000FCFFFFFFFFFF7F00000000F8FFD8
:109B2000FFFFFFFF7F00000000F0FFFFFFFFFF7F50
:109B300000000000E0FFFFFFFFFFFF0000000080CB
:109B4000FFFFFFFFFFFF0000000000FFFFFFFFFF20
:109B5000FF0000000000FCFFFFFFFFFF00F8FFFF19
:109B6000FFFFFFFFFFFFFF00F8FFFFFFFFFF010008
:109B7000000000F8FFFFFFFFFF0700000000F8FFF4
:109B8000FFFFFFFF0F00000000F8FFFFFFFFFF3F98
:109B900000000000F0FFFFFFFFFF7F00000000F06B
:109BA000FFFFFFFFFFFF00000000F0FFFFFFFFFFD0
:109BB000FF01000000E0FFFFFFFFFEFF01000000CB
:109BC000E0FFFFFFFFFEFF03000000C0FFFFFF7F7D
:109BD000FEFF07000000C0FFFFFF7FFEFF07000041
:109BE0000080FFFFFF3FFEFF0F00000000FFFFFFB0
:109BF0001FFEFF0F00000000FEFFFF0FFEFF0F0023
:109C0000000000FCFFFF07FEFF1F00000000F8FF40
:109C1000FF03FEFF1F00000000E0FFFF00FEFF1F2C
:109C20000000000080FF3F00FEFF1F00000000005A
:109C3000FC0700FEFF1F0000000000000000FEFF08
:109C40001F0000000000000000FEFF1F00000000D9
:109C500000000000FEFF1F0000000000000000FEEA
:109C6000FF1F0000000000000000FEFF0F000000CA
:109C70000000000000FEFF0F0000000000000000D8
:109C8000FEFF0F0000000000000000FEFF070000C4
:109C9000000000000000FEFF0700000000000000C0
:109CA00000FEFF030000000000000000FEFF0300B4
:109CB00000000000000000FEFF01000000000000A6
:109CC0000000FEFF000000000000000000FE7F001A
:109CD0000000000000000000FE3F00000000000047
:109CE000000000FE1F000000000000000000FE0752
:109CF000000000000000000000FE01000000000065
:109D0000000000003E000000000000000000000015
:109D10000000000000000000000000000000000043
:109D20000000000000000000000000000000000033
:109D30000000000000000000000000000000000023
:109D40000000000000000000000000000000000013
:109D50000000000000000000000000000000000003
:109D600000000000000000000000000000000000F3
:109D7000F8FFFFFFFF1F0000000000FFFFFFFFFFD5
:109D8000FF01000000C0FFFFFFFFFFFF0300000016
:109D9000C0FFFFFFFFFFFF07000000E0FFFFFFFF26
:109DA000FFFF0F000000E0FFFFFFFFFFFF0F0000BD
:109DB00000E0FFFFFFFFFFFF0F000000F0FFFFFFCD
:109DC000FFFFFF1F000000F0FFFFFFFFFFFF1F006E
:109DD0000000F0FFFFFFFFFFFF1F000000F0FFFF8C
:109DE000FFFFFFFF1F000000F0FFFFFFFFFFFF1F4F
:109DF000000000F0FFFFFFFFFFFF1F000000F0FF6B
:109E0000FFFFFFFFFF1F00803FF0FFFFFBFFFFFF93
:109E10001F00C03FF0FFFFF3FFFFFF1F00C03FF038
:109E2000FFFFE3FFFFFF1F00C03FF0FFFF83FFFFC7
:109E3000FF1F00C03FF0FFFF03FFFFFF1F00C03FF9
:109E4000F0FFFF03FEFFFF1F00C03FF0FFFF03F81E
:109E5000FFFF1F00C03FF0FFFF03F0FFFF1F00C028
:109E60003FF0FFFF03E0FFFF1F00C03FF0FFFF03D5
:109E700080FFFF1F00C03FF0FFFF0300FFFF1F0038
:109E8000C03FF0FFFF0300FEFF1F00C03FF0FFFFD9
:109E90000300F8FF1F00C03FF0FFFF0300F0FF1FAB
:109EA00000C03FF0FFFF0300E0FF1F00C03FF0FFD6
:109EB000FF0300F0FF1F00C03FF0FFFF0300F8FFAB
:109EC0001F00C03FF0FFFF0300FEFF1F00C03FF078
:109ED000FFFF0300FFFF1F00C03FF0FFFF0380FFF5
:109EE000FF1F00C03FF0FFFF03E0FFFF1F00C03F68
:109EF000F0FFFF03F0FFFF1F00C03FF0FFFF03F87C
:109F0000FFFF1F00C03FF0FFFF03FEFFFF1F00C069
:109F10003FF0FFFF03FFFFFF1F00C03FF0FFFF8385
:109F2000FFFFFF1F00C03FF0FFFFE3FFFFFF1F0029
:109F3000C03FF0FFFFF3FFFFFF1F00C03FF0FFFF38
:109F4000FBFFFFFF1F00C03FF0FFFFFFFFFFFF1FF2
:109F500000C03FF0FFFFFFFFFFFF1F00C03FF0FF0B
:109F6000FFFFFFFFFF1F00C03FF0FFFFFFFFFFFFEE
:109F70001F00C03FF0FFFFFFFFFFFF1F00C03FF0CB
:109F8000FFFFFFFFFFFF1F00C03FF0FFFFFFFFFFCE
:109F9000FF1F00C03FE0FFFFFFFFFFFF0F00C03FBC
:109FA000E0FFFFFFFFFFFF0F00C03FE0FFFFFFFFED
:109FB000FFFF0F00C03FC0FFFFFFFFFFFF0700C014
:109FC0003FC0FFFFFFFFFFFF0700C03F00FFFFFF95
:109FD000FFFFFF0100C03F00F8FFFFFFFF7F000011
:109FE000C03F000000000000000000C03F00000073
:109FF000000000000000C03F000000000000000062
:10A0000000C03F000000000000000000C03F000052
:10A0100000000000000000C03F0000000000000041
:10A02000000080FFFFFFFFFFFF7F00000080FFFFB9
:10A03000FFFFFFFF7F00000080FFFFFFFFFFFF7FAC
:10A0400000000080FFFFFFFFFFFF7F00000000FF18
:10A05000FFFFFFFFFF7F00000000FEFFFFFFFFFF8D
:10A060007F00000000FCFFFFFFFFFF7F00000000FB
:10A07000C0FFFFFFFFFF7F000000000000000000A6
:10A0800000000000000000000000000000000000D0
:10A0900000000000000000000000000000000000C0
:10A0A00000000000000000000000000000000000B0
:10A0B00000000000000000000000000000000000A0
:10A0C0000000000001020304060708090000000068
:10A0D00001020304F4A00008000000209400000026
:10A0E0007C29000888A1000894000020AC0400002E
:10A0F0008C290008542A00080C000C0018001400D9
:10A10000342C00081000100020001400B42E0008A9
:10A11000140014003C0014006433000818001800F8
:10A1200048004100AC4500082000200080001400D9
:10A13000AC4F000810002000400000006C670008D1
:10A140000C001800300000003C7900080A001400E0
:10A15000280000001488000808001000100000000B
:10A16000048E000806000C000C0000000000000037
:10A1700000000000010000001000000000000000CE
:08A180000024F40000000000BF
:040000050800018965
:00000001FF
