:020000040800F2
:10000000400D00209D010008372B0008B5120008A4
:10001000352B00083D070008FD2E000800000000F9
:10002000000000000000000000000000192D000882
:100030003F07000800000000392B00081B2D0008B6
:10004000B7010008B7010008B7010008B7010008B0
:10005000B7010008B7010008B7010008B7010008A0
:10006000B7010008B7010008B7010008B701000890
:10007000B7010008B7010008B7010008B701000880
:10008000B7010008B7010008B7010008B701000870
:10009000B7010008B7010008B7010008B701000860
:1000A000B7010008B7010008B7010008B701000850
:1000B000B7010008B7010008B7010008B701000840
:1000C000B7010008B7010008B7010008B701000830
:1000D000B7010008B7010008B7010008B701000820
:1000E000B7010008B7010008B7010008B701000810
:1000F000B7010008B7010008B7010008B701000800
:10010000B7010008B7010008B7010008B7010008EF
:10011000B7010008B7010008B7010008B7010008DF
:10012000B7010008B7010008B7010008B7010008CF
:10013000B7010008B7010008B7010008B7010008BF
:10014000B7010008B7010008B7010008B7010008AF
:10015000B7010008B7010008B7010008B70100089F
:10016000B7010008B7010008B7010008B70100088F
:10017000B7010008B7010008B7010008000000003F
:10018000B7010008B7010008DFF80CD000F0C4FA8E
:100190000048004725380008400D002006488047E9
:1001A00006480047FEE7FEE7FEE7FEE7FEE7FEE75C
:1001B000FEE7FEE7FEE7FEE7B92D0008890100082B
:1001C0002DE9F05F0546002092469B46884606468C
:1001D000814640241BE0284641464746224600F01F
:1001E0007DF953465A46C01A914110D3114618461C
:1001F000224600F064F92D1A67EB01084F462246AB
:100200000120002100F05BF917EB00094E41201E90
:10021000A4F10104DFDC484631462A464346BDE8E6
:10022000F09FD2B201E000F8012B491EFBD27047CB
:100230000022F6E710B513460A4604461946FFF7B2
:10024000F0FF204610BD2DE9FE4F804681EA0300F5
:10025000C00F0C46009021F0004123F00045B8EBA0
:100260000200A94105D24046214690461C460B4655
:10027000024623F00040104347D0270DC7F30A0081
:10028000C3F30A510290401A019040286BDAC3F37D
:10029000130040F4801B0098924620B10023D2EB5B
:1002A000030A63EB0B0B01985946C0F1400250461C
:1002B00000F005F906460D4650465946019A00F0F1
:1002C0001DF910EB08006141002487EA115284EA0D
:1002D000E7731A4340D0009A62B3019A012A4FEAA9
:1002E000075215DC001B61EB02014FF0004202EAED
:1002F0000752CDE90042001C41F5801132462B46E1
:1003000000F01DF903B0BDE8F08F40462146F9E743
:10031000001B61EB0201001C41F5801300185B41DA
:100320002018A2F5001747EB030140EAD570B61973
:100330006D4111E06D084FEA360645EAC0754FEA97
:100340000752001B61EB0201001C41F580114908B6
:100350004FEA30000019514132462B4603B0BDE848
:10036000F04F00F0DDB80098012240000023D0EBF0
:10037000020263EBE073009821464FEAE074B8EBA9
:10038000000061EB0401E9E783F000435BE781F0E3
:10039000004158E72DE9FE4F81EA030404F00044D0
:1003A00021F0004100944FF0000B23F0004350EA8D
:1003B00001045ED052EA03045BD0C3F30A54C1F3D4
:1003C0000A552C44A4F2F3340194A0FB0254C1F367
:1003D000130141F48011C3F3130343F4801301FBB1
:1003E000024400FB034E840A970A44EA815447EA18
:1003F0008357A4FB076802958D0A05FB07854FEA22
:10040000932C04FB0C542705029D4FEA065847EA3B
:100410001637B5EB08056EEB070C870E920E47EA10
:10042000811742EA8312A7FB0201B6EB0B0164EBD2
:1004300000042B0D43EA0C335E1844EB1C50DA46E3
:100440005146E7FB0201C5F313044FEA0B3343EABD
:1004500014534FEA0432019C43EA0603A4F10C044E
:100460000294009CCDE900B400F069F803B0BDE847
:10047000F08F00200146F9E70EB540F233410291BA
:100480000021CDE900110A460B4600F058F803B0F0
:1004900000BD30B50B46014600202022012409E0B2
:1004A00021FA02F59D4205D303FA02F5491B04FA2D
:1004B00002F52844151EA2F10102F1DC30BD202A0C
:1004C00004DB203A00FA02F1002070479140C2F1AB
:1004D000200320FA03F3194390407047202A04DBDD
:1004E000203A21FA02F00021704721FA02F3D040AD
:1004F000C2F120029140084319467047202A06DBCA
:10050000CB17203A41FA02F043EAE07306E041FAE1
:1005100002F3D040C2F120029140084319467047CF
:1005200010B5141E73F1000408DA401C41F10001FB
:1005300092185B411A4301D120F0010010BD2DE952
:10054000F04D92469B4611B1B1FA81F202E0B0FA49
:1005500080F220329046FFF7B2FF04460F4640EA91
:100560000A0041EA0B0153465A46084313D011468C
:1005700053EA010019D0C8F140025046FFF7AEFF20
:1005800005460E46504659464246FFF798FF084337
:1005900005D0012004E020463946BDE8F08D00205A
:1005A000054346EAE0762C4337430A986305E40A9C
:1005B000A0EB08000022FD0A44EA47540A3002D5A5
:1005C00000200146E9E7010510196941DDE9084508
:1005D00000196941BDE8F04DA2E72DE9F04D81EA2F
:1005E000030404F0004B21F0004514464FF0000ACC
:1005F00023F0004150EA050220D054EA01021DD048
:10060000C5F30A570246C5F31303C1F31300C1F340
:100610000A5640F4801543F48013A7EB0608101B1C
:10062000D64608F2FD3873EB050002D308F1010845
:1006300001E092185B41B8F1000F03DA0020014697
:10064000BDE8F08D00204FF48011064684460EE090
:10065000171B73EB050705D3121B63EB050306435A
:100660004CEA010C49084FEA300092185B4150EA0D
:100670000107EDD152EA030012D082EA040083EAB6
:100680000501084305D0101BAB4106D2012200230F
:1006900006E000224FF0004302E06FF00102531029
:1006A0001AEB06004CEB085110EB0A0041EB0B0172
:1006B000BDE8F04DFFF734BFC1F30A52C1F3130197
:1006C00040F2FF3341F480119A4202DA00200146E1
:1006D000704740F233439A42A2F2334202DC524264
:1006E000FFF7FCBEFFF7EBBE30B5041E71F100044E
:1006F00004DB4FF00044404264EB0101141E73F12F
:10070000000405DB1C464FF00043524263EB040338
:10071000994208BF904230BD064C074D06E0E068A4
:1007200040F0010394E8070098471034AC42F6D338
:10073000FFF72EFDD8AE0008F8AE0008FEE77047C0
:1007400070B5044600F00CF90546601C02D0044860
:100750000078044400F004F9401BA042FAD370BDB5
:10076000800000202DE9F84FDFF8BCA10022012510
:1007700003264FF00F090AF1040BAAF1040E00BF83
:100780000B6805FA02F42340A34270D10F7907F0F9
:100790000307012F01D0022F16D187684FEA4208C4
:1007A00006FA08FC27EA0C07D1F80CC00CFA08FC82
:1007B0004CEA070CC0F808C04768A7430C79C4F39B
:1007C000001494403C4344600C79E443A4070AD0ED
:1007D000C4684FEA420C06FA0CF7BC438F6807FA6C
:1007E0000CF72743C7600C7904F00304022C12D1E4
:1007F000D40800EB840CDCF820405707FF0E09FA00
:1008000007F824EA0804D1F8108008FA07F848EA43
:100810000408CCF8208004684FEA420C06FA0CF772
:10082000BC430F7907F0030707FA0CF7274307606B
:100830004C6814F4403F70D03C4C276847F4804724
:100840002760246822F0030704F480440094384CA5
:1008500007EB040CDCF8084897074FEA177809FA09
:1008600008F7BC43334FB84202D1002724E054E0DC
:10087000314FB84201D101271EE0304FB84201D1BB
:10088000022719E02E4FB84201D1032714E02D4F63
:10089000B84201D104270FE02B4FB84201D1052700
:1008A0000AE02A4FB84201D1062705E0284FB84296
:1008B00001D1072700E0082707FA08F72743CCF8FB
:1008C0000878DAF800405746D1F804C09C435FEA44
:1008D000CC2C00D51C433C60DBF800405F46D1F8CF
:1008E00004C09C435FEA8C2C00D51C433C60DEF8BE
:1008F00000407746D1F804C09C435FEA8C3C00D5A9
:100900001C433C60084F083F3C68D1F804C09C433E
:100910005FEACC3C00D51C433C60521C102AFFF41B
:100920002FAFBDE8F88F0000083C0140443802407A
:100930000030014000000240000402400008024074
:10094000000C024000100240001402400018024057
:10095000001C02400AB1816170470904FBE70000F6
:1009600001488068704700008000002002488168CC
:100970000278114481607047800000200B4810B558
:10098000016841F400710160016841F48061016017
:10099000016841F480710160032000F061F80F20CC
:1009A00000F006F800F024F8002010BD003C0240E2
:1009B00070B50D4D04464FF47A712878B1FBF0F014
:1009C0000A490968B1FBF0F000F0EAFB48B9102CC5
:1009D00007D200222146501E00F022F800206C6051
:1009E00070BD012070BD0000800000208C00002040
:1009F0000A4808B5016841F480410160006800F4CC
:100A0000804000900548001F016841F0805101605E
:100A1000006800F08050009008BD0000443802409B
:100A2000F0B40E4B1B680C46C3F30223C3F1070559
:100A3000042D00D90425191D072901D2002300E047
:100A4000DB1E012606FA05F1491E214099409E4011
:100A5000761E16403143F0BC02F066BA0CED00E0A1
:100A6000064900F0070208684FF6FF03184040EA05
:100A70000220034A10430860704700000CED00E0BC
:100A80000000FA052DE9F0470E46050065D0DFF8B5
:100A90001481D8F80000F7B200F00700B04207D286
:100AA00088F80070D8F8000000F00700B04254D178
:100AB00028683D4C810712D5400703D5206840F4D3
:100AC000E05020602878000703D5206840F460409B
:100AD00020602068A96820F0F00008432060287892
:100AE000C0072DD0304968680839012812D0022883
:100AF00013D0032811D00968890700292DDA21684D
:100B000021F0030101432160FFF72AFF814641F2F2
:100B1000883A0EE009688903EFE709688901ECE784
:100B2000FFF71EFFA0EB0901514502D90320BDE8E4
:100B3000F0872068696800F00C00B0EB810FEFD1FE
:100B4000D8F80010404601F00701B14207D90770FC
:100B5000006800F00700B04201D00120E7E72878E4
:100B6000400705D52068E96820F4E050084320607C
:100B70002878000706D52068296920F4604040EAFB
:100B8000C100206000F038F82168084AC1F3031161
:100B9000515CC8400649086006480068FFF708FF36
:100BA0000020C4E7003C024008380240BEAE000806
:100BB0008C00002084000020044805490068096872
:100BC000044AC1F38221515CC84070478C00002068
:100BD00008380240CEAE000804480549006809689C
:100BE000044AC1F34231515CC84070478C00002078
:100BF00008380240CEAE0008154810B5006810F065
:100C00000C02144813D04110042A0FD0082A0ED128
:100C10000F4C241F2268236802F03F025B0207D5B5
:100C20002068C0F38810A0FB010106E0084610BD53
:100C30002168C1F38811A1FB00010023FFF7C0FA6E
:100C40002168C1F30141491C4900B0FBF1F010BD1E
:100C5000083802400024F4002DE9F84F04006ED05B
:100C60002078DFF84C93C007A9F104054AD009F1B8
:100C700004000168C1F38101012908D00068C0F3B4
:100C8000810002280AD1D9F80000400206D5286860
:100C9000800337D560680028E1D033E06068B0F5A4
:100CA000803F10D0B0F5A02F286810D020F48030FD
:100CB0002860286820F4802028606068A8B1FFF7C9
:100CC0004FFE06460DE0286840F48030F4E740F41B
:100CD00080202860F7E700BFFFF742FE801B6428F2
:100CE00073D828688003F7D50CE0FFF739FE064675
:100CF00005E000BFFFF734FE801B6428F0D82868A9
:100D00008003F7D42078DFF8AC8280074FF0000A28
:100D10003ED5A748001D016811F00C0F08D00068EF
:100D2000C0F3810002280BD1D9F80000400207D49B
:100D30002868800716D5E068012800D112E033E169
:100D4000E068B8B10120C8F80000FFF709FE0646C8
:100D500005E000BFFFF704FE801B0228C0D828680A
:100D60008007F7D52868216920F0F80040EAC10023
:100D700028600DE0C8F800A0FFF7F2FD064604E089
:100D8000FFF7EEFD801B02281FD828688007F7D4E4
:100D90002078000722D5864F87486169703771B186
:100DA00001210160FFF7DCFD064604E0FFF7D8FDF6
:100DB000801B022809D838688007F7D50EE0C0F8F4
:100DC00000A0FFF7CDFD064605E082E0FFF7C8FD75
:100DD000801B02287DD838688007F7D42078400728
:100DE00068D5DFF8CCB100270BF13C0BDBF8000035
:100DF000C0000BD4DBF8001041F08051CBF800109C
:100E0000DBF80000012700F0805000906B4E306846
:100E1000C00510D4306840F480703060FFF7A0FD4A
:100E2000009005E0FFF79CFD0099401A022850D879
:100E30003068C005F6D55E4EA0686C3601280FD02C
:100E40000528306810D020F001003060306820F0B4
:100E500004003060A068B8B1FFF782FD00900FE099
:100E6000306840F00100F4E740F004003060F7E73C
:100E7000FFF776FD0099411A41F28830814266D829
:100E800030688007F4D50EE0FFF76AFD009007E0B8
:100E9000FFF766FD0099411A41F28830814256D829
:100EA00030688007F4D42FB1DBF8001021F08051B6
:100EB000CBF80010A069C8B33D49091D0968C1F30A
:100EC000810102294AD00228504607D0C8F86000A4
:100ED00000E03CE0FFF744FD04463BE04746C8F82D
:100EE0006000FFF73DFD064605E000BFFFF738FD57
:100EF000801B02282BD828688001F7D4D4E9070189
:100F00000843A16A2E4A490802EB0141626A41EA9C
:100F10008211084394F82C1040EA0161C9F80010CE
:100F200001203866FFF71CFD044606E03EE000BFE6
:100F3000FFF716FD001B022809D828688001F7D5A5
:100F400034E000BFFFF70CFD001B022802D903208C
:100F5000BDE8F88F28688001F4D427E00128F7D095
:100F6000D9F80000E26900F4800191421CD1226AA4
:100F700000F03F01914217D147F6C071626A01400B
:100F8000B1EB821F10D1A26A4FF0FF3300F4403161
:100F900003EB5202B1EB024F06D194F82C1000F093
:100FA0007060B0EB016F01D00120D1E70020CFE7E6
:100FB0000438024000004742800E47420070004063
:100FC0000000FFFF70B5040009D0606A002540B141
:100FD00025616561A56294F8510040B10CE00120E3
:100FE00070BD6068B0F5827FF4D0E561F2E784F807
:100FF0005050204600F044F8022084F85100206848
:10100000016821F040010160A088218900F482700C
:1010100001F404410843A18901F400610843217CE3
:1010200001F002010843217D01F001010843218BF9
:1010300001F400710843217F01F03801084394F85E
:10104000201001F080010843218D01F40051084374
:1010500021680860A069042101EA104094F8241076
:1010600001F010010843216848602068C16921F43B
:101070000061C1616565012084F85100002070BDE8
:101080002DE9F04F87B0044614216846FFF7D0F8E9
:101090003E492068884276D13D480024016841F4E9
:1010A00000410160006800F40040059038481038A5
:1010B000016841F002010160016801F0020105913F
:1010C000016841F002010160016801F0020105912F
:1010D000016841F001010160016801F00101059121
:1010E000016841F008010160016801F00801059103
:1010F000016841F0080101600068022500F0080065
:1011000005900820CDE900050320CDE90240062026
:10111000204E049069463046FFF724FB20200090C3
:1011200069463046FFF71EFBAF030126DFF868A0D3
:10113000CDE9007669465046CDE90245FFF712FB3E
:101140004FF48058CDF80080CDE90164DFF84CB051
:10115000694658460394FFF705FB4FF40059CDE963
:10116000009669465846CDE90245FFF7FBFA012291
:1011700049465846FFF7EEFBCAF818700022414670
:101180005846FFF7E7FB07B0BDE8F08F003C004092
:10119000403802400004024000000240000C0240BF
:1011A00010B5401EB0F1807F01D3012010BD4FF07B
:1011B000E02460610F21601701F0B6FE0020A061FD
:1011C00007202061002010BD70B5040004D094F801
:1011D0003D00002510B106E0012070BD84F83C50B0
:1011E000204600F023F8242084F83D002068C168E0
:1011F00021F40051C160204601F0E6FD206801693C
:1012000021F4904101612068416921F02A01416186
:101210002068C16841F40051C1602564202084F831
:101220003D0084F83E00002070BD000010B586B07F
:10123000044614216846FEF7FBFF1B4920688842DC
:1012400030D11A48016841F010010160006800F0D7
:101250001000059015481438016841F00101016043
:10126000016801F001010591016841F0010101608F
:1012700000680F4C00F0010005904FF400700090E2
:101280000220019001200290032003900720049087
:1012900069462046FFF766FA201500906946204609
:1012A000FFF760FA06B010BD00100140443802405C
:1012B00000000240FEE7000070B5224C0021A0892A
:1012C000401E83B26089401E82B2084600F0C0FC16
:1012D000A4F6580001680B684FF6BF7213400B600C
:1012E00001680B6843F400630B6001680B6843F00E
:1012F00040030B60144BD1079961002107E0066899
:101300006568F5600568AE68B607FCD5491C658957
:10131000A68975438D42F2D801688C682406FCD4F6
:101320004FF400449C610B6813400B6001680A682D
:101330004FF2FF731A400A600068016841F04001F3
:10134000016070BD2C090020000002402DE9F05F13
:101350000023203A02F0FF0B284A824689464FF0CC
:1013600000401C4619469061DFF894E0254EDEF8F7
:10137000000026E00768DFF890C00BFB0272BCF8A3
:101380000070BCF804C09D5C0022BFB21FFA8CFC48
:101390005FEAC57802D026F8147001E026F814C080
:1013A000641C491CB0F804806D0889B2A4B2884559
:1013B00001D1002103E0521C92B2082AE8D35B1C41
:1013C0009BB202899A42D5D8C288A9F10101114481
:1013D0008BB28188AAF10100084482B27446494662
:1013E000504600F035FC20688188C088BDE8F05F79
:1013F000414389B2034801F0D3BA00000000024023
:10140000780000202C0100202C0900202DE9F05F3D
:10141000DFF8D08083468A46D8F804000023177886
:101420000589066819465C1C05FB04FC16F80CC00F
:10143000BC4508D104FB056492F801C0647864459A
:1014400001D1994604E09B1C44899BB29C42EAD896
:1014500000221346C646244E27E00768DFF88CC0FA
:1014600009FB0474BCF80070BCF804C01D5D0024C6
:10147000BFB21FFA8CFC00BF5FEAC57802D026F825
:10148000127001E026F812C0521C491CB0F804800A
:101490006D0889B292B2884501D1002103E0641C35
:1014A000A4B2082CE8D35B1C9BB204899C42D4D81C
:1014B000C288AAF1010111448BB28188ABF101000D
:1014C000084482B274465146584600F0C1FB606839
:1014D0008188C088BDE8F05F414389B2024801F0CD
:1014E0005FBA0000780000202C0100202C090020A9
:1014F00030B50546094887B00C46007A8DED000BE3
:1015000050B107A102A801F0FBFC02AA214628461F
:1015100000F02CF807B030BD03A1F3E72C09002040
:10152000252A2E2A6C66000025302A2E2A6C660099
:101530007FB51E46094B05460C46187A13463246BF
:1015400048B107A1684601F0DBFC6A4621462846FF
:1015500000F00CF87FBD03A1F4E700002C09002087
:10156000252A640025302E2A640000002DE9F04170
:101570001546884604460A4F0A4E08E04146204672
:10158000FFF7E4FE38686D1C8088204484B27089BF
:10159000A04202D92A78002AF0D1BDE8F0810000EB
:1015A000780000202C0900202DE9F04114460F4658
:1015B00005460E4E15E07F2A09D839462846FFF722
:1015C000C5FE3068641C8088284485B209E0224644
:1015D00039462846FFF71AFF7068A41C8088284403
:1015E00085B22278002AE6D1BDE8F081780000209B
:1015F0002DE9F84F81465542002602201E4F8846AD
:1016000000EB4504A9EB05003A6808EB060A0090D8
:101610001FFA8AF180B200F04BFA09EB050B1FFAB2
:101620008AF11FFA8BF03A6800F042FAA8EB060A3A
:101630001FFA8AF11FFA8BF03A6800F039FA009825
:101640001FFA8AF13A6880B200F032FA2046B442BA
:1016500008DC761C00EB4604641CF54202D1A8426B
:1016600000DC0020A84203DD6D1C04EB4504641C73
:10167000002DC7DDBDE8F88F2C0900202DE9F05FB3
:1016800000EE102A80465742F8EEC00A00EE103AEB
:10169000022000EB4704B8EEC00A00256C480E4655
:1016A0002DED028B9A4267DD80EE808A4FEA0009B9
:1016B00000EE105AA8EB070BD9F80020B8EEC00ACC
:1016C000C0EE080ABCEEE00A10EE100A304481B207
:1016D0001FFA8BF000F0ECF900EE105A08EB070A45
:1016E000D9F80020B8EEC00AC0EE080ABCEEE00A45
:1016F00010EE100A304481B21FFA8AF000F0D8F9D7
:1017000000EE105AD9F80020B8EEC00AC0EE080A60
:10171000BCEEE00A10EE100A301A81B21FFA8AF00D
:1017200000F0C6F900EE105AD9F80020B8EEC00A51
:10173000C0EE080ABCEEE00A10EE100A301A81B2C0
:101740001FFA8BF000F0B4F92046AC4208DC6D1CA7
:1017500000EB4504641CEF4202D1B84200DC0020DB
:10176000B84203DD7F1C04EB4704641C002F9FDD9F
:10177000BDEC028BBDE8F09F80EE208A5F42002521
:10178000814600BF00EE105A06EB070A1FFA8AF1E5
:10179000B8EEC00AD9F80020C0EE080ABCEEE00A94
:1017A00010EE100AA8EB000080B200F081F900EE04
:1017B000105A1FFA8AF1D9F80020B8EEC00AC0EE1C
:1017C000080ABCEEE00A10EE100A404480B200F0B5
:1017D0006FF900EE105AA6EB070A1FFA8AF1B8EE6D
:1017E000C00AD9F80020C0EE080ABCEEE00A10EEEC
:1017F000100A404480B200F05BF900EE105A1FFA64
:101800008AF1D9F80020B8EEC00AC0EE080ABCEE92
:10181000E00A10EE100AA8EB000080B200F048F9D0
:101820002046AC4209DC6D1C05EB45010C18641C1C
:10183000EF4202D1B84200DC0020B84204DD7F1C38
:1018400007EB47000444641C002F9BDD90E7000079
:101850002C0900202DE9FF4F83B007460646049867
:101860009B464FF480610090B1FBFBF0DDF84090A7
:101870001446019038194FF0000A401E5546029058
:101880006EE00020F4EE000A27E000BF374B99F825
:101890000020A3F5006EB3F800C09B8800211FFA5A
:1018A0008CFC9BB25FEAC27802D02EF815C001E032
:1018B0002EF81530761CB6B26D1C5208A6EB070840
:1018C000ADB2A04501D13E4603E0491C89B20829CA
:1018D000E8D3401C09F1010980B200EE104AB8EECD
:1018E000400A20EE201A00EE100AB8EE400AB4EECC
:1018F000C01AF1EE10FAC9DC01986043A84216D173
:10190000DDE9000100EB0108A8F1010083B20298B3
:10191000002582B23846009900F09AF90198604398
:1019200081B2134801F03CF81FFA88F000900AF1E8
:101930000108D84512D1049902988A4482B21FFA4C
:101940008AF33846009900F083F90099AAEB010068
:10195000401C604381B2064801F022F81FFA88FA61
:10196000DA458ED307B0BDE8F08F00002C090020C7
:101970002C0100202DE9FE4F0027141A002C00DC5A
:10198000841A0FFA84F85C1A002C00DCCC1A0FFAC7
:1019900084FC06B20DB24FF0FF34824203D3012023
:1019A0008246019001E0A24601948B4203D30120BC
:1019B0008146009001E0A1460094E0454FF0000010
:1019C00008DB8146019008EBD870C3464410CDF87F
:1019D00008C026E0824600200090E3460CEBDC7055
:1019E000CDF808804410D8461BE01048A9B2026820
:1019F000B0B200F05DF80298204404B25C4508DB08
:101A0000A4EB0B0004B20198304406B200982844BD
:101A100005B206EB0A0006B205EB09007F1C05B211
:101A20003FB24745E1DDBDE8FE8F00002C090020F4
:101A300070B514460C4A0B46A2F5006512880021C9
:101A400092B203E025F81120491C89B2A142F9D3D2
:101A50000119491E8AB2194600F0FAF82146BDE87C
:101A60007040024800F09CBF2C0900202C0100208F
:101A700070B50D4B1446A3F500651B8800229BB280
:101A800004E000BF25F81230521C92B2A242F9D3F2
:101A90000A19521E93B2024600F0DAF82146BDE858
:101AA0007040024800F07CBF2C0900202C0100206F
:101AB00010B50B46024600F0CBF8094C4FF0004041
:101AC000A0610848008880B200F0CCFF064800689A
:101AD00081680906FCD44FF40040A06110BD0000ED
:101AE000000002402C090020D40000202DE9F04124
:101AF0001C4616460D460746FFF79AFF2819401E5A
:101B000081B232463846FFF793FF224629463846CF
:101B1000FFF7AEFFB81922462946BDE8F041401E46
:101B200080B2FFF7A5BF2DE9F84F8B460321904601
:101B30000746A1EB4806002415464FF6FF7931E031
:101B40008DB1ABEB050081B2009009EA4502381B6C
:101B5000924680B2FFF78CFF0098524681B2381946
:101B600080B2FFF785FF8CB1ABEB040081B200902F
:101B700009EA4402781B924680B2FFF779FF009889
:101B8000524681B2781980B2FFF772FF002E03DA55
:101B900006EB8406B61D04E0601B06EB80066D1E96
:101BA0000A36641CAC42CBD9424659463846BDE899
:101BB000F84FFFF71DBD00002DE9F0411D4614460A
:101BC0004A19521E93B20219521E92B200F040F806
:101BD0001D4801680B684FF6BF7213400B60016827
:101BE0000B6843F400630B6001680B6843F040032B
:101BF0000B60164BD1079961002100F658066C4323
:101C000008E007683568FD600568AF68BF07FCD568
:101C1000491C89B28C42F4DC01688C682406FCD42F
:101C20004FF400449C610B6813400B6001680A6824
:101C30004FF2FF731A400A600068016841F04001EA
:101C40000160BDE8F0810000D400002000000240E7
:101C50002DE9F047194D80464FF000409946164651
:101C60000F46A8612A2000F0D9FE154CA17B01EB9C
:101C7000080080B200F0F6FEA07B304480B200F095
:101C8000F1FE2B2000F0CAFEE07B384480B200F069
:101C9000E9FEE17B01EB090080B200F0E3FE2C20BD
:101CA00000F0BCFEA4F65800006881680906FCD468
:101CB0004FF40040A861BDE8F0870000000002403A
:101CC0002C090020014908607047000078000020BE
:101CD0004FF478414FF4FC6201EA102102EA5012FD
:101CE000C0F3C40011430143014841607047000044
:101CF0002C0900204FF478414FF4FC6201EA1021D6
:101D000002EA5012C0F3C4001143014301480160CC
:101D1000704700002C0900202DE9F0411E4CDFF82F
:101D20007C804FF000426072C8F8182000254FF404
:101D3000A076F02730B1022809D001280CD0032862
:101D400015D01EE0362000F069FE702008E0362035
:101D500000F064FE00200EE0362000F05FFEA020C0
:101D600000F090FEA573E5736681A78109E0362037
:101D700000F054FEC02000F085FEA573E573678176
:101D8000A6810748006881680906FCD44FF4004129
:101D9000C8F81810BDE8F0812C09002000000240AE
:101DA000D40000200C494860808814280FD005DC3E
:101DB0000C280AD0102807D1084804E0182808D0B9
:101DC000202801D10648086070470648FBE706480E
:101DD000F9E70648F7E700007800002060000020DF
:101DE0003C0000206C00002054000020480000202F
:101DF00001490872704700002C0900202DE9F05FAE
:101E000000242548FFF7CEFF0020FFF773FFDFF81F
:101E10009090DFF888B0214D214E224FDFF8888066
:101E2000DFF888A009F17F090BF17F0B082C0AD29B
:101E3000DFE804F004062426282A2C2E284600E099
:101E40003046FFF745FFFFF737FA19A246210D206C
:101E5000FFF7AAFB1AA26A210D20FFF7A5FB1DA21E
:101E60008E210D20FFF7A0FB4FF47A70FEF768FC7F
:101E7000641CE4B2082CD9D3BDE8F09F3846E0E7F3
:101E80004046DEE74846DCE75046DAE75846D8E702
:101E90006FF07F40D5E70000240000208080FF0025
:101EA00080FF8000FF80800080FFFF00A3A3A300CD
:101EB00053544D333220CBA2C6C1B2E2CAD4000083
:101EC000C6C1C4BBB7D6B1E6C2CA3A3234302A332F
:101ED00032300000BFD8D6C6C6F73A535437373829
:101EE0003900000070B50020FFF7F2FEFFF7E4F9BB
:101EF0007948FFF757FF6FF07F40FFF7FBFE0021A7
:101F000076A20846FFF750FB00244FF47F0500BF80
:101F1000A5EB0440FFF7EEFE0A2214212046FFF74E
:101F2000A7FD641CA4B2F02CF2D300244FF47F452B
:101F3000A5EB0420FFF7DEFE0A2223212046FFF74F
:101F400097FD641CA4B2F02CF2D30024C4F1FF006E
:101F5000FFF7D0FE0A2232212046FFF789FD641CDC
:101F6000A4B2F02CF2D346245F48FFF7C3FE0A2345
:101F70005A224B219620FFF71FFE5CA2214600202B
:101F8000FFF7F4FA5C48FFF7B5FE0A235A225F21F7
:101F90009620FFF711FE59A25A210020FFF7E6FA1A
:101FA0005A48FFF7A7FE0A235A2273219620FFF70B
:101FB00003FE57A26E210020FFF7D8FA5848FFF71A
:101FC00099FE0A235A2287219620FFF7F5FD55A294
:101FD00082210020FFF7CAFA47487F38FFF78AFEC0
:101FE0009B210A235A229620FFF7E6FD962150A254
:101FF0000020FFF7BBFA5148FFF77CFEAF210A2310
:102000005A229620FFF7D8FDAA214DA20020FFF703
:10201000ADFA48F28000FFF76DFEC3210A235A2271
:102020009620FFF7C9FDBE2148A20020FFF79EFAC7
:102030004FF08010FFF75EFED7210A235A22962028
:10204000FFF7BAFDD22144A20020FFF78FFA3B48E8
:10205000FF38FFF74FFEEB210A235A229620FFF7A5
:10206000ABFDE62140A20020FFF780FA4148FFF7D0
:1020700041FEFF210A235A229620FFF79DFDFA21F7
:102080003DA20020FFF772FA4FF40000FFF732FE86
:1020900040F213110A235A229620FFF78DFD4FF4C8
:1020A000877138A20020FFF761FA4FF40040FFF774
:1020B00021FE40F227110A235A229620FFF77CFDC9
:1020C0004FF4917132A20020FFF750FABDE8704042
:1020D0004FF4FA60FEF734BB18000020524742C8A4
:1020E000FDBBF9C9AB3A0000FFFF80004C494748EF
:1020F000545F4359414E0000FF80FF004C49474860
:10210000545F4D4147454E544100000080FFFF00A1
:102110004C494748545F59454C4C4F57000000000C
:10212000A3A3A3004C494748545F475245590000B8
:102130004C494748545F524544000000FF808000EE
:102140004C494748545F424C554500004441524B6E
:102150005F4359414E0000004441524B5F4D41479F
:10216000454E5441000000004441524B5F59454CDC
:102170004C4F5700404040004441524B5F4752454E
:10218000590000004441524B5F524544000000009A
:102190004441524B5F475245454E00002DE9F843FC
:1021A0002B4E2C4F2C4DDFF8B48000244FF47A795D
:1021B0000020FFF78DFDFFF77FF82948FFF7F2FDBC
:1021C0003046FFF797FD34B1012C09D0022C34D0F2
:1021D000032C0DD136E00220FFF79EFD21A203E083
:1021E0000020FFF799FD22A214210846FFF7DCF931
:1021F0003846FFF77FFD53231A46502113200095E0
:10220000FFF728FB1D48FFF7CDFD4046FFF772FDA5
:102210001BA25A218220FFF7C7F982211AA2084681
:10222000FFF7C2F90220FFF777FD4846FEF788FA6C
:10223000641C042CBCDBBDE8F8830320FFF76CFDB5
:1022400013A2D1E70120FFF767FD16A2CCE700003B
:10225000FBF9DFFF8DE5F6FF7AA00008A8D39DFF0C
:1022600024000020446972656374696F6E5F5600D4
:10227000446972656374696F6E5F480030000020C6
:10228000C2B9D0A1B0E00000BFC6BCBC00000000D5
:10229000446972656374696F6E5F565F466C6970FE
:1022A00000000000446972656374696F6E5F485F87
:1022B000466C69700000000010B50020FFF708FDB3
:1022C000FEF7FAFF6FF07F40FFF714FD00214FF497
:1022D000A073F0220846FFF709FC4FF47F00FFF7D8
:1022E00009FD1E2232218C20FFF71DFC4FF47F4098
:1022F000FFF700FD1E223221AA20FFF714FCFF2069
:10230000FFF7F8FC1E223221C820FFF70CFC3848EA
:10231000FFF7F0FC1A21402371220846FFF72AFB41
:1023200051236A2216212320FFF724FB64235D2218
:1023300014212D20FFF71EFB6C2345221021342091
:10234000FFF718FB6C232C2210213E20FFF712FB15
:102350002848FFF7CFFC1E22AA217820FFF748F972
:102360001422AA217820FFF743F92348FFF7C2FC83
:1023700028235A22AA217820FFF780F92823462211
:10238000AA217820FFF77AF91B487F30FFF7B2FCCB
:1023900032236422AA217820FFF770F93C236E22B1
:1023A000AA217820FFF76AF94FF40000FFF7A2FC9A
:1023B00032231A46FA211846FFF7FEFB8020FFF76A
:1023C00099FC32231A46FA216420FFF7F5FB0948ED
:1023D0007F38FFF78FFC32231A46FA219620FFF749
:1023E000EBFBBDE810404FF4FA60FEF7A9B900001E
:1023F00000FFFF00FFFF80008080FF0008B5002085
:10240000FFF766FCFEF758FF1848FFF773FC184803
:10241000532300901A4637211320FFF71BFA154863
:10242000FFF768FC1448532300901A4637218D208B
:10243000FFF710FA1148FFF75DFC11485323009095
:102440001A46AF211320FFF705FA0E48FFF752FC9A
:102450000D48532300901A46AF218D20FFF7FAF95B
:10246000BDE808404FF4FA60FEF76AB98DE5F6FF63
:102470007AA00008FBF9DFFF0BA40008A8D39DFF9A
:102480009CA700085387FFFF2DAB000870B5002004
:10249000FFF71EFCFEF710FF6FF07F442046FFF7AA
:1024A00029FC5648FFF70EFC002155A20846FFF70D
:1024B0005DF85748FFF706FC56A220210020FFF7E1
:1024C00055F85A48FFF7FEFB59A238210020FFF7C4
:1024D0004DF85E48FFF7F6FB5DA24C210020FFF7A8
:1024E00045F86348FFF7EEFB62A25C210020FFF78E
:1024F0003DF82012FFF7FEFB5D48FFF7E3FB68A203
:1025000068210020FFF732F85048FFF7DBFB6FA28D
:1025100074210020FFF72AF84448FFF7D3FB73A289
:1025200084210020FFF722F83948FFF7CBFB76A281
:1025300098210020FFF71AF83048FFF7C3FB78A274
:10254000B0210020FFF712F87948FFF72BFC7948FB
:10255000FFF7D0FB78A2D8210020FFF725F84FF431
:10256000FA652846FEF7ECF8FEF7A6FE7548FFF779
:1025700019FC7548FFF7BEFB74A20A210E20FFF775
:1025800013F87648FFF70EFC7548FFF7B3FB75A20A
:102590001E210E20FFF708F87648FFF703FC764867
:1025A000FFF7A8FB75A23C210E20FEF7FDFF604857
:1025B000FFF7F8FB7548FFF79DFB75A25A210E2027
:1025C000FEF7F2FF7648FFF7EDFB7648FFF792FB48
:1025D00075A282210E20FEF7E7FF5548FFF7E2FBC8
:1025E0002046FFF787FB74A2B4210E20FEF7DCFF24
:1025F0002846BDE87040FEF7A3B800003C0000206C
:102600002123242728292A2B2C2D2E303132330048
:10261000480000202123242728292A2B2C2D2E3066
:102620003132333435363738000000005400002092
:102630002123242728292A2B2C2D2E3031323334E4
:1026400035363738393A3B3C000000006000002046
:102650002123242728292A2B2C2D2E3031323334C4
:1026600035363738393A3B3C3D3E3F404142000029
:102670006C0000202123242728292A2B2C2D2E30E2
:102680003132333435363738393A3B3C3D3E3F40C2
:102690004142434445464748494A4B4C00000000EC
:1026A0002123262728292A2B2C2D2E303132333472
:1026B00035363738393A3B3C3D3E3F404142434452
:1026C00045464748494A4B4C000000002123262735
:1026D00028292A2B2C2D2E303132333435363738F9
:1026E000393A3B3C3D3E3F404142000021232627F2
:1026F00028292A2B2C2D2E303132333435363738D9
:10270000393A3B3C000000002123262728292A2BA8
:102710002C2D2E303132333435363738000000005E
:102720002123262728292A2B2C2D2E303132330025
:102730002400002000FFFF004153434949D7D6B78A
:10274000FBBCAF0000000020D1C68A00313231321C
:102750003AC2B9D0A1B0E0BFC6BCBC000C0000209A
:10276000A5E1C500313631363AC2B9D0A1B0E0BFDB
:10277000C6BCBC001800002049B5FF003230323022
:102780003AC2B9D0A1B0E0BFC6BCBC005D58FF00E2
:10279000323432343AC2B9D0A1B0E0BFC6BCBC00BA
:1027A00030000020B9B6FF00333233323AC2B9D01C
:1027B000A1B0E0BFC6BCBC00D6D0CEC4CFD4CABE88
:1027C000000000002DE9F05F4FF000082DED088BB0
:1027D000464647469FED599B9FED5A8B4046FFF773
:1027E00077FAFEF769FD5948FFF7DCFA5848FFF71A
:1027F00081FA58A20A210020FEF7D6FE57A228210E
:102800000020FEF7D1FEDFF85C914846FFF772FA30
:1028100055A250210020FEF7C7FE56A26E210020CF
:10282000FEF7C2FEDFF854A15046FFF763FA54A248
:1028300096210020FEF7B8FE53A2B4210020FEF737
:10284000B3FE0024CB469FED52AB9FED53BB4048F7
:10285000FFF750FA0120FFF7CBFA04EB840006EBF8
:10286000400204230A215020FEF762FE604200EB82
:10287000800007EB4002042328215020FEF758FE79
:102880005846FFF737FA0120FFF7B2FAC4EB0410FD
:1028900000EB800508EB4502082350218220FEF75B
:1028A00047FE0020FFF7A4FA06EB450208236E213D
:1028B0008220FEF73DFE5046FFF71CFA0120FFF78D
:1028C00097FA2046FDF7D8FD894649EC100B0546DE
:1028D00053EC1A2B51EC100BFDF75CFD53EC192B4C
:1028E000FDF7B1FC41EC100B032306229621642076
:1028F000FEF7FEFD49EC105B53EC1B2B51EC100B6B
:10290000FDF748FD53EC182BFDF79DFC41EC100B37
:1029100004230B22B4216420FEF7EAFD0F20FDF70B
:102920000FFF641CA4B2642C91D3BDEC088B40F65D
:10293000C410BDE8F05FFDF703BF00004AD8124D98
:10294000FB2109404ED1915C7E4893C024000020B9
:10295000FFFF8000D5FDCAFD3A000000B8BACAFDED
:102960003A00000080FFFF00CCEEB3E4BFD5B8F121
:102970003A000000CCEEB3E4303A00008080FF0063
:10298000D5FDD0A1CAFD3A00B8BAD0A1CAFD3A001F
:102990009A9999999999B93F7B14AE47E17A843F06
:1029A000F0B51C4A13681D684FF6BF7425401D60C2
:1029B00013681D6845F400651D6013681D6845F0C7
:1029C00040051D60144DE307AB61002309E000BF23
:1029D000176830F81360FE601668B768BF07FCD54B
:1029E0005B1C8B42F4D3106881680906FCD44FF459
:1029F0000041A961016821400160106801684FF23F
:102A0000FF73194001601068016841F040010160E6
:102A1000F0BD0000D4000020000002402DE9F0418C
:102A20000E4C0746206881680906FCD40C4E4FF412
:102A30000055002229463046FDF78CFF2068C7600C
:102A4000226890688007FCD590680006FCD429466F
:102A50003046BDE8F0410122FDF77CBFD4000020E4
:102A6000000C02400649020A0B68DA600A689368A3
:102A70009B07FCD5D060086881688907FCD5704742
:102A8000D400002003490A68D0600868816889077B
:102A9000FCD57047D400002030B587B014216846BB
:102AA000FDF7C6FB0D480024016841F004010160F8
:102AB00000680B4D00F004000590224601212846D5
:102AC000FDF748FF01210091CDE901146946284630
:102AD0000394FDF747FE07B030BD000030380240D8
:102AE0000008024010B5124C10484FF400712060ED
:102AF0004FF4827060604FF40040A0600020E060FE
:102B00002061C4E90501E06120626062A062E062C8
:102B10002046FEF757FA2068016841F04001016045
:102B20002068016841F48041016010BD003C004014
:102B3000D4000020FEE7FEE77047000010B5FFF765
:102B4000D1FF0A20FDF7FCFD6D4C4FF00040A06165
:102B50003620FFF763FF0020FFF794FF3A20FFF7CE
:102B60005DFF0520FFF78EFFB220FFF757FF0C2017
:102B7000FFF788FF0C20FFF785FF0020FFF782FF9B
:102B80003320FFF77FFF3320FFF77CFFB720FFF7ED
:102B900045FF3520FFF776FFBB20FFF73FFF1920E9
:102BA000FFF770FFC020FFF739FF2C20FFF76AFF07
:102BB000C220FFF733FF0120FFF764FFC320FFF7B8
:102BC0002DFF1220FFF75EFFC420FFF727FF202014
:102BD000FFF758FFC620FFF721FF0F20FFF752FF36
:102BE000D020FFF71BFFA420FFF74CFFA120FFF729
:102BF00049FFE020FFF712FFD020FFF743FF04203A
:102C0000FFF740FF0D20FFF73DFF1120FFF73AFFD0
:102C10001320FFF737FF2B20FFF734FF3F20FFF78C
:102C200031FF5420FFF72EFF4C20FFF72BFF182019
:102C3000FFF728FF0D20FFF725FF0B20FFF722FFEE
:102C40001F20FFF71FFF2320FFF71CFFE120FFF7E6
:102C5000E5FED020FFF716FF0420FFF713FF0C203E
:102C6000FFF710FF1120FFF70DFF1320FFF70AFFFA
:102C70002C20FFF707FF3F20FFF704FF4420FFF75A
:102C800001FF5120FFF7FEFE2F20FFF7FBFE1F2064
:102C9000FFF7F8FE1F20FFF7F5FE2020FFF7F2FEFA
:102CA0002320FFF7EFFE2120FFF7B8FE1120FFF7EA
:102CB000B5FE7820FDF744FD2920FFF7AFFE11484F
:102CC000006881680906FCD44FF40040A06102202E
:102CD000FFF722F80020FEF7FBFF6FF07F40FFF7C1
:102CE00009F8FEF7E9FA094907480122086008498E
:102CF00000200872BDE8104011030648FDF72ABE07
:102D000000000240D400002048000020780000208D
:102D10002C090020000C02407047FDF727BE000080
:102D200030B593B030216846FDF782FA14210CA823
:102D3000FDF77EFA1E480025016841F080510160D0
:102D4000006800F0805011901A48016841F48041F9
:102D500001600068022400F480401190012000907E
:102D6000000401908001CDE90640082008904FF44E
:102D7000A870CDE9090404200B906846FDF76CFFAC
:102D800008B172B6FEE70CA90F2081E831004FF4BC
:102D9000A0500F904FF48050109005210CA8FDF723
:102DA00071FE002801D072B6FEE713B030BD0000FE
:102DB00040380240007000400248016841F4700150
:102DC0000160704788ED00E070B504460068016955
:102DD000E26821F44051114301612169A068E26970
:102DE00008436169114308432168CA6849F20C63CA
:102DF0009A430243CA6020684169A26921F4407184
:102E00001143416131492068884202D030498842EB
:102E100002D1FDF7E1FE01E0FDF7CEFEE2690023FD
:102E2000192164253226B2F5004F626828D0A0FB34
:102E30000101930F9200FDF7C3F90146B0FBF5F0D5
:102E40006FF01802504301EB800006EB0010B0FB5E
:102E5000F5F000F0F002B1FBF5F002EB0012B1FB6F
:102E6000F5F06FF01803584301EB800006EB0010FB
:102E7000B0FBF5F000F00F0021681044886070BDD1
:102E8000A0FB010192185B41FDF79AF90146B0FBE6
:102E9000F5F00201B1FBF5F06FF01803584301EBB8
:102EA000800006EBC000B0FBF5F000F0F80002EB8C
:102EB0004002B1FBF5F0584301EB800006EBC00087
:102EC000B0FBF5F000F00700D6E70000001001406D
:102ED000001401400848074901604FF4E1314160A6
:102EE000002181600822C160C0E904128161C161D2
:102EF000FEF76AB90010014090000020FEE70000D4
:102F00000FB4084B10B504A902AA039800F0EEF81C
:102F1000044602A9002000F080FC204610BC5DF8A9
:102F200014FB00001B3800080907090E002804DB09
:102F300000F1E02080F80014704700F00F0000F16D
:102F4000E02080F8141D704702E008C8121F08C175
:102F5000002AFAD170477047002001E001C1121F1A
:102F6000002AFBD1704700002DE9FF5F82B00021ED
:102F7000DDE90430020DDDF840B0034318D044F61B
:102F80001050A2F2FF3242431514119801281FD0AD
:102F9000A5EB0B00401C5FEA000A4FF000064E4F05
:102FA000DFF83891B046504615D5CAF1000413E059
:102FB000119801244AA3012801D16FEA0B0102985C
:102FC000119AC0E90031C0E9024206B0BDE8F09FA5
:102FD000CBF10000DFE704460021404A491842EBEC
:102FE0000450CDE9001012E0E00707D032463B461E
:102FF00040464946FDF7CEF98046894632463B4673
:1030000010461946FDF7C6F906460F466410002C17
:10301000EAD1DDE90401DDE90023BAF1000F06DAA7
:10302000FDF7B8F942464B46FDF7B4F905E0FDF768
:10303000D4FA42464B46FDF7D0FA04460E4600222B
:10304000284BFDF751FB03D84FF0FF30014607E056
:103050000022254B20463146FDF7F5F8FDF72CFB05
:10306000102409E0002C0ADB0A220023FDF7A8F84F
:10307000039B30321A55641E50EA0102F2D1641CDF
:10308000039AC4F111031444119A012A03D00122B6
:1030900008430DD10AE0084304D000204FF0110B83
:1030A000119072E7A3EB0B056D1E0DE05B4504DD8F
:1030B0004FF0000205F1010504E003DA4FF00002D1
:1030C000A5F10105002AECD002981199C0E902315E
:1030D000C0E9004579E70000000014400000F03F1F
:1030E000300000000000F0430000E03F2DE9FF4FFA
:1030F00095B09B468946064600250FE2252877D1E4
:1031000000242746F84A0121059400E0044316F8FC
:10311000013F203B01FA03F01042F7D130782A2812
:1031200011D06FF02F033078A0F13002092A16D8A1
:10313000059A44F0020402EB820203EB42021044BF
:10314000761C0590EFE759F8042B0592002A03DA64
:10315000504244F40054059044F00204761C307848
:103160002E2816D116F8010F44F004042A280DD099
:103170006FF02F023078A0F13003092B09D807EB4C
:10318000870302EB4303C718761CF3E759F8047B67
:10319000761C30786C280FD006DC4C2817D06828B5
:1031A0000DD06A2814D104E0742810D07A280FD1E9
:1031B0000DE044F400140AE044F4801401E044F407
:1031C00040147278824202D104F58014761C761C79
:1031D000307866280BD013DC582877D009DC00281B
:1031E00075D04528F6D04628F4D047281AD19DE15D
:1031F00018E0632835D0642879D0652812D195E18C
:10320000702873D008DC6728F1D069286FD06E2849
:103210000DD06F2806D1B5E073282CD0752875D055
:10322000782874D05A46179990476D1C75E1C4F3FD
:103230000250022809D003280DD0D9F80010042824
:103240000DD00D6009F1040967E1D9F80010EA1703
:10325000C1E90052F6E7D9F800100D80F2E70D70D1
:10326000F0E719F8041B8DF8001000208DF801001C
:10327000EA46012003E059F804AB4FF0FF30610744
:103280004FF0000102D40DE008F101018846B94277
:103290000FDA8045F8DB1AF808100029F4D108E0AD
:1032A00008F1010188468142FADB1AF8081000296A
:1032B000F6D105985B46A0EB080721463846179AD9
:1032C00000F094FA284400EB080507E04DE029E1FE
:1032D0000DE01AF8010B5A4617999047B8F101080A
:1032E000F7D25B4621463846179A13E142E00A229C
:1032F0000092C4F302524FF0000A022A08D059F893
:1033000004CB032A4FEAEC710AD00DE029E02AE051
:1033100009F1070121F00702F2E802C1914609E034
:103320000FFA8CFC4FEAEC71042A03D14FFA8CFCA3
:103330004FEAEC71002907DA0A460021DCF1000CA3
:1033400061EB02012D2202E0220504D52B228DF82B
:103350000420012203E0E20701D02022F7E7904693
:1033600059E00A2102E010220DE010214FF0000A7E
:1033700000910BE010224FF0000A44F004040827EB
:10338000009203E008224FF0000A0092C4F30252B8
:10339000022A05D059F804CB0021032A08D009E0FD
:1033A00009F1070121F00702F2E802C1914605E0A8
:1033B0001FFA8CFC042A01D10CF0FF0C4FF000081E
:1033C000220728D5702806D0009B83F0100353EA0B
:1033D0000A0305D00EE040228DF80420012208E007
:1033E0005CEA010206D030228DF804208DF8050039
:1033F00002229046009B83F0080353EA0A030AD195
:103400005CEA010201D1620705D530228DF8042063
:103410004FF001087F1E582804D034A003900EA856
:1034200002900DE036A0F9E753466046009AFCF79B
:10343000C7FE84460398825C0298401E0290027088
:103440005CEA0100F0D1029806A9081A00F1200AEE
:10345000600702D524F4803400E00127574502DDDF
:10346000A7EB0A0000E0002000EB0A01009005989D
:103470004144401A0590E00306D45B462146179A62
:10348000059800F0B3F90544002706E001A85A4664
:10349000C05D179990476D1C7F1C4745F6DBE00324
:1034A0000CD55B462146179A059800F09FF9054414
:1034B00004E030205A46179990476D1C0099481E29
:1034C00000900029F5DC08E0029802995A4600783D
:1034D000491C0291179990476D1CBAF10001AAF19D
:1034E000010AF1DC65E100000928010030313233C6
:1034F0003435363738396162636465660000000030
:103500003031323334353637383941424344454619
:103510000000000000F058F90544761C30780028BF
:103520007FF4ECAD19B02846BDE8F08F620700D4F7
:10353000062709F1070222F0070CFCE80223E14606
:1035400003F000485FEA080C02D00FF2702C0DE087
:103550005FEA045C02D50FF2682C07E05FEAC47CE6
:1035600002D00FF2602C01E0AFF2700C4FF0FF3888
:1035700023F00043CDF850C065280CD006DC452868
:1035800009D046281DD047283DD13DE0662818D0F7
:1035900067287ED138E00021112F01DB112000E0E7
:1035A000781CCDE9000106A90EA8FFF7DDFCDDE9D6
:1035B0000F010E9A03910021009207F1010A049174
:1035C0004DE04FF000400097CDE9011006A90EA88C
:1035D000FFF7CAFCDDE90F0203920E9B119900224E
:1035E000DDF80CA00093049211B9791C00EB010ADC
:1035F000B7EB0A0004D4C0F1FF3007F1010A0490D0
:10360000AAEB0700019044E0012F00DA0127002116
:10361000112F01DD112000E03846CDE9000106A997
:103620000EA8FFF7A1FCDDE90F010E9A039100211E
:1036300004910092BA4621070CD40399514500DA4F
:103640008A46BAF1010F05DD009AAAF10101515C29
:10365000302908D0B84202DA10F1040F06DA01214D
:10366000CDE9011015E0AAF10101E9E7002805DC28
:10367000049901440491AAEB000102E0411C514568
:1036800000DD8A460499401A401C01904FF000402A
:103690000290200704D40198504501DBCDF8048046
:1036A00000208DF84F0002980DF14F07B0F1004F48
:1036B00025D02B200E9002984FF0020800280CDA3B
:1036C000404202902D200E9007E00A210298FCF75C
:1036D000E0FE3031029007F8011DB8F10001A8F1B9
:1036E0000108F2DC02980028EFD1791E0E980870CC
:1036F000307800F0200040F0450007F8020D12A8D5
:10370000C01B00F107081498007800B1012000EBFD
:103710000A01019801EBE07105984144401A401EEE
:103720000590E00306D45B462146179A059800F001
:103730005DF805441498007818B15A4617999047D7
:103740006D1CE00324D55B462146179A059800F0CE
:103750004DF805441CE00498002807DBDDE903016F
:10376000884203DD0098405C179901E017993020EA
:103770005A469047049805F10105401C04900198B1
:10378000401E019004D12E205A46179990476D1C77
:10379000BAF10001AAF1010ADDDC05E017F8010B1E
:1037A0005A46179990476D1CB8F10001A8F101081D
:1037B000F4DC5B462146179A0598ABE62D00000025
:1037C0002B000000200000002DE9F04104460025F8
:1037D0001E461746880404D405E039462020B04729
:1037E0006D1C641EF9D52846BDE8F0812DE9F04135
:1037F000044600251E469046C80301D5302700E048
:103800002027880404D505E041463846B0476D1CA2
:10381000641EF9D52846BDE8F0810A68531C0B6088
:1038200010707047FDF7AAF8FFF77AFAFFF734F93E
:10383000FFF750FBFFF782F9FEF7E0FAFEF726FEEE
:10384000FEF7C0FFFEF74EFBFEF736FDFEF7D6FD96
:10385000FEF7A4FCF0E74000FE079200FE0792048A
:10386000FE0702008A04BA028A01AA041907C2B933
:103870002000000000000000000000000000000028
:103880000000000000002000200020002000240193
:103890002402220222042104200020003800D0A1AA
:1038A00020000000000000000000000000000000F8
:1038B0000000000000002000A70722012A012A01C1
:1038C0002F01AA072601220116011301C807B0E043
:1038D00020000000000000000000000000000000C8
:1038E00000000000000008012701440104013F011D
:1038F00044010E011607E501040104010401BFC6DD
:103900002000000000000000000000000000000097
:1039100000000000000084008400F4078F00840091
:10392000F4032C0227024401840044013606BCBC87
:103930002000000000000000000000000000000067
:103940000000000000000000000000000000000077
:103950000000000000000000000000000000000067
:103960000000000000000000000000000000000057
:103970000000000000000000000000000000000047
:103980000000000000000000000000000000000037
:103990000000000000000000000000000000000027
:1039A0000000000000000000000000000000000017
:1039B0000000000000000000000000000000000007
:1039C00000000000000000000000000000000000F7
:1039D00000000000000000000000000000000000E7
:1039E00000000000000000000000000000000000D7
:1039F00000000000000000000000000000000000C7
:103A000000000000000000000000000000000000B6
:103A100000000000000000000000000000000000A6
:103A20000000000000000000000000000000000096
:103A300000000000000080000001FC7F44044404FA
:103A4000FC3F44244424FC3F14021422F41A1206BE
:103A50001222D122303CC2B9200000000000000038
:103A60000000000000000000000000000000000056
:103A700000000000000080008000800080008000C6
:103A800088088810882084208440824081408000FB
:103A90008000A0004000D0A1200000000000000035
:103AA0000000000000000000000000000000000016
:103AB000000000000000000100011F7D44114411BE
:103AC000441144115F7D4411241104119C1087108E
:103AD000427C20001000B0E0200000000000000048
:103AE00000000000000000000000000000000000D6
:103AF0000000000000001008B8080F0908090808B5
:103B0000BF0808091C092C080A78CA0F0908080808
:103B1000080808080808BFC62000000000000000D0
:103B20000000000000000000000000000000000095
:103B3000000000000000080408040804C87F3F04D7
:103B400008040804A83F18210C110B12080A0804E5
:103B5000080A8A116460BCBC20000000000000005C
:103B60000000000000000000000000000000000055
:103B70000000000000000000000000000000000045
:103B80000000000000000000000000000000000035
:103B90000000000000000000000000000000000025
:103BA0000000000000000000000000000000000015
:103BB0000000000000000000000000000000000005
:103BC00000000000000000000000000000000000F5
:103BD00000000000000000000000000000000000E5
:103BE00000000000000000000000000000000000D5
:103BF00000000000000000000000000000000000C5
:103C000000000000000000000000000000000000B4
:103C100000000000000000000000000000000000A4
:103C20000000000000000000000000000000000094
:103C30000000000000000000000000000000000084
:103C40000000000000000000000000000000000074
:103C50000000000000000000000000000000000064
:103C60000000000000000000000000000000000054
:103C70000000000000000000000000000000000044
:103C80000000000000000000000000000000000034
:103C90000000000000000000000000000000000024
:103CA0000000000000000000000000000000000014
:103CB000000000000000000000000400000C00F8FC
:103CC000EE03081100081100F8FF010811010811A6
:103CD00001F8F701080801C81001489001C87300F5
:103CE000481002481402441302C4F003020000000A
:103CF0000000C2B920000000000000000000000029
:103D000000000000000000000000000000000000B3
:103D100000000000000000000000000000000000A3
:103D20000000000000000000000000000000000093
:103D3000000004000004000004000004000004006F
:103D400040040060240020C4002084011004030803
:103D50000403080402040402000400000400000438
:103D600000800700000200000000D0A12000000039
:103D70000000000000000000000000000000000043
:103D80000000000000000000000000000000000033
:103D90000000000000000000000000000000000023
:103DA000000000000000000000000400EC0400100F
:103DB000BC03104400104400104400104500FC45B2
:103DC0000010E503904400104400104400D042006D
:103DD0003042000E410082F8074000003000000031
:103DE0000000B0E020000000000000000000000023
:103DF00000000000000000000000000000000000C3
:103E000000000000000000000000000000000000B2
:103E100000000000000000000000000000000000A2
:103E200000008000C081003C8000208800209000BD
:103E3000209000FC8100208000608800B09000305D
:103E4000810728F90024870022800020800020803C
:103E500000208000208000000000BFC6200000007D
:103E60000000000000000000000000000000000052
:103E70000000000000000000000000000000000042
:103E80000000000000000000000000000000000032
:103E90000000000000000000001010003020002092
:103EA0002000202000FCFF032020002020002020F4
:103EB00000E0F80138040126840020880020480032
:103EC0002070002030002048003C86039001020052
:103ED0000000BCBC2000000000000000000000004A
:103EE00000000000000000000000000000000000D2
:103EF00000000000000000000000000000000000C2
:103F000000000000000000000000000000000000B1
:103F100000000000000000000000000000FCFF03A3
:103F2000000000000000000000000000F8FF010099
:103F30000000000000000000000000000000FEFF84
:103F400007000000000000000000C8FD2000000085
:103F50000000000000000000000000000000000061
:103F60000000000000000000000000000000000051
:103F70000000000000000000000000000000000041
:103F80000000000000000000000000000000000031
:103F90000000000000102000FEFF01102000F03F94
:103FA00000102000F03F00102000FFFF0310210050
:103FB000FCFF00030103FEFF010000000000000001
:103FC0000000BBF92000000000000000000000001D
:103FD00000000000000000000000000000000000E1
:103FE00000000000000000000000000000000000D1
:103FF00000000000000000000000000000000000C1
:104000000000000000000000000000000040000070
:10401000F01F00181800040C00FFFF0004820004C9
:104020008200FCFF00048000040000040002F8FF8E
:1040300001000000000000000000C9AB20000000EB
:104040000000000000000000000000000000000070
:104050000000000000000000000000000000000060
:104060000000000000000000000000000000000050
:104070000000000000000000000000000000000040
:104080000000000000000000000000000000000030
:104090000000000000000000000000000000000020
:1040A0000000000000000000000000000000000010
:1040B0000000000000000000000000000000000000
:1040C00000000000000000000000000000000000F0
:1040D00000000000000000000000000000000000E0
:1040E00000000000000000000000000000000000D0
:1040F00000000000000000000000000000000000C0
:1041000000000000000000000000000000000000AF
:10411000000000000000000000000000000000009F
:10412000000000000000000000000000000000008F
:10413000000000000000000000000000000000007F
:10414000000000000000000000000000000000006F
:10415000000000000000000000000000000000005F
:10416000000000000000000000001000003010F00F
:10417000FF3F104200104200104200F0FF1F1042AB
:1041800008104208104208F0FF0F10200890C000ED
:1041900090410890410E904F0398C10088411088CB
:1041A000491084473084C13F020000000000C2B9BA
:1041B00020000000000000000000000000000000DF
:1041C00000000000000000000000000000000000EF
:1041D00000000000000000000000000000000000DF
:1041E00000000000000000000000000000000000CF
:1041F00000000000000000000000000000180000A7
:104200001800001000001000001000001000809046
:1042100000801101C0100240100460101C30101802
:1042200010103008103004102000100000100000A2
:104230001000001900001E00000C00000000D0A1BA
:10424000200000000000000000000000000000004E
:10425000000000000000000000000000000000005E
:10426000000000000000000000000000000000004E
:10427000000000000000000000000000000000003E
:10428000000000000000000000001000003000FEF0
:10429000D13F201002201002201002201002201412
:1042A00002FC150220140220D63F20120220120226
:1042B000201002A009026008021C08020604020085
:1042C000020200F13FC00000200000000000B0E04A
:1042D00020000000000000000000000000000000BE
:1042E00000000000000000000000000000000000CE
:1042F00000000000000000000000000000000000BE
:1043000000000000000000000000000000000000AD
:1043100000000000000000000000000400070CF88E
:104320000004C00004C06004C0C004C00004FE0754
:1043300004C00004C02004E06004E04304F046240C
:10434000D04474C8800FC87804C40404C20004C0F8
:104350000004C00004C00004C00004400004BFC644
:10436000200000000000000000000000000000002D
:10437000000000000000000000000000000000003D
:10438000000000000000000000000000000000002D
:10439000000000000000000000000000000000001D
:1043A000000000000000000000208000608001602C
:1043B0008000608000608000FEFF3F6080006080C1
:1043C00000608000608200E0FD1F7010086E100C1D
:1043D0006420046020066040026040036080016049
:1043E000400364300E780C7C200310000000BCBC3D
:1043F000200000000000000000000000000000009D
:1044000000000000000000000000000000000000AC
:10441000000000000000000000000000000000009C
:10442000000000000000000000000000000000008C
:10443000000000000000000000000000000000007C
:1044400000000000C0F8FFC018C0CC18C0CCF8FFB6
:10445000CC18C0CC180CCC180CCCD8FFCCD8CCCCF9
:10446000D8CCCCD8CCCCCCCCC0CCCCC004FCC006F6
:104470000C7E000000000000000000000000CBA245
:10448000200000000000000000000000000000000C
:10449000000000000000000000000000000000001C
:1044A000000000000000000000000000000000000C
:1044B00000000000000000000000000000000000FC
:1044C00000000000000000000000000000000000EC
:1044D0000000000000F8FF7F180060180060F8FF7F
:1044E0007F180666180C06180803D8FF7F180C06FC
:1044F000180C06F8FFFF0C0C060C0C06040606064A
:104500000306030106000000000000000000C6C111
:10451000200000000000000000000000000000007B
:10452000000000000000000000000000000000008B
:10453000000000000000000000000000000000007B
:10454000000000000000000000000000000000006B
:10455000000000000000000000000000000000005B
:1045600000000200C084FFCC9CC1CC88C1CC80D9A3
:10457000CC83D9CC8ED9CC98D9CC80D9CC80D9CC8D
:1045800088D9CC98CDCC0C0CCC0C36C00C63C0C6F2
:10459000C1C074807D000000000000000000B2E295
:1045A00020000000000000000000000000000000EB
:1045B00000000000000000000000000000000000FB
:1045C00000000000000000000000000000000000EB
:1045D00000000000000000000000000000000000DB
:1045E00000000000000000000000000000000000CB
:1045F000000002001B0C007318004338000380FF0A
:10460000FF0000031F000318000398FF031818029F
:10461000181806981806D8188678188C38F88D9CC3
:104620000F980800F0000000000000000000CAD44D
:10463000200000000000000000000000000000005A
:10464000000000000000000000000000000000006A
:10465000000000000000000000000000000000005A
:10466000000000000000000000000000000000004A
:10467000000000000000000000000000000000003A
:104680000000008301FEFFFF008301F0FF3F3000C8
:1046900030F0FF3F300030F0FF3F300C30000600BC
:1046A000FEFFFFC0300CF8FF7F6730986030186065
:1046B000301F003000000000000000000000C4BBFC
:1046C00020000000000000000000000000000000CA
:1046D00000000000000000000000000000000000DA
:1046E00000000000000000000000000000000000CA
:1046F00000000000000000000000000000000000BA
:1047000000000000000000000000000000000000A9
:10471000000000630080C100C08001600003300021
:104720000618001C0E00700200C0F8FF0F00030EF8
:1047300000030E800106800106C0000660000738F5
:10474000FC030E0000000000000000000000B7D6CF
:104750002000000000000000000000000000000039
:104760000000000000000000000000000000000049
:104770000000000000000000000000000000000039
:104780000000000000000000000000000000000029
:104790000000000000000000000000000000001801
:1047A000600C306018306010FEE1FF00600082EDA8
:1047B000C1C46C636C6C36FE65FF306618306618D9
:1047C000306018FEB1FF3030183818181C1C180E55
:1047D0000E18020218000000000000000000B1E600
:1047E00020000000000000000000000000000000A9
:1047F00000000000000000000000000000000000B9
:1048000000000000000000000000000000000000A8
:104810000000000000000000000000000000000098
:104820000000000000000000000000000000000088
:104830000000003800007000FFFFFF003800064E47
:10484000608C6338D03F08001C00202604F8C31C8D
:10485000CFFFF1023041003000FFFFFF00300000C9
:104860003000003000000000000000000000C2CA5C
:104870002000000000000000000000000000000018
:104880000000000000000000000000000000000028
:104890000000000000000000000000000000000018
:1048A0000000000000000000000000000000000008
:1048B00000000000000000000000000000000030C8
:1048C000800030800130000330FEFFFE06C03086DD
:1048D000C4304018303030301860F00FC03EF87FE0
:1048E0003000033000033000033000033000033099
:1048F000FFFF1E0000000000000000000000BFD805
:104900002000000000000000000000000000000087
:104910000000000000000000000000000000000097
:104920000000000000000000000000000000000087
:104930000000000000000000000000000000000077
:104940000000000000000000000000000000000067
:1049500000008001609801608C0163FC3F63860168
:1049600063820163FFFF63800163800163FC7F63F7
:104970008C61638C61638C61608C61608C3D608054
:10498000013F000000000000000000000000D6C64B
:1049900020000000000000000000000000000000F7
:1049A0000000000000000000000000000000000007
:1049B00000000000000000000000000000000000F7
:1049C00000000000000000000000000000000000E7
:1049D00000000000000000000000000000000000D7
:1049E0000000000000FCC77F0CC6600CC660FCC75E
:1049F0007F0CC660003006FEFFFF006E0000C7019E
:104A0000F0010F1F00F8FCC77F0CC6600CC660FCED
:104A1000C77F0CC660000000000000000000C6F761
:104A20002000000000000000000000000000000066
:104A30000000000000000000000000000000000076
:104A40000000000000000000000000000000000066
:104A50000000000000000000000000000000000056
:104A60000000000000000000000000000000000046
:104A70000800001800003000FEFFFF0600C006001E
:104A8000C0E0FF0F00000700800100E000003000E0
:104A9000FFFFFF00300000300000300000300080D9
:104AA0001F00000000000000000000000000D7D63A
:104AB00020000000000000000000000000000000D6
:104AC00000000000000000000000000000000000E6
:104AD00000000000000000000000000000000000D6
:104AE00000000000000000000000000000000000C6
:104AF0000000000000000000000000000000002096
:104B0000800130C000F8DFFFC8600684710C0239F4
:104B10000801100060000C70000CB8FFFF3C000C96
:104B200036040C320C0C30180C30100C30000C30E9
:104B3000000C30E007000000000000000000B7FBA0
:104B40002000000000000000000000000000000045
:104B50000000000000000000000000000000000055
:104B60000000000000000000000000000000000045
:104B70000000000000000000000000000000000035
:104B80000000000000000000000000000000000025
:104B90000000C0300060E000F0FFFF386000F6FF6A
:104BA000FF336000F0FFFF306000F0FFFF300000D7
:104BB000003000003000FEFFFF00FE018031077072
:104BC00030380F30C0000000000000000000BCAF13
:104BD00020000000000000000000000000000000B5
:104BE00000000000000000000000000000000000C5
:104BF00000000000000000000000000000000000B5
:104C000000000000000000000000000000000000A4
:104C10000000000000000000000000000000000094
:104C20000000001800001800001800001800FCFF29
:104C30007F0C18600C18600C18600C18600C186061
:104C4000FCFF7F0C1860001800001800001800001E
:104C50001800001800000000000000000000D6D07E
:104C60002000000000000000000000000000000024
:104C70000000000000000000000000000000000034
:104C80000000000000000000000000000000000024
:104C90000000000000000000000000000000000014
:104CA0000000000000000000000000000000000004
:104CB0001C00003800006000FFFFFF60000C600077
:104CC0000CC00006C0000680010300830100C7007D
:104CD000006C0000380000EE00C0830778003C063E
:104CE00000E0000000000000000000000000CEC452
:104CF0002000000000000000000000000000000094
:104D000000000000000000000000000000000000A3
:104D10000000000000000000000000000000000093
:104D20000000000000000000000000000000000083
:104D30000000000000000000000000000000000073
:104D40000000000000F8FF3F180030180030F8FFA6
:104D50003F180030180030F8FF3F18003004C6201C
:104D600008C63018C63830C61820C60800C600FE6F
:104D7000FFFF000000000000000000000000CFD492
:104D80002000000000000000000000000000000003
:104D90000000000000000000000000000000000013
:104DA0000000000000000000000000000000000003
:104DB00000000000000000000000000000000000F3
:104DC00000000000000000000000000000000000E3
:104DD0000000000000FCFF7F000000000000000059
:104DE00000000000FFFFFF00300020300430300CD6
:104DF0003830181830300C30600630C00230800077
:104E00003000801F00000000000000000000CABE4B
:104E10002000000000000000000000000000000072
:104E20000000000000000000000000000000000082
:104E30000000000000000000000000000000000072
:104E40000000000000000000000000000000000062
:104E50000000000000000000000000000000000052
:104E60000000000000FEFFFF0030000030000030B6
:104E70000030300030300030300030F07F30300013
:104E8000303000303000303000303000303000FF43
:104E9000FFFF000000000000000000000000D5FD42
:104EA00020000000000000000000000000000000E2
:104EB00000000000000000000000000000000000F2
:104EC00000000000000000000000000000000000E2
:104ED00000000000000000000000000000000000D2
:104EE00000000000000000000000000000000000C2
:104EF0000000000300800100C0FF0760000338804D
:104F0000010C6000F4FF3F30003030303030303082
:104F100030303030303030303030F83000980300EE
:104F2000070EE001781E00C0000000000000B8BAC3
:104F30002000000000000000000000000000000051
:104F40000000000000000000000000000000000061
:104F50000000000000000000000000000000000051
:104F60000000000000000000000000000000000041
:104F70000000000000000000000000000000000031
:104F800000000030000030000030000030006030D1
:104F90000630300C30301C1830381830300C30608F
:104FA0000E30E00630C0023080003000003000C01B
:104FB0001F00000000000000000000000000D0A161
:104FC00020000000000000000000000000000000C1
:104FD00000000000000000000000000000000000D1
:104FE00000000000000000000000000000000000C1
:104FF00000000000000000000000000000000000B1
:1050000000000000000000000000000000000000A0
:105010000000C00003C60C01C48601C080FFFECFA3
:1050200060E0C060F8E360CCFE31C398313080317D
:10503000FF0F1B0C0C1B06060E3C070EE0031BE0CB
:10504000C3313C76E0071880000000000000CAFD74
:105050002000000000000000000000000000000030
:105060000000000000000000000000000000000040
:105070000000000000000000000000000000000030
:105080000000000000000000000000000000000020
:105090000000000000000000000000000000000010
:1050A000000030000330000330FEFF30000330000A
:1050B00003FFFD7F300C6030FC7F300C6030FC7FE4
:1050C000300C60B0FD7F780C6007FFFF00601C00B3
:1050D0001CF0800300000000000000000000CCEE87
:1050E00020000000000000000000000000000000A0
:1050F00000000000000000000000000000000000B0
:10510000000000000000000000000000000000009F
:10511000000000000000000000000000000000008F
:10512000000000000000000000000000000000007F
:105130000000000800001800003800FFFFFF000E0C
:1051400000808301C0000770000CFCFF3F00C320FB
:1051500000C30080C10080C1C0E0C0C038C0C0072B
:10516000807F000000000000000000000000B3E4A9
:10517000200000000000000000000000000000000F
:10518000000000000000000000000000000000001F
:10519000000000000000000000000000000000000F
:1051A00000000000000000000000000000000000FF
:1051B00000000000000000000000000000000000EF
:1051C0000000003800007000FEFFFF0600C00686E9
:1051D000C3C0011E3800700600C0000000F8FF3F89
:1051E000001800001800001800001800001800FE49
:1051F000FFFF000000000000000000000000BFD51D
:10520000200000000000000000000000000000007E
:10521000000000000000000000000000000000008E
:10522000000000000000000000000000000000007E
:10523000000000000000000000000000000000006E
:10524000000000000000000000000000000000005E
:10525000000030600030300030F07F307870FF5B4D
:105260003830CC0CF88007B8C10F3C7A78360EC0C5
:1052700033F87F31186030186030186030186030B3
:10528000F87F301860000000000000000000B8F156
:1052900020000000000000000000000000000000EE
:1052A00000000000000000000000000000000000FE
:1052B00000000000000000000000000000000000EE
:1052C00000000000000000000000000000000000DE
:1052D00000000000000000000000000000000000CE
:1052E00000000000000000000000000000000000BE
:1052F00000000000000000000000000000000000AE
:10530000000000000000000000000000000000009D
:10531000000000000000000000000000000000008D
:10532000000000000000000000000000000000007D
:10533000000000000000000000000000000000006D
:10534000000000000000000000000000000000005D
:10535000000000000000000000000000000000004D
:10536000000000000000000000000000000000003D
:10537000000000000000000000000000000000002D
:10538000000000000000000000000000000000001D
:10539000000000000000000000000000000000000D
:1053A00000000000000000000000000000000000FD
:1053B000000000000000008000000000030000006A
:1053C00003002000020CE0FFFF1F60300C00603083
:1053D0000C0060300C04E0FFFF0F60300C04603004
:1053E0000C0460300C0460300C04E0FFFF07600028
:1053F00000046000040060041C00600C0C046004E5
:105400000C0F60C48C0320FCED0020041C00300451
:105410000C0010040D0810C40C0808340C18081EE9
:105420001838040CF81F0200000000000000C2B988
:10543000200000000000000000000000000000004C
:10544000000000000000000000000000000000005C
:10545000000000000000000000000000000000004C
:10546000000000000000000000000000000000003C
:10547000000000000000000000000000000000002C
:10548000000000000000000000000000000000001C
:10549000000000000000000000000000000000000C
:1054A00000000000000000000000000000000000FC
:1054B0000000000000000080000000800700008065
:1054C00001000080010000800100008001000080D8
:1054D00001000080010000820100008E2100008692
:1054E0004100008781000083810180810103808168
:1054F0000106C080010E4080011C6080011C3080CC
:10550000011810800118088001100480010000803B
:1055100001000080010000800100008C010000F00B
:10552000010000E000000040000000000000D0A1E9
:10553000200000000000000000000000000000004B
:10554000000000000000000000000000000000005B
:10555000000000000000000000000000000000004B
:10556000000000000000000000000000000000003B
:10557000000000000000000000000000000000002B
:10558000000000000000000000000000000000001B
:10559000000000000000000000000000000000000B
:1055A00000000000000000000000000000000000FB
:1055B0000000000000000000010000000700000CD7
:1055C0000318FC1FFF3FC0008301C0008301C0001F
:1055D0008301C0008301C0008301C0008301C02497
:1055E0008301FC2F8301C0208309C020FF1FC0302E
:1055F0008301C0188101C0008101C0008101C090F9
:105600008101C08C8101C0838001F0C080013E40D7
:1056100080010C208001003080110008FE3F000650
:10562000000000010000C000000000000000B0E029
:10563000200000000000000000000000000000004A
:10564000000000000000000000000000000000005A
:10565000000000000000000000000000000000004A
:10566000000000000000000000000000000000003A
:10567000000000000000000000000000000000002A
:10568000000000000000000000000000000000001A
:10569000000000000000000000000000000000000A
:1056A00000000000000000000000000000000000FA
:1056B0000000000000000000000100300007003C76
:1056C0000003E00700031C030003000306030003BC
:1056D0000C03000318030003180300230003FC7FDE
:1056E0000003000300030003020380030603800F8E
:1056F0000C03C03B0803403300336023003F2023EA
:10570000F00310830F030863000304030003020384
:105710000003000300030003000300030003000371
:105720000003000300030001000100000000BFC6E9
:105730002000000000000000000000000000000049
:105740000000000000000000000000000000000059
:105750000000000000000000000000000000000049
:105760000000000000000000000000000000000039
:105770000000000000000000000000000000000029
:105780000000000000000000000000000000000019
:105790000000000000000000000000000000000009
:1057A00000000000000000000000000000000000F9
:1057B00000000000000080001000800370008001E5
:1057C00030008001300080013000800130008019FD
:1057D0003018FCFFFF3F8001300080013000800165
:1057E0003000800130008031300480CDFF0F800315
:1057F0000106F0010106BC0102038C0102038001D5
:105800008601800184018001CC0080016800800154
:105810007000800178008001EC008001C703F881EE
:10582000011FE071003E400C000000000000BCBC05
:105830002000000000000000000000000000000048
:105840000000000000000000000000000000000058
:105850000000000000000000000000000000000048
:105860000000000000000000000000000000000038
:105870000000000000000000000000000000000028
:105880000000000000000000000000000000000018
:105890000000000000000000000000000000000008
:1058A00000000000000000000000000000000000F8
:1058B00000000000000000000000000000000000E8
:1058C00000000000000000000000000000000000D8
:1058D00000000000000000000000000000000000C8
:1058E00000000000000000000000000000000000B8
:1058F00000000000000000000000000000000000A8
:105900000000000000000000000000000000000097
:105910000000000000000000000000000000000087
:105920000000000000000000000000000000000077
:105930000000000000000000000000000000000067
:105940000000000000000000000000000000000057
:105950000000000000000000000000000000000047
:105960000000000000000000000000000000000037
:105970000000000000000000000000000000000027
:105980000000000000000000000000000000000017
:105990000000000000000000000000000000000007
:1059A00000000000000000000000000000000000F7
:1059B00000000000000000000000000000000000E7
:1059C00000000000000000000000000000000000D7
:1059D00000000000000000000000000000000000C7
:1059E00000000000000000000000000000000000B7
:1059F00000000000000000000000000000000000A7
:105A00000000000000000000000000000000000096
:105A10000000000000000000000000000000000086
:105A20000000000000000000000000000000000076
:105A30000000000000000000000000000000000066
:105A40000000000000000000000000000000000056
:105A50000000000000000000000000000000000046
:105A60000000000000000000000000000000000036
:105A70000000000000000000000000000000000026
:105A80000000000000000000000000000000000016
:105A90000000000000000000000000000000000006
:105AA00000000000000000000000000000000000F6
:105AB00000000000000000000000000000000000E6
:105AC00000000000000000000000000000000000D6
:105AD00000000000000000000000000000000000C6
:105AE00000000000000000000000000000000000B6
:105AF00000000000000000000000000000000000A6
:105B00000000000000000000000000000000000095
:105B10000000000000000000000000000000000085
:105B20000000000000000000000000000000000075
:105B30000000000000000000000000000000000065
:105B40000000000000000000000000000000000055
:105B50000000000000000000000000000000000045
:105B60000000000000000000000000000000000035
:105B70000000000000000000000000000000000025
:105B80000000000000000000000000000000000015
:105B90000000000000000000000000000000000005
:105BA00000000000000000000000000000000000F5
:105BB00000000000000000000000000000000000E5
:105BC00000000000000000000000000000000000D5
:105BD00000000000000000000000000000000000C5
:105BE00000000000000000000000000000000000B5
:105BF00000000000000000000000000000000000A5
:105C00000000000000000000000000000000000094
:105C10000000000000000000000000000000000084
:105C20000000000000000000000000000000000074
:105C30000000000000000000000000000000000064
:105C40000000000000000000000000000000000054
:105C50000000000000000000000000000000000044
:105C60000000000000000000000000000000000034
:105C70000000000000000000000000000000000024
:105C80000000000000000000000000000000000014
:105C90000000000000000000000000000000000004
:105CA00000000000000000000000000000000000F4
:105CB00000000000000000000000000000000000E4
:105CC00000000000000000000000000000000000D4
:105CD00000000000000000000000000000000000C4
:105CE00000000000000000000000000000000000B4
:105CF00000000000000000000000000000000000A4
:105D00000000000000000000000000000000000093
:105D10000000000000000000000000000000000083
:105D20000000000000000000000000000000000073
:105D30000000000000000000000000000000000063
:105D40000000000000000000000000000000000053
:105D50000000000000000000000000000000000043
:105D60000000000000000000000000000000000033
:105D70000000000000000000000000000000000023
:105D80000000000000000000000000000000000013
:105D90000000000000000000000000000000000003
:105DA00000000000000000000000000000000000F3
:105DB00000000000000000000000000000000000E3
:105DC00000000000000000000000000000000000D3
:105DD00000000000000000000000000000000000C3
:105DE00000000000000000000000000000000000B3
:105DF00000000000000000000000C003C003C0035A
:105E0000C003C003C00380038001800180018001C2
:105E100080018001800180010000000000008001FD
:105E2000C003C0038001000000000000000000006B
:105E30000000C018E01CE01C700E300618038C0136
:105E400084000000000000000000000000000000CE
:105E50000000000000000000000000000000000042
:105E60000000000000000000000000000000000032
:105E70000000000000000000000020102010201092
:105E800020102010FE7FFE7FFE7F100810081008F3
:105E9000100810081008FE7FFE7FFE7F180C080413
:105EA00008040804080400000000000000000000CE
:105EB00000000000000080008000C003B00C9018BB
:105EC0009818981C981CB800B000F000E000C003BF
:105ED0008007800F800C801C80189C189C188C18E0
:105EE0008C0C9806E0038000800080000000000019
:105EF000000000000000000000001C08360822041A
:105F00006304630263026302630163012201B61C3E
:105F10009C3640224063406320632063106310631B
:105F200010220836081C00000000000000000000DD
:105F300000000000000000000000F00098008C014C
:105F40008C018C018C018C00CC005C0038001C3E64
:105F50003C08320873086304E304C30483038343E7
:105F600006678C3E781C0000000000000000000066
:105F700000001C003C003C003000300010000C0011
:105F8000060000000000000000000000000000000B
:105F90000000000000000000000000000000000001
:105FA00000000000000000000000000000000000F1
:105FB00000000040002000100018000C0004000643
:105FC0000002000300038001800180018001800144
:105FD00080018001800180010003000300020006AF
:105FE0000004000C00180010002000400000000019
:105FF00000000200040008001800300020006000CB
:106000004000C000C000800180018001800180014B
:106010008001800180018001C000C000C0006000DC
:1060200020003000180008000400020000000000FA
:10603000000000000000000000000000000000035D
:10604000800380030C631C713839600D800380036A
:10605000600D38391C718C6180038003800300005F
:106060000000000000000000000000000000000030
:106070000000000000000000000000000000000020
:106080000001000100010001000100010001FC7F8E
:1060900000010001000100010001000100010000F9
:1060A00000000000000000000000000000000000F0
:1060B00000000000000000000000000000000000E0
:1060C00000000000000000000000000000000000D0
:1060D00000000000000000000000000000001C00A4
:1060E0003C003C003000300010000C0006000000B6
:1060F00000000000000000000000000000000000A0
:106100000000000000000000000000000000FE7F12
:10611000000000000000000000000000000000007F
:10612000000000000000000000000000000000006F
:10613000000000000000000000000000000000005F
:10614000000000000000000000000000000000004F
:106150000000000000000000000000000000180027
:106160003C003C001800000000000000000000009F
:106170000000000000400060002000300010001807
:106180000008000C0004000600020003000180016A
:106190008000C000400060002000300010001800A7
:1061A00008000C00040006000200000000000000CF
:1061B00000000000000000000000C0036004300C7C
:1061C0001818181818100C300C300C300C300C301B
:1061D0000C300C300C300C300C301810181818180B
:1061E000300C6004C003000000000000000000004C
:1061F0000000000000000000000000018001F80124
:106200008001800180018001800180018001800186
:106210008001800180018001800180018001800176
:106220008001C003F81F0000000000000000000013
:1062300000000000000000000000E007101C08182B
:10624000043004300C300C30003000180018000C02
:10625000000600038001C00040002020102008201C
:106260000430FC1FFC1F00000000000000000000C4
:1062700000000000000000000000E00318060C0C05
:106280000C180C180C1800180018000C0006C0039D
:10629000000E00180010003000300C300C300C10D4
:1062A0000C18180CE00300000000000000000000C3
:1062B00000000000000000000000000600060007CB
:1062C00000078006800640062006200610061006FD
:1062D00008060C0604060206FE3F0006000600063D
:1062E00000060006C03F00000000000000000000A3
:1062F00000000000000000000000F03FF03F080038
:1063000008000800080008000800C807280C181832
:10631000081000300030003000300C300C30041811
:106320000418180CE003000000000000000000004A
:106330000000000000000000000080076018301816
:1063400010181800080008000C00CC076C0C1C1872
:106350001C100C300C300C300C300C301830181075
:106360003018700CC00700000000000000000000A2
:1063700000000000000000000000F83FF83F081097
:106380000C080408040400040002000200020001DA
:1063900000018000800080008000C000C000C000BC
:1063A000C000C000C00000000000000000000000AD
:1063B00000000000000000000000E007300C18188A
:1063C0000C300C300C301C301C107818F004E0033A
:1063D000180F0C1E0C1C063806300630063006302E
:1063E0000C18180CE0030000000000000000000082
:1063F00000000000000000000000E00318040C088A
:106400000C180610063006300630063006300E38FE
:106410000C341836F03100300018001800080C0C4D
:106420000C060C03F001000000000000000000005A
:10643000000000000000000000000000000000005C
:1064400000000000000000008001C003C0038001C4
:1064500000000000000000000000000000008001BB
:10646000C003C00380010000000000000000000025
:10647000000000000000000000000000000000001C
:1064800000000000000000000000C001C001C001C9
:1064900000000000000000000000000000000000FC
:1064A000C001C001C0018001C000C00000000000A8
:1064B00000000000000000000000002000100008A4
:1064C00000040002000180004000200010000800CD
:1064D00008001000200040008000000100020004BD
:1064E0000008001000200000000000000000000074
:1064F000000000000000000000000000000000009C
:106500000000000000000000FE7F0000000000000E
:1065100000000000FE7F00000000000000000000FE
:10652000000000000000000000000000000000006B
:10653000000000000000000000000400080010003F
:10654000200040008000000100020004000800104C
:10655000001000080004000200018000400020003C
:10656000100008000400000000000000000000000F
:1065700000000000000000000000C00730181830C4
:1065800008600C601C601C601C6000300018000E6D
:106590000003000100010001000100000000800173
:1065A000C003C003800100000000000000000000E4
:1065B00000000000000000000000C007600830106C
:1065C00018200C2B8C4D844CC64CC6446644664443
:1065D00066446646662666266417CC0C0C40082086
:1065E00018303018C0070000000000000000000054
:1065F00000000000000000000000C001C001C00158
:10660000C0012003200320032003300210061006DF
:1066100010061004F80F080C080C080C04180418D5
:10662000041806381F7C0000000000000000000075
:1066300000000000000000000000FE07181C1818F1
:10664000183018301830183018301818180CF8078F
:106650001818183018201860186018601860186032
:1066600018301818FE0F00000000000000000000A5
:1066700000000000000000000000C007603810307B
:1066800018600C400C400C000600060006000600D6
:10669000060006000600060006000C400C4008201C
:1066A00018103008C00700000000000000000000C3
:1066B00000000000000000000000FE03180E181883
:1066C00018101830183018601860186018601860BA
:1066D00018601860186018601820183018301818E2
:1066E00018181806FE03000000000000000000005B
:1066F00000000000000000000000FE3F18301820DD
:10670000184018401800180018081808180CF80F3E
:10671000180C18081808180018001800184018401D
:1067200018201830FE3F00000000000000000000AC
:1067300000000000000000000000FE3F1838182094
:10674000184018401800180018081808180CF80FFE
:10675000180C180818081808180018001800180055
:10676000180018007E00000000000000000000007B
:1067700000000000000000000000C003300C100802
:1067800018180C100C100400060006000600060085
:106790000600067E0618061804180C180C180818AF
:1067A00018183004E00300000000000000000000A2
:1067B000000000000000000000003FFC0C300C3026
:1067C0000C300C300C300C300C300C300C30FC3FEA
:1067D0000C300C300C300C300C300C300C300C30D9
:1067E0000C300C303FFC00000000000000000000F6
:1067F00000000000000000000000F81F8001800180
:106800008001800180018001800180018001800180
:106810008001800180018001800180018001800170
:1068200080018001F81F000000000000000000004F
:1068300000000000000000000000E07F00060006ED
:106840000006000600060006000600060006000618
:106850000006000600060006000600060006000608
:106860000006000600060E060E038E01FC00000066
:10687000000000000000000000007E3E180C18041C
:10688000180618021801180198009800D800B801DD
:10689000B8011803180318061806180C180C180C61
:1068A000181818187E7C000000000000000000008E
:1068B000000000000000000000007E00180018002A
:1068C0001800180018001800180018001800180008
:1068D0001800180018001800180018001840184078
:1068E00018201830FE3F00000000000000000000EB
:1068F000000000000000000000000FF01C381C38F1
:106900001C381C381C34343434343434343234328B
:1069100064326432643264314431C431C431C430CD
:10692000C43084308FFC0000000000000000000034
:10693000000000000000000000000FF81C201C20D8
:106940003420342064206420C420C4208421842185
:106950000423042304260426042C042C04380438BD
:10696000043004301F200000000000000000000080
:1069700000000000000000000000C003300C1818E8
:1069800008100C300C3006200660066006600660B9
:10699000066006600660066004600C300C3008106B
:1069A0001818300CC00300000000000000000000B8
:1069B00000000000000000000000FE0F1818183052
:1069C000186018601860186018601860183018187F
:1069D000F807180018001800180018001800180010
:1069E000180018007E0000000000000000000000F9
:1069F00000000000000000000000C003300C181868
:106A000008100C300C3006600660066006600660F8
:106A100006600660066006600660E4211C331C36D2
:106A2000181E300EC007004C003C0038000000006B
:106A300000000000000000000000FE07181C1818ED
:106A4000183018301830183018301818180CF8078B
:106A500018031803180618061806180C180C180C3A
:106A6000181818187E7800000000000000000000D0
:106A700000000000000000000000F013181E0C18B9
:106A800006180610061006000E003C00F800E00391
:106A9000800F001E0018003802300230063004302B
:106AA0000C181C0CE40700000000000000000000AF
:106AB00000000000000000000000FC3F8C21846109
:106AC000824182418001800180018001800180013A
:106AD00080018001800180018001800180018001AE
:106AE00080018001E00700000000000000000000BD
:106AF000000000000000000000003F7C0C100C10A3
:106B00000C100C100C100C100C100C100C100C10A5
:106B10000C100C100C100C100C100C100C100C1095
:106B200018083804E0030000000000000000000026
:106B3000000000000000000000003E78183018102F
:106B4000181018103008300830083008300460047D
:106B5000600460046002C002C002C002C001800183
:106B600080018000800000000000000000000000A4
:106B700000000000000000000000CFF386618621C5
:106B8000842104210C238C238C238C138C138813D5
:106B9000481258165816580E380E300E300E300C5B
:106BA0003004100410040000000000000000000089
:106BB000000000000000000000003E7C18101808D3
:106BC0003008300460046002C002C001800180010E
:106BD00080018003400340062006200E100C100C9C
:106BE000181808383E7C000000000000000000007B
:106BF000000000000000000000007E7C1C10181047
:106C0000180830083008300460046004C002C00274
:106C1000C00180018001800180018001800180012C
:106C200080018001E007000000000000000000007B
:106C300000000000000000000000F87F383018302D
:106C40000C180418000C0006000600030003800165
:106C50008001C000C0006000600030001840186073
:106C60000C200C38FE3F0000000000000000000077
:106C700000000000C03FC000C000C000C000C00055
:106C8000C000C000C000C000C000C000C000C00004
:106C9000C000C000C000C000C000C000C000C000F4
:106CA000C000C000C000C000C03F000000000000E5
:106CB0000000000000000000180018001000300064
:106CC0002000600060004000C00080008001800162
:106CD00000010003000200060006000C000C000C7E
:106CE0000018001800300030003000600000000084
:106CF00000000000FC030003000300030003000386
:106D0000000300030003000300030003000300036B
:106D1000000300030003000300030003000300035B
:106D20000003000300030003FC0300000000000058
:106D30000000C003C007600410080000000000004D
:106D40000000000000000000000000000000000043
:106D50000000000000000000000000000000000033
:106D60000000000000000000000000000000000023
:106D70000000000000000000000000000000000013
:106D80000000000000000000000000000000000003
:106D900000000000000000000000000000000000F3
:106DA000000000000000000000000000FFFF0000E5
:106DB00000007800C000000100000000000000009A
:106DC00000000000000000000000000000000000C3
:106DD00000000000000000000000000000000000B3
:106DE00000000000000000000000000000000000A3
:106DF0000000000000000000000000000000000093
:106E00000000000000000000E007180C0C180C182F
:106E10000C18001CE01B38180C1806180618061869
:106E200006980C9EF87100000000000000000000B1
:106E3000000000000000000010001E0018001800F4
:106E400018001800180018009807581C3818383017
:106E50001830183018301830183018301830181012
:106E60003818380CC80700000000000000000000BF
:106E70000000000000000000000000000000000012
:106E80000000000000000000C0077008301818184B
:106E90000C180C000C000C000C000C000C2018202E
:106EA00018103008C00700000000000000000000BB
:106EB00000000000000000000010001E0018001874
:106EC0000018001800180018E01B301C18181818BB
:106ED0000C180C180C180C180C180C180C18081896
:106EE000181C307AE00900000000000000000000DB
:106EF0000000000000000000000000000000000092
:106F00000000000000000000C003300C1018181032
:106F10000C300C300C30FC3F0C000C000C00182026
:106F200018107018C00700000000000000000000EA
:106F300000000000000000000000003E8061806052
:106F4000C060C000C000C000FC1FC000C000C00086
:106F5000C000C000C000C000C000C000C000C00031
:106F6000C000C000F80F000000000000000000009A
:106F70000000000000000000000000000000000011
:106F80000000000000000000C077306C10181818D6
:106F9000181818181018300CF00718001800F8030B
:106FA000F01F18380C300C300C301818E0070000B7
:106FB000000000000000000010001E001800180073
:106FC00018001800180018009807580C38181818DE
:106FD0001818181818181818181818181818181831
:106FE000181818187E7E0000000000000000000045
:106FF000000000000000000000008001C0038001CC
:107000000000000000000001F80180018001800103
:107010008001800180018001800180018001800168
:1070200080018001F81F0000000000000000000047
:1070300000000000000000000000001C001E000C0A
:107040000000000000000008C00F000C000C000C45
:10705000000C000C000C000C000C000C000C000CD0
:10706000000C000C000C000C18061802F0010000C7
:10707000000000000000000010001E0018001800B2
:107080001800180018001800183E180C18041802F0
:1070900018019801D801780338031806180C180C49
:1070A000181818387E7C0000000000000000000066
:1070B00000000000000000000001F80180018001D4
:1070C00080018001800180018001800180018001B8
:1070D00080018001800180018001800180018001A8
:1070E00080018001F81F0000000000000000000087
:1070F0000000000000000000000000000000000090
:107100000000000000000400F73C8E638661866189
:107110008661866186618661866186618661866137
:1071200086618661CFF300000000000000000000CF
:10713000000000000000000000000000000000004F
:10714000000000000000000090075E0C38181818BE
:1071500018181818181818181818181818181818AF
:10716000181818187E7E00000000000000000000C3
:10717000000000000000000000000000000000000F
:107180000000000000000000C003300C10181818A8
:1071900008300C300C300C300C300C300C3018181F
:1071A0001818300CC00300000000000000000000B0
:1071B00000000000000000000000000000000000CF
:1071C000000000000000000090075E0C3818181046
:1071D0001830183018301830183018301830181887
:1071E0003818780C98071800180018007E00000066
:1071F000000000000000000000000000000000008F
:107200000000000000000000C013301E181C1818F9
:107210000C180C180C180C180C180C180C18081852
:10722000181C301EE019001800180018007E00001D
:10723000000000000000000000000000000000004E
:10724000000000000000000060387E666061E00120
:10725000E0006000600060006000600060006000AE
:1072600060006000FE070000000000000000000059
:10727000000000000000000000000000000000000E
:107280000000000000000000C027603830303020CF
:1072900030207000E003800F001E003808300830F6
:1072A00018303818C80F000000000000000000006F
:1072B000000000000000000000000000000080004E
:1072C00080008000C000E000FC1FC000C000C000C3
:1072D000C000C000C000C000C000C000C000C0208E
:1072E000C0208011000F000000000000000000001E
:1072F000000000000000000000000000000000008E
:1073000000000000000010101E1E18181818181891
:1073100018181818181818181818181818181818ED
:10732000181C307AE0090000000000000000000096
:10733000000000000000000000000000000000004D
:1073400000000000000000003E7C183018101818E3
:1073500030083008200460046004C002C002C0038A
:10736000800180018000000000000000000000009B
:10737000000000000000000000000000000000000D
:107380000000000000000000DFF3866184218C21F2
:107390008C218C13881358135812580E700E300E0F
:1073A000300C300420040000000000000000000049
:1073B00000000000000000000000000000000000CD
:1073C00000000000000000007C3E300870086004EF
:1073D000C002C00280018001800340062006200C0C
:1073E000101818183E7E0000000000000000000089
:1073F000000000000000000000000000000000008D
:1074000000000000000000003E7C1818180810085A
:1074100030082004600460044002C0028002800141
:10742000800180008000800040007C003C00000063
:10743000000000000000000000000000000000004C
:107440000000000000000000FC1F0C1C0C0C0406D7
:10745000040700038001C001C000600070203020DC
:1074600018300C18FC1F0000000000000000000095
:1074700000000030000800040004000400040004C0
:107480000004000400040004000400040003800160
:1074900000020004000400040004000400040004CE
:1074A0000004000400040004000800300000000193
:1074B00000010001000100010001000100010001C4
:1074C00000010001000100010001000100010001B4
:1074D00000010001000100010001000100010001A4
:1074E0000001000100010001000100010001000095
:1074F0000000180020004000400040004000400014
:107500004000400040004000400040008001000377
:10751000800040004000400040004000400040002B
:107520004000400040004000200018000000000023
:107530007800C400824102410027001C00000000C6
:10754000000000000000000000000000000000003B
:10755000000000000000000000000000000000002B
:10756000000000000000000000000000000000001B
:10757000000000000000000000000000000000000B
:1075800000000000000000000000000000000000FB
:1075900000000000000000000000000000000000EB
:1075A00000000000000060006000600060006000FB
:1075B000600060004000200020002000000000006B
:1075C000000060006000600000000000000000009B
:1075D0000000600660063003980188004400000047
:1075E000000000000000000000000000000000009B
:1075F000000000000000000000000000000000008B
:107600000000000000001002100210021002FE072D
:10761000FE0708020801080108010801FE07FE072D
:107620000401040104010401000000000000000046
:107630000000000040004000F00158034C03CC0360
:107640004C0058007000E000C001C00140034C0332
:107650005C034C034801F0004000400000000000C3
:107660000000000000000E010A019100910091004D
:10767000510051003A00AE03A002500450044804E7
:107680004804480484028403000000000000000055
:1076900000000000000038006C006C006C006C0002
:1076A0006C002C0098071C011A013301330163019F
:1076B000E300C308C6093C0700000000000000000A
:1076C00000000C001C001000100008000400000066
:1076D00000000000000000000000000000000000AA
:1076E000000000000000000000000000000000009A
:1076F0000000000400020001800080004000400003
:107700002000200020002000200020002000400059
:107710004000800080000001000200040000000022
:1077200000000200040008001000100020002000EB
:107730004000400040004000400040004000200069
:1077400020001000100008000400020000000000EB
:10775000000000000000000000004000C0004000E9
:10776000460C4E0FD001F0015E0F460C4000400069
:1077700040000000000000000000000000000000C9
:107780000000000000000000000000004000400079
:10779000400040004000FE0F40004000400040001C
:1077A0004000000000000000000000000000000099
:1077B00000000000000000000000000000000000C9
:1077C00000000000000000000000000000000000B9
:1077D00000000C001C001000100008000400000055
:1077E0000000000000000000000000000000000099
:1077F000000000000000FE07000000000000000084
:107800000000000000000000000000000000000078
:107810000000000000000000000000000000000068
:107820000000000000000000000000000000000058
:1078300000001C001C001C000000000000000000F4
:1078400000000004000600020003000100018000A7
:107850008000400040006000200020001000100068
:10786000080008000C0004000600020000000000F0
:107870000000000000000000F00098010C030C0361
:107880000606060606060606060606060606060698
:107890000C030C039801F000000000000000000041
:1078A000000000000000000040007C00600060005C
:1078B00060006000600060006000600060006000C8
:1078C000600060006000FC03000000000000000099
:1078D0000000000000000000F8008401020306031D
:1078E0000603000300018001C000600020001000BA
:1078F000080204020602FE0300000000000000006F
:1079000000000000000000007800C600860186012B
:1079100080018001C00070008001000100030003AD
:10792000060306038601F8000000000000000000C6
:10793000000000000000000080018001C001A001E3
:10794000A00190018801880184018201FE0F80015D
:10795000800180018001E0070000000000000000BD
:107960000000000000000000FC030400040004000C
:1079700004000400F4008C01040300030003060368
:10798000060382018401F8000000000000000000EE
:107990000000000000000000E00118030C030C00D0
:1079A00004000600E60116030E0606060606060695
:1079B00004060C021803F0000000000000000000A4
:1079C0000000000000000000F8070C06040204019B
:1079D0000001000180008000400040004000600085
:1079E0006000600060006000000000000000000017
:1079F0000000000000000000F8010C030606060667
:107A000006060C021C03F000C8010C03060606065D
:107A1000060606060C03F00100000000000000004E
:107A20000000000000000000F0000C010C03060242
:107A300006060606060606078C06780600060003FC
:107A400000030C018C017800000000000000000021
:107A50000000000000000000000000000000000026
:107A60000000E000E000E000000000000000000076
:107A70000000E000E000E000000000000000000066
:107A800000000000000000000000000000000000F6
:107A90000000600060000000000000000000000026
:107AA0000000000060006000400020002000000096
:107AB00000000000000000040002000180004000FF
:107AC0002000100008000400080010002000400002
:107AD000800000010002000400000000000000001F
:107AE0000000000000000000000000000000000096
:107AF0000000FE07000000000000FE07000000007C
:107B00000000000000000000000000000000000075
:107B100000000000000004000800100020004000E9
:107B2000800000010002000400020001800040000B
:107B30002000100008000400000000000000000009
:107B40000000000000000000E0031806040C040C14
:107B50000C0C0C0C000780014000400040000000AD
:107B60000000E000E000E000000000000000000075
:107B7000000000000000E00018030C02CC056405C2
:107B80006605A605B604B604B604B604B602E4015A
:107B90000C040C021803F0000000000000000000BC
:107BA0000000000000000000600060005000D000F5
:107BB00090009000880088010801F8010403040384
:107BC0000402020202060F0F000000000000000085
:107BD0000000000000000000FE008C030C030C03FA
:107BE0000C030C038C01FC000C030C020C060C06AD
:107BF0000C060C060C03FE01000000000000000053
:107C00000000000000000000E00318030C060C0454
:107C1000040406000600060006000600060006042E
:107C20000C040C021803F00000000000000000002B
:107C300000000000000000007F008C010C030C031A
:107C40000C060C060C060C060C060C060C060C06A4
:107C50000C030C038C017F000000000000000000FA
:107C60000000000000000000FF03060306040604F5
:107C7000060086008600FE0086008600860006005C
:107C8000060406040602FF030000000000000000D6
:107C90000000000000000000FF03060306040604C5
:107CA000060086008600FE0086008600860006002C
:107CB0000600060006001F00000000000000000093
:107CC0000000000000000000F00018010C020C028F
:107CD00004020600060006000600C60F060306039F
:107CE0000C030C031803F00000000000000000006B
:107CF00000000000000000000F0F06060606060642
:107D0000060606060606FE0706060606060606061A
:107D10000606060606060F0F000000000000000021
:107D20000000000000000000FC0360006000600034
:107D30006000600060006000600060006000600043
:107D4000600060006000FC03000000000000000014
:107D50000000000000000000F807C000C000C000E4
:107D6000C000C000C000C000C000C000C000C00013
:107D7000C000C000C000C000C60066003C0000009B
:107D80000000000000000000CF038601C60046008E
:107D90002600160036002E006E004600C600860043
:107DA0008601060106038F070000000000000000A6
:107DB00000000000000000001F0006000600060092
:107DC0000600060006000600060006000600060083
:107DD000060406040602FF03000000000000000085
:107DE00000000000000000000707860386038E03E2
:107DF0008E034E034E034A035A035A033A033203D7
:107E00003203320312038707000000000000000065
:107E100000000000000000008E0F0C021C021C027B
:107E200034023402640264024402C4028402840301
:107E30008403040304031F0200000000000000008C
:107E40000000000000000000F00098010C030C028C
:107E500006060606060606060606060606060606C2
:107E60000C020C039801F00000000000000000006C
:107E70000000000000000000FF00060306060606E2
:107E80000606060606068603FE0006000600060035
:107E90000600060006001F000000000000000000B1
:107EA0000000000000000000F00098010C030C022C
:107EB00006060606060606060606060606067606F2
:107EC0004C02CC039801F000800700030000000082
:107ED0000000000000000000FF0106030606060681
:107EE000060606060603FE004600C600860086015A
:107EF0000603060306060F0E000000000000000047
:107F00000000000000000000F8020C030602060258
:107F100006000E003C00F800E003800300070206A4
:107F2000020606060C03F00100000000000000003D
:107F30000000000000000000FE0762046108610804
:107F40006000600060006000600060006000600031
:107F5000600060006000F801000000000000000008
:107F600000000000000000001E070C020C020C02C2
:107F70000C020C020C020C020C020C020C020C0291
:107F80000C020C021801F0000000000000000000CC
:107F900000000000000000000F07060204010401B9
:107FA0000C010C01880088009800980050005000D7
:107FB00070003000200020000000000000000000E1
:107FC0000000000000000000F70E620442044604B6
:107FD000460464026402E402E4029C029C019801EB
:107FE000980188018800880000000000000000005F
:107FF00000000000000000009E070C0108011801AD
:108000009000B0006000200060006000D000900090
:108010008801080104038E07000000000000000032
:1080200000000000000000000F0F060404020C0214
:1080300008011801B800B000700060006000600026
:10804000600060006000F801000000000000000017
:108050000000000000000000FC070C020603020103
:108060008001800040004000200020001000180027
:1080700008040C040402FE030000000000000000DD
:108080000000E0032000200020002000200020004D
:1080900020002000200020002000200020002000E0
:1080A00020002000200020002000E003000000004D
:1080B0000000000000000400040008000800100098
:1080C000100010002000200040004000C000800090
:1080D0008000000100010002000200020004000014
:1080E00000007C0040004000400040004000400094
:1080F0004000400040004000400040004000400080
:10810000400040004000400040007C0000000000B3
:108110006000900008010000000000000000000066
:10812000000000000000000000000000000000004F
:10813000000000000000000000000000000000003F
:10814000000000000000000000000000000000002F
:10815000000000000000000000000000000000001F
:10816000000000000000000000000000FF0F000001
:108170000000180060000000000000000000000087
:1081800000000000000000000000000000000000EF
:1081900000000000000000000000000000000000DF
:1081A00000000000000000000000000000000000CF
:1081B0000000F0010C030C030003E0031C030E039A
:1081C000060306038E0B7C0E00000000000000007A
:1081D00000000000000008000E000C000C000C0065
:1081E0000C00CC013C031C060C060C060C060C060D
:1081F0000C060C021C03E40100000000000000005B
:10820000000000000000000000000000000000006E
:108210000000F0008C018C018601060006000600BB
:1082200006020C020C01F00000000000000000003B
:108230000000000000000002C00300030003000370
:10824000000378038C030C030603060306030603EE
:10825000060304038C077801000000000000000002
:10826000000000000000000000000000000000000E
:108270000000E001180308020C060C06FC070C00C5
:108280000C0018041802E0010000000000000000CB
:108290000000000000000000C0036006300630004F
:1082A0003000FE013000300030003000300030007F
:1082B000300030003000FC01000000000000000031
:1082C00000000000000000000000000000000000AE
:1082D0000000F007D8068C018C018C019801F80091
:1082E0000C00FC00CC03060306038E03F80000001C
:1082F00000000000000008000E000C000C000C0044
:108300000C00EC011C030C030C030C030C030C030A
:108310000C030C030C039E0700000000000000008B
:10832000000000000000000060006000000000008D
:1083300040007C0060006000600060006000600041
:10834000600060006000FC0300000000000000000E
:108350000000000000000000C001C001000000009B
:108360000001F00180018001800180018001800115
:1083700080018001800180018001CC007C00000030
:1083800000000000000008000E000C000C000C00B3
:108390000C008C038C008C004C006C005C008C008A
:1083A0008C010C010C039E0700000000000000007F
:1083B00000000000000040007C00600060006000E1
:1083C00060006000600060006000600060006000AD
:1083D000600060006000FC0300000000000000007E
:1083E000000000000000000000000000000000008D
:1083F00000003707EE06660666066606660666062F
:10840000660666066606FF0F00000000000000001A
:10841000000000000000000000000000000000005C
:108420000000EE011C030C030C030C030C030C03F3
:108430000C030C030C039E0700000000000000006A
:10844000000000000000000000000000000000002C
:108450000000F00098010C03060606060606060654
:1084600006060C030C03F0000000000000000000F2
:1084700000000000000000000000000000000000FC
:108480000000EE011C030C060C060C060C060C0684
:108490000C060C031C03EC010C000C003E00000059
:1084A00000000000000000000000000000000000CC
:1084B000000078028C030C03060306030603060380
:1084C000060304038C03780300030003C0070000C5
:1084D000000000000000000000000000000000009C
:1084E00000009F03580638061800180018001800EE
:1084F000180018001800FF00000000000000000035
:10850000000000000000000000000000000000006B
:108510000000F0031C030C020C023800F000C00342
:10852000040304038C03FC010000000000000000B1
:1085300000000000000000000000200020003000CB
:108540003000FE01300030003000300030003000DC
:10855000300030023002E0010000000000000000A6
:10856000000000000000000000000000000000000B
:1085700008028E030C030C030C030C030C030C0306
:108580000C030C039C0778010000000000000000B1
:1085900000000000000000000000000000000000DB
:1085A00000001E070C020801080118019000B0002D
:1085B000B00060006000200000000000000000002B
:1085C00000000000000000000000000000000000AB
:1085D0000000F70E6204460464026402EC029C018F
:1085E00098019801980108000000000000000000B8
:1085F000000000000000000000000000000000007B
:108600000000BC0718011001B00060006000E0002D
:108610009000080108039E07000000000000000011
:10862000000000000000000000000000000000004A
:1086300000009E0708010801080190009000B000AA
:108640006000600060002000200024001C0000008A
:10865000000000000000000000000000000000001A
:108660000000FC018401C4004400600020003000D0
:10867000180208020C03FC010000000000000000CA
:1086800000000003800080008000800080008000E7
:1086900080008000400020004000800080008000BA
:1086A0008000800080008000800000030000400007
:1086B00040004000400040004000400040004000BA
:1086C00040004000400040004000400040004000AA
:1086D00040004000400040004000400040000000DA
:1086E00000000C001000100010001000100010001E
:1086F00010001000200040002000100010001000AA
:10870000100010001000100010000C00000000000D
:108710001C002204C20480030000000000000000CE
:108720000000000000000000000000000000000049
:108730000000000000000000000000000000000039
:108740000000000000000000000000000000000029
:108750000000000000000000000000000000000019
:1087600000000000000000000000000030003000A9
:1087700030003000300020002000200020002000C9
:108780000000000030003000000000000000000089
:10879000D800D8006C002400120000000000000087
:1087A00000000000000000000000000000000000C9
:1087B0000000000000000000000000000000840035
:1087C00084008400FF0184008400C600420042004F
:1087D000FF014200420042000000000000000000D3
:1087E000000000002000F80024012401A40128005A
:1087F00030006000A00020012C0124012401F800B9
:1088000020002000000000000000000000008600A2
:1088100049004900290029001900D6002801280133
:10882000280124012401C200000000000000000013
:108830000000000000000C00120012001200EA000C
:108840004600460025002900390011003201CC0005
:108850000000000000000000060006000400020006
:108860000100000000000000000000000000000007
:1088700000000000000000000000000000000000F8
:1088800000018000400020002000200010001000A7
:1088900010001000100010002000200020004000F8
:1088A0008000000100000000010002000400080038
:1088B0000800080010001000100010001000100048
:1088C0000800080008000400020001000000000089
:1088D0000000000000000000200020002603AE037E
:1088E00070007000AE03260320002000000000008E
:1088F0000000000000000000000000000000000078
:108900001000100010001000FF01100010001000F7
:108910001000000000000000000000000000000047
:108920000000000000000000000000000000000047
:10893000000000000000000000000000060006002B
:108940000400020001000000000000000000000020
:108950000000000000000000FE0300000000000016
:108960000000000000000000000000000000000007
:1089700000000000000000000000000000000000F7
:1089800000000000000000000000000006000600DB
:108990000000000000000000000200010001800053
:1089A0008000C0004000600020003000100018006F
:1089B000080008000400040002000000000000009D
:1089C0000000000000007800840084000201020121
:1089D0000201020102010201020184008400780008
:1089E0000000000000000000000000000000100077
:1089F0001C001000100010001000100010001000EB
:108A00001000100010007C000000000000000000BA
:108A10000000000000007C0082000201020102014F
:108A20008000400020001000080004010201FE0147
:108A300000000000000000000000000000003C00FA
:108A400042008200820040007000800000010001AE
:108A50000201020182007C00000000000000000012
:108A60000000000040004000600050004800480046
:108A7000440042004200FE01400040004000F0017E
:108A80000000000000000000000000000000FC01E9
:108A9000040004000400040074008C0000010001C4
:108AA0000201020182007C000000000000000000C2
:108AB000000000000000F0000801040104000200B2
:108AC0007A0086000201020102010401840078009C
:108AD0000000000000000000000000000000FE0197
:108AE0008200420040002000100010000800080032
:108AF0000800080008000800000000000000000056
:108B00000000000000007800840002010201020160
:108B100084007800840002010201020184007800D0
:108B200000000000000000000000000000007800CD
:108B30008400820002010201020184017801000127
:108B40008000820042003C000000000000000000A5
:108B500000000000000000000000000030003000B5
:108B600000000000000000000000000030003000A5
:108B700000000000000000000000000000000000F5
:108B800000000000000010000000000000000000D5
:108B90000000000000001000100010001000000095
:108BA00000000000800040002000100008000400C9
:108BB00002000400080010002000400080000000B7
:108BC00000000000000000000000000000000000A5
:108BD00000000000FF01000000000000FF01000095
:108BE0000000000000000000000000000000000085
:108BF00000000000020004000800100020004000F7
:108C00008000400020001000080004000200000066
:108C10000000000000000000000000007800840058
:108C20000201060106010001800040002000200032
:108C300020000000300030000000000000000000B4
:108C40000000000000007800C400F2015901490151
:108C5000450125012501A500D90002018400780005
:108C600000000000000000000000000000001000F4
:108C700010002800280028002800440044007C0040
:108C8000440082008200C7010000000000000000D4
:108C90000000000000003F004200420042002200AD
:108CA0003E004200820082008200820042003F00BB
:108CB000000000000000000000000000000078013B
:108CC0008401020102010100010001000100010014
:108CD0000101020186007800000000000000000091
:108CE0000000000000003F00C200820002010201FB
:108CF00002010201020102010201820042003F0062
:108D00000000000000000000000000000000FF0064
:108D100082000201420042007E0042004200020046
:108D2000020002018200FF000000000000000000BD
:108D3000000000000000FF0082000201420042002B
:108D40007E00420042000200020002000200070012
:108D500000000000000000000000000000007001A2
:108D600088010401020102000200020082030201E4
:108D7000020104010C01F0000000000000000000EE
:108D8000000000000000C701820082008200820013
:108D90008200FE0082008200820082008200C70101
:108DA0000000000000000000000000000000FE00C5
:108DB0001000100010001000100010001000100033
:108DC000100010001000FE00000000000000000075
:108DD000000000000000FC01200020002000200016
:108DE0002000200020002000200020002000210082
:108DF00011000E0000000000000000000000E7016C
:108E000042002200220012001A0016002200220056
:108E1000420042008200C701000000000000000084
:108E20000000000000000700020002000200020033
:108E30000200020002000200020002018200FF00A4
:108E40000000000000000000000000000000C7015A
:108E5000C600C600C600AA00AA00AA00AA00AA006E
:108E6000920092009200D701000000000000000074
:108E7000000000000000C70186008A008A008A0006
:108E800092009200A200A200C200C200C2008700AD
:108E9000000000000000000000000000000038009A
:108EA000C60082000101010101010101010101016E
:108EB00001018200C6003800000000000000000030
:108EC0000000000000007F00820002010201020198
:108ED00082007E0002000200020002000200070081
:108EE000000000000000000000000000000038004A
:108EF000C60082000101010101010101010101011E
:108F00001901A600A60078004001C0000000000082
:108F10000000000000003F0042008200820042008A
:108F20003E0012002200220042004200820087011F
:108F300000000000000000000000000000007801B8
:108F400084010201020002000C0070008000000198
:108F50000201020186007A0000000000000000000B
:108F6000000000000000FE001101110110001000BF
:108F70001000100010001000100010001000380049
:108F80000000000000000000000000000000C70119
:108F900082008200820082008200820082008200C1
:108FA0008200820044003800000000000000000041
:108FB000000000000000C70182008200440044005D
:108FC0004400440028002800280038001000100049
:108FD0000000000000000000000000000000BB01D5
:108FE0009200920092009200AA00AA00AA006A00D1
:108FF0004400440044004400000000000000000061
:10900000000000000000CE01840044004800280059
:109010003000100030002800480048008400CE01D5
:109020000000000000000000000000000000C70178
:1090300082004400440028002800100010001000A6
:1090400010001000100038000000000000000000B8
:10905000000000000000FC0184008200400040008D
:109060002000100010000800080004018400FE0029
:109070000000000000000000F001100010001000CF
:109080001000100010001000100010001000100060
:109090001000100010001000F0010000000000009F
:1090A000000002000400040008000800080010008E
:1090B00010002000200020004000400080008000C0
:1090C00080000001000000003E0020002000200081
:1090D0002000200020002000200020002000200090
:1090E00020002000200020003E00000000000000C2
:1090F00038002800440000000000000000000000CC
:10910000000000000000000000000000000000005F
:10911000000000000000000000000000000000004F
:10912000000000000000000000000000000000003F
:10913000000000000000000000000000FF0300002D
:1091400018002000000000000000000000000000E7
:10915000000000000000000000000000000000000F
:1091600000000000000000000000000000000000FF
:109170000000000000007C0082008200F0008C00F3
:1091800082008200C202BC03000000000000000058
:1091900000000000000003000200020002003A008C
:1091A00046008200820082008200820046003A006F
:1091B00000000000000000000000000000000000AF
:1091C000000000000000780084008200020002001D
:1091D000020002018400780000000000000000008E
:1091E000000000000000C000800080008000B80087
:1091F000C40082008200820082008200C400B801A4
:10920000000000000000000000000000000000005E
:10921000000000000000780084000201FE0102004E
:10922000020002018400780000000000000000003D
:10923000000000000000E001100210001000FC001F
:109240001000100010001000100010001000FC00B2
:10925000000000000000000000000000000000000E
:10926000000000000000F8018400840084008400F5
:10927000780004007C00840102010201FC0000006F
:1092800000000000000003000200020002007A005B
:109290008600820082008200820082008200C70174
:1092A00000000000000000000000000000001800A6
:1092B0001800000000001C0010001000100010003A
:1092C0001000100010007C000000000000000000F2
:1092D000000000000000600060000000000070005E
:1092E000400040004000400040004000400040007E
:1092F000400022001E0000000000000000000300EB
:10930000020002000200E200220012000A00160021
:10931000220042008200C70100000000000000009F
:109320000000000000001E001000100010001000DF
:109330001000100010001000100010001000FE00BF
:10934000000000000000000000000000000000001D
:109350000000000000007F00920092009200920046
:10936000920092009200B70100000000000000008F
:1093700000000000000000000000000000007B0072
:109380008600820082008200820082008200C70183
:1093900000000000000000000000000000000000CD
:1093A00000000000000078008400020102010201B8
:1093B00002010201840078000000000000000000AB
:1093C00000000000000000000000000000003B0062
:1093D00046008200820082008200820046003A003D
:1093E0000200020007000000000000000000000072
:1093F000000000000000B800C4008200820082006B
:1094000082008200C400B80080008000C00100001B
:109410000000000000000000000000000000CE017D
:1094200028011800080008000800080008003E0095
:10943000000000000000000000000000000000002C
:10944000000000000000BC00C200820006003800DE
:10945000C000820086007A000000000000000000CA
:109460000000000000000000100010001000FC00D0
:10947000100010001000100010001000900060009C
:1094800000000000000000000000000000000000DC
:10949000000000000000C300820082008200820001
:1094A00082008200C200BC01000000000000000039
:1094B0000000000000000000000000000000C701E4
:1094C00082004400440044002800280010001000DE
:1094D000000000000000000000000000000000008C
:1094E000000000000000BB01920092009200AA0060
:1094F000AA004400440044000000000000000000F6
:109500000000000000000000000000000000CE018C
:109510008400480030003000300048008400CE0154
:10952000000000000000000000000000000000003B
:10953000000000000000EE018400880048004800A0
:109540005000300020001000100010000C0000003F
:109550000000000000000000000000000000FE000D
:109560004200220020001000080084008200FE005B
:1095700000000000000000008001400040004000AA
:1095800040004000400060001000600040004000CB
:1095900040004000400040004000800100002000EA
:1095A00020002000200020002000200020002000BB
:1095B00020002000200020002000200020002000AB
:1095C000200020002000000006000800080008001D
:1095D0000800080008001800200018000800080013
:1095E00008000800080008000800060000001C0031
:1095F00026022203C001000000000000000000005D
:10960000000000000000000000000000000000005A
:10961000000000000000000000000000000000004A
:109620000000000000000000000808080808080802
:1096300000001818000000486C2412000000000010
:109640000000000000000000002424247F121212F9
:109650007F12121200000000081C2A2A0A0C182887
:10966000282A2A1C080800000022251515152A584A
:109670005454542200000000000C1212120A7625E5
:109680002911916E0000000606040300000000008E
:109690000000000000000040201010080808080822
:1096A00008101020400000020408081010101010CC
:1096B0001008080402000000000008086B1C1C6B66
:1096C00008080000000000000000080808087F08E3
:1096D0000808080000000000000000000000000072
:1096E0000000060604030000000000000000FE0069
:1096F000000000000000000000000000000000006A
:1097000000000606000000008040402020101008E5
:1097100008040402020000000018244242424242AF
:10972000424224180000000000080E08080808083B
:109730000808083E00000000003C42424220201081
:109740000804427E00000000003C424220182040F5
:109750004042221C00000000002030282424222245
:109760007E20207800000000007E0202021A2640BF
:109770004042221C0000000000382402021A264247
:109780004242241800000000007E22221010080827
:109790000808080800000000003C42424224182447
:1097A0004242423C000000000018244242426458F9
:1097B0004040241C000000000000000018180000B9
:1097C0000000181800000000000000000008000061
:1097D00000000008080400000040201008040204F3
:1097E0000810204000000000000000007F00000082
:1097F0007F0000000000000000020408102040204C
:109800001008040200000000003C424246402010C4
:109810001000181800000000001C225A555555551C
:109820002D42221C00000000000808181414243CDB
:10983000224242E700000000001F2222221E224294
:109840004242221F00000000007C4242010101014F
:109850000142221C00000000001F224242424242FC
:109860004242221F00000000003F4212121E12124C
:109870000242423F00000000003F4212121E12123C
:109880000202020700000000003C222201010171D7
:109890002122221C0000000000E7424242427E4298
:1098A000424242E700000000003E0808080808089D
:1098B0000808083E00000000007C10101010101076
:1098C00010101010110F0000007722120A0E0A1259
:1098D00012222277000000000007020202020202A8
:1098E0000202427F000000000077363636362A2A10
:1098F0002A2A2A6B0000000000E346464A4A5252D8
:109900005262624700000000001C22414141414177
:109910004141221C00000000003F424242423E0200
:109920000202020700000000001C224141414141A7
:109930004D53321C60000000003F4242423E121272
:10994000222242C700000000007C4242020418208C
:109950004042423E00000000007F49080808080815
:109960000808081C0000000000E742424242424250
:109970004242423C0000000000E7424222242414FC
:109980001418080800000000006B49494949555562
:10999000362222220000000000E742242418181872
:1099A000242442E700000000007722221414080853
:1099B0000808081C00000000007E21201010080488
:1099C0000442423F00000078080808080808080818
:1099D00008080808780000000202040408080810BB
:1099E000102020204040001E1010101010101010E9
:1099F000101010101E00003844000000000000008D
:109A00000000000000000000000000000000000056
:109A10000000000000FF0006080000000000000039
:109A2000000000000000000000000000003C427840
:109A3000444242FC0000000000030202021A2642D7
:109A40004242261A000000000000000000384402D4
:109A50000202443800000000006040404078444268
:109A6000424264D80000000000000000003C427E3A
:109A70000202423C0000000000F08808087E08084E
:109A80000808083E0000000000000000007C2222C0
:109A90001C023C42423C000000030202023A4642E1
:109AA000424242E700000000000C0C00000E0808D3
:109AB0000808083E00000000003030000038202078
:109AC00020202020221E0000000302020272120A3F
:109AD0001612227700000000000E08080808080887
:109AE0000808083E0000000000000000007F92927D
:109AF000929292B70000000000000000003B464236
:109B0000424242E70000000000000000003C4242E8
:109B10004242423C0000000000000000001B2642C0
:109B20004242221E0207000000000000007844426A
:109B30004242447840E000000000000000774C04FE
:109B40000404041F0000000000000000007C42022A
:109B50003C40423E0000000000000008083E0808AB
:109B600008080830000000000000000000634242C6
:109B7000424262DC000000000000000000E74224D6
:109B800024140808000000000000000000EB494910
:109B90005555222200000000000000000076241825
:109BA0001818246E000000000000000000E74224A6
:109BB000241418080807000000000000007E22108E
:109BC0000808447E000000C0202020202010202013
:109BD00020202020C00010101010101010101010A5
:109BE00010101010101000060808080808100808C7
:109BF0000808080806000C32C2000000000000003F
:109C00000000000000000000000000000000000054
:109C10000000000004040404040400040000001414
:109C20000A0A0000000000000000000014143F14A5
:109C30000A3F0A0A000000041E1505060C14150F41
:109C40000400000012150D0A142C2A120000000056
:109C5000040A0A1E15150936000000020201000060
:109C60000000000000000020100808080808081084
:109C70002000000204080808080808040200000088
:109C80000004150E0E150400000000000404041F5B
:109C900004040400000000000000000000000002B6
:109CA000020100000000001F000000000000000092
:109CB0000000000000000002000000100808080476
:109CC00004020202010000000E1111111111110E07
:109CD00000000000040604040404040E0000000058
:109CE0000E1111080402011F000000000E11100CDB
:109CF0001010110E00000000080C0A0A091E0818B6
:109D0000000000001F01010F1010110E00000000E4
:109D10000E09010F1111110E000000001F090804A7
:109D200004040404000000000E11110E1111110EA4
:109D3000000000000E1111111E10120E0000000094
:109D40000000040000000004000000000000000407
:109D50000000000404000020100804020408102081
:109D60000000000000001F00001F000000000002B3
:109D70000408102010080402000000000E11110851
:109D800004040004000000000E111915151D011E29
:109D90000000000004040C0A0A1E12330000000038
:109DA0000F12120E1212120F000000001E110101FC
:109DB0000101110E000000000F1212121212120FF8
:109DC000000000001F120A0E0A02121F000000000D
:109DD0001F120A0E0A020207000000001C120101F5
:109DE0003911120C000000003312121E121212332D
:109DF000000000001F0404040404041F000000000D
:109E00003E080808080808090700000037120A067B
:109E10000A0A123700000000070202020202223F73
:109E2000000000001B1B1B1B151515150000000072
:109E30003B1216161A1A1217000000000E1111110B
:109E40001111110E000000000F12120E0202020783
:109E5000000000000E1111111117190E180000005A
:109E60000F12120E0A121237000000001E11010616
:109E70000810110F000000001F1504040404040E54
:109E800000000000331212121212120C0000000027
:109E90003312120A0A0C0404000000001515150EF6
:109EA0000A0A0A0A000000001B0A0A04040A0A1B24
:109EB000000000001B0A0A040404040E0000000055
:109EC0001F0908040402121F0000001C04040404FB
:109ED000040404041C000002020204040808081020
:109EE0000000000E08080808080808080E00000412
:109EF0000A00000000000000000000000000000058
:109F000000000000003F000400000000000000000E
:109F1000000000000000000C121C123C00000000B9
:109F20000302020E1212120E000000000000001CBC
:109F30001202021C000000001810101C1212123C29
:109F4000000000000000000C121E021C00000000B7
:109F50003804041E0404041E000000000000003C3D
:109F6000120C021E221C00000302020E12121237F3
:109F700000000000040000060404040E00000000BD
:109F80000800000C08080808080700000302023A4D
:109F90000A0E123700000000070404040404041F22
:109FA000000000000000000F15151515000000004E
:109FB0000000000F12121237000000000000000C19
:109FC0001212120C000000000000000F1212120EFC
:109FD000020700000000001C1212121C10380000C2
:109FE0000000001B06020207000000000000001E27
:109FF000020C101E000000000004040E04040418EB
:10A00000000000000000001B1212123C00000000C3
:10A0100000000037120A0C040000000000000015C8
:10A02000150E0A0A000000000000001B0A040A1BAB
:10A030000000000000000037120A0C0404030000B6
:10A040000000001E0804041E000000180808080490
:10A050000808080818000808080808080808080878
:10A060000808000604040408040404040600022589
:10A07000180000000000000000000000000F0000B9
:10A0800080070000000000001F0000C00700000063
:10A090000000003F0000E0070000000000007EE03C
:10A0A0001FF007000000000000FCFCFFF9030000A7
:10A0B00000000000F8FFFFFF01000000000000F0BA
:10A0C000FFFFFF00000000000000F0FFFF7F000026
:10A0D0000000000000F8FFFF7F000000000000000B
:10A0E000FCFFFFFF01000000000000FEFFFFFF0378
:10A0F000000000000000FEFFFFFF03000000000062
:10A1000000FFFFFFFF07000000000080FFFFFFFFD0
:10A110000F000000000080FFFCFFF90F00000000AE
:10A1200000C0FFFCFFF91F0000000000C0FFFCFFA3
:10A13000F91F0000000000E0FFFFFFFF1F0000000C
:10A140000000E0FFFFFFFF3F0000000000E0FFFF16
:10A15000FFFF3F0000000000E0FFFFFFFF3F0000A7
:10A16000000000E0FFFFFFFF3F0000000000E0FFF5
:10A17000FFFFFF7F0000000000F0FFFFFFFF7F00F8
:10A1800000000000E0FFFFFFFF7F00000000000074
:10A1900000000000000000000000000000000000BF
:10A1A000000000001CF0FFFFFFFF7FE0000000FF49
:10A1B000F0FFFFFFFF7FF8030000FFF1FFFFFFFF4D
:10A1C0007FFC070080FFF1FFFFFFFF7FFC0F008097
:10A1D000FFF3FFFFFFFF7FFC0F0080FFF3FFFFFF98
:10A1E000FF7FFE1F00C0FFF3FFFFFFFF7FFE1F008A
:10A1F000C0FFF3FFFFFFFF7FFE1F00C0FFF3FFFF65
:10A20000FFFF7FFE1F00C0FFF3FFFFFFFF7FFE1F6A
:10A2100000C0FFF3FFFFFFFF7FFE1F00C0FFF3FF43
:10A22000FFFFFF7FFE1F00C0FFF3FFFFFFFF7FFE6A
:10A230001F00C0FFF3FFFFFFFF7FFE1F00C0FFF303
:10A24000FFFFFFFF7FFE1F00C0FFF3FFFFFFFF7F49
:10A25000FE1F00C0FFF3FFFFFFFF7FFE1F00C0FFD8
:10A26000F3FFFFFFFF7FFE1F00C0FFF3FFFFFFFFB5
:10A270007FFE1F00C0FFF3FFFFFFFF7FFE1F00C038
:10A28000FFF3FFFFFFFF7FFE1F00C0FFF3FFFFFF95
:10A29000FF7FFE1F00C0FFF3FFFFFFFF7FFE1F00D9
:10A2A000C0FFF3FFFFFFFF7FFE1F00C0FFF3FFFFB4
:10A2B000FFFF7FFE1F00C0FFF3FFFFFFFF7FFE1FBA
:10A2C00000C0FFF3FFFFFFFF7FFE1F00C0FFF3FF93
:10A2D000FFFFFF7FFE1F00C0FFF3FFFFFFFF7FFEBA
:10A2E0001F00C0FFF3FFFFFFFF7FFE1F0080FFF393
:10A2F000FFFFFFFF7FFE1F0080FFF3FFFFFFFF7FD9
:10A30000FC0F0080FFF1FFFFFFFF7FFC0F0000FF4D
:10A31000F1FFFFFFFF7FFC070000FEF0FFFFFFFFE4
:10A320007FF007000038F0FFFFFFFF7FC001000053
:10A3300000E0FFFFFFFF7F0000000000E0FFFFFFE5
:10A34000FF3F0000000000C0FFFFFFFF1F000000F4
:10A35000000000F87FE0FF00000000000000F87F30
:10A36000E0FF00000000000000F87FE0FF000000B8
:10A3700000000000F87FE0FF00000000000000F88F
:10A380007FE0FF00000000000000F87FE0FF000019
:10A390000000000000F87FE0FF0000000000000067
:10A3A000F87FE0FF00000000000000F87FE0FF0001
:10A3B000000000000000F87FE0FF00000000000047
:10A3C00000F87FE0FF00000000000000F87FE0FFE1
:10A3D00000000000000000F83FE0FF000000000067
:10A3E0000000F03FE0FF00000000000000F03FE050
:10A3F0007F00000000000000E01FC07F00000000A0
:10A40000000000C00F801F000000000000000000DE
:10A41000000000000000000000000000000000003C
:10A42000000000000000000000000000000000002C
:10A43000000000000000000000000000000000001C
:10A440000000000000000000000000000000E0FF2D
:10A45000FFFFFFFFFF1F000000FCFFFFFFFFFFFFEC
:10A46000FF010000FEFFFFFFFFFFFFFF030000FFF3
:10A47000FFFFFFFFFFFFFF070080FFFFFFFFFFFF62
:10A48000FFFF0F0080FFFFFFFFFFFFFFFF0F0080B8
:10A49000FFFFFFFFFFFFFFFF0F0080FFFFFFFFFF3A
:10A4A000FFFFFF1F0080FFFFFFFFFFFFFFFF1F00F9
:10A4B00080FFFFFFFFFFFFFFFF1F0080FFFFFFFF89
:10A4C000FFFFFFFF1F0080FFFFFFFFFFFFFFFF1FDA
:10A4D0000080FFFFFFFFFFFFFFFF1F0080FFFFFF68
:10A4E000FFFFFFFFFF1F0080FFFFFFFFFFFFFFFFDA
:10A4F0001F0080FF1F00000000C0FF1F0080FF1F23
:10A5000000000000C0FF1F0080FF1F00000000C00F
:10A51000FF1F0080FF1F00000000C0FF1F0080FF22
:10A520001F00000000C0FF1F0080FF1F0000000090
:10A53000C0FF1F0080FFFFFFFFFFFFFFFF1F008026
:10A54000FFFFFFFFFFFFFFFF1F0080FFFFFFFFFF79
:10A55000FFFFFF1F0080FFFFFFFFFFFFFFFF1F0048
:10A5600080FFFFFFFFFFFFFFFF1F0080FF1F0000B6
:10A570000000C0FF1F0080FF1F00000000C0FF1F81
:10A580000080FF1F00000000C0FF1F0080FF1F00B1
:10A59000000000C0FF1F0080FF1F00000000C0FF80
:10A5A0001F0080FF1F00000000C0FF1F0080FFFF92
:10A5B000FFFFFFFFFFFF1F0080FFFFFFFFFFFFFF09
:10A5C000FF1F0080FFFFFFFFFFFFFFFF1F0080FF57
:10A5D000FFFFFFFFFFFFFF1F0080FF1F00000000C5
:10A5E000C0FF1F0080FF1F00000000C0FF1F008091
:10A5F000FF1F00000000C0FF1F00C0FF1F00000081
:10A6000000C0FF1F00C0FF1F00000000C0FF1F00B0
:10A61000C0FF1F00000000C0FF1F00C0FFFFFFFFC2
:10A62000FFFFFFFF1F00C0FFFFFFFFFFFFFFFF1F38
:10A6300000C0FFFFFFFFFFFFFFFF1F00C0FFFFFF86
:10A64000FFFFFFFFFF1F00C0FFFFFFFFFFFFFFFF38
:10A650001F00C0FFFFFFFFFFFFFFFF1F00C0FFFF46
:10A66000FFFFFFFFFFFF1F00C0FFFFFFFFFFFFFF18
:10A67000FF1F00C0FFFFFFFFFFFFFFFF0F00C0FF36
:10A68000FFFFFFFFFFFFFF0F00C0FFFFFFFFFFFF08
:10A69000FFFF0F00C0FFFFFFFFFFFFFFFF0700C02E
:10A6A000FFFFFFFFFFFFFFFF0700C0FFFFFFFFFFF0
:10A6B000FFFFFF0100C0FFFFFFFFFFFFFF7F000064
:10A6C000C0FF0F0000000000000000C0FF070000F6
:10A6D000000000000000C0FF0300000000000000B8
:10A6E00000C0FF010000000000000000C0FF0000EB
:10A6F00000000000000000C07F000000000000001B
:10A700000000C03F000000000000000000C01F006B
:10A710000000000000000000C00F0000000000006A
:10A72000000000C007000000000000000000C0039F
:10A73000000000000000000000C001000000000058
:10A7400000000000C0000000000000000000000049
:10A7500000000000000000000000000000000000F9
:10A7600000000000000000000000000000000000E9
:10A7700000000000000000000000000000000000D9
:10A7800000000000000000000000000000000000C9
:10A7900000000000000000000000000000000000B9
:10A7A00000000000000000000000000000000000A9
:10A7B0000000000000000000000000000000000099
:10A7C00000E003000000000000000000FC030000A7
:10A7D00000000000000000FF030000000000000077
:10A7E00000C0FF030000000000000000E0FF0300C5
:10A7F00000000000000000F0FF0300000000000067
:10A800000000F8FF030000000000000000FCFF0350
:10A810000000000000000000FEFF03000000000038
:10A82000000000FEFF030000000000000000FFFF2A
:10A83000030000000000000000FFFF030000000014
:10A8400000000080FFFF030000000000000080FF08
:10A85000FF030000000000000080FFFF0300000075
:10A8600000000000C0FFFF0300000000000000C067
:10A87000FFFF0300000000000000C0FFFF03000016
:10A880000000000000C0FFFF030000000000000007
:10A89000C0FFFF0300FF0000000000C0FFFF03E057
:10A8A000FF0F00000000C0FFFF03F8FF3F000000A3
:10A8B00000C0FFFF03FEFF7F00000000C0FFFF039A
:10A8C000FFFFFF0100000080FFFF83FFFFFF030089
:10A8D000000080FFFFC3FFFFFF0700000080FFFFB5
:10A8E000E3FFFFFF0F00000000FFFFF3FFFFFF0F7C
:10A8F00000000000FFFFF3FFFFFF1F00000000FE4D
:10A90000FFFBFFFFFF3F00000000FEFFFBFFFFFF1C
:10A910003F00000000FCFFFFFFFFFF7F0000000082
:10A92000F8FFFFFFFFFF7F00000000F0FFFFFFFFC9
:10A93000FF7F00000000E0FFFFFFFFFFFF000000BF
:10A940000080FFFFFFFFFFFF0000000000FFFFFF90
:10A95000FFFFFF0000000000FCFFFFFFFFFF00F80B
:10A96000FFFFFFFFFFFFFFFFFF00F8FFFFFFFFFFFD
:10A970000100000000F8FFFFFFFFFF0700000000DC
:10A98000F8FFFFFFFFFF0F00000000F8FFFFFFFFD1
:10A99000FF3F00000000F0FFFFFFFFFF7F0000000F
:10A9A00000F0FFFFFFFFFFFF00000000F0FFFFFFD0
:10A9B000FFFFFF01000000E0FFFFFFFFFEFF0100BF
:10A9C0000000E0FFFFFFFFFEFF03000000C0FFFFED
:10A9D000FF7FFEFF07000000C0FFFFFF7FFEFF07B5
:10A9E00000000080FFFFFF3FFEFF0F00000000FFA0
:10A9F000FFFF1FFEFF0F00000000FEFFFF0FFEFF26
:10AA00000F00000000FCFFFF07FEFF1F000000001A
:10AA1000F8FFFF03FEFF1F00000000E0FFFF00FE45
:10AA2000FF1F0000000080FF3F00FEFF1F0000002E
:10AA30000000FC0700FEFF1F0000000000000000F7
:10AA4000FEFF1F0000000000000000FEFF1F0000CE
:10AA5000000000000000FEFF1F00000000000000DA
:10AA600000FEFF1F0000000000000000FEFF0F00BE
:10AA700000000000000000FEFF0F000000000000CA
:10AA80000000FEFF0F0000000000000000FEFF07B6
:10AA90000000000000000000FEFF070000000000B2
:10AAA000000000FEFF030000000000000000FEFFA9
:10AAB000030000000000000000FEFF010000000095
:10AAC00000000000FEFF000000000000000000FE8B
:10AAD0007F000000000000000000FE3F00000000BA
:10AAE0000000000000FE1F00000000000000000049
:10AAF000FE07000000000000000000FE0100000052
:10AB00000000000000003E00000000000000000007
:10AB10000000000000000000000000000000000035
:10AB20000000000000000000000000000000000025
:10AB30000000000000000000000000000000000015
:10AB40000000000000000000000000000000000005
:10AB500000000000000000000000000000000000F5
:10AB600000000000000000000000000000000000E5
:10AB70000000F8FFFFFFFF1F0000000000FFFFFFC5
:10AB8000FFFFFF01000000C0FFFFFFFFFFFF03000A
:10AB90000000C0FFFFFFFFFFFF07000000E0FFFF16
:10ABA000FFFFFFFF0F000000E0FFFFFFFFFFFF0FB1
:10ABB000000000E0FFFFFFFFFFFF0F000000F0FFBD
:10ABC000FFFFFFFFFF1F000000F0FFFFFFFFFFFF81
:10ABD0001F000000F0FFFFFFFFFFFF1F000000F05D
:10ABE000FFFFFFFFFFFF1F000000F0FFFFFFFFFF61
:10ABF000FF1F000000F0FFFFFFFFFFFF1F0000002E
:10AC0000F0FFFFFFFFFFFF1F00803FF0FFFFFBFF94
:10AC1000FFFF1F00C03FF0FFFFF3FFFFFF1F00C05B
:10AC20003FF0FFFFE3FFFFFF1F00C03FF0FFFF8388
:10AC3000FFFFFF1F00C03FF0FFFF03FFFFFF1F00EC
:10AC4000C03FF0FFFF03FEFFFF1F00C03FF0FFFF0C
:10AC500003F8FFFF1F00C03FF0FFFF03F0FFFF1FDF
:10AC600000C03FF0FFFF03E0FFFF1F00C03FF0FF09
:10AC7000FF0380FFFF1F00C03FF0FFFF0300FFFF47
:10AC80001F00C03FF0FFFF0300FEFF1F00C03FF0AA
:10AC9000FFFF0300F8FF1F00C03FF0FFFF0300F0BD
:10ACA000FF1F00C03FF0FFFF0300E0FF1F00C03F99
:10ACB000F0FFFF0300F0FF1F00C03FF0FFFF0300A5
:10ACC000F8FF1F00C03FF0FFFF0300FEFF1F00C0A2
:10ACD0003FF0FFFF0300FFFF1F00C03FF0FFFF0337
:10ACE00080FFFF1F00C03FF0FFFF03E0FFFF1F00DA
:10ACF000C03FF0FFFF03F0FFFF1F00C03FF0FFFF6A
:10AD000003F8FFFF1F00C03FF0FFFF03FEFFFF1F20
:10AD100000C03FF0FFFF03FFFFFF1F00C03FF0FF39
:10AD2000FF83FFFFFF1F00C03FF0FFFFE3FFFFFFB8
:10AD30001F00C03FF0FFFFF3FFFFFF1F00C03FF009
:10AD4000FFFFFBFFFFFF1F00C03FF0FFFFFFFFFF04
:10AD5000FF1F00C03FF0FFFFFFFFFFFF1F00C03FCE
:10AD6000F0FFFFFFFFFFFF1F00C03FF0FFFFFFFFEF
:10AD7000FFFF1F00C03FF0FFFFFFFFFFFF1F00C0EE
:10AD80003FF0FFFFFFFFFFFF1F00C03FF0FFFFFF8F
:10AD9000FFFFFF1F00C03FE0FFFFFFFFFFFF0F00AF
:10ADA000C03FE0FFFFFFFFFFFF0F00C03FE0FFFFDE
:10ADB000FFFFFFFF0F00C03FC0FFFFFFFFFFFF07C8
:10ADC00000C03FC0FFFFFFFFFFFF0700C03F00FFC5
:10ADD000FFFFFFFFFF0100C03F00F8FFFFFFFF7F05
:10ADE0000000C03F000000000000000000C03F0065
:10ADF0000000000000000000C03F00000000000054
:10AE0000000000C03F000000000000000000C03F44
:10AE1000000000000000000000C03F000000000033
:10AE20000000000080FFFFFFFFFFFF7F00000080A9
:10AE3000FFFFFFFFFFFF7F00000080FFFFFFFFFF1E
:10AE4000FF7F00000080FFFFFFFFFFFF7F0000008B
:10AE500000FFFFFFFFFFFF7F00000000FEFFFFFF7E
:10AE6000FFFF7F00000000FCFFFFFFFFFF7F0000EF
:10AE70000000C0FFFFFFFFFF7F0000000000000098
:10AE800000000000000000000000000000000000C2
:10AE900000000000000000000000000000000000B2
:10AEA00000000000000000000000000000000000A2
:10AEB0000000000000000000000000000000000092
:10AEC000000000000000010203040607080900005A
:10AED0000000010203040000F8AE0008000000209A
:10AEE00090000000482F000888AF00089000002064
:10AEF000B00C0000582F0008563800080C000C0059
:10AF000018001400363A0008100010002000140049
:10AF1000B63C0008140014003C0014006641000810
:10AF20001800180048004100AE530008200020001F
:10AF300080001400AE5D00081000200040000000FA
:10AF40006E7500080C001800300000003E870008F5
:10AF50000A001400280000001696000808001000DF
:10AF600010000000069C000806000C000C00000009
:10AF700000000000000000000100000010000000C0
:08AF8000000000000024F400B1
:040000050800018965
:00000001FF
