:020000040800F2
:10000000B80C00209D010008F71F00082B0800080D
:10001000F51F0008190700083D2500080000000032
:10002000000000000000000000000000FD220008A9
:100030001B07000800000000F91F0008B523000896
:10004000B7010008B7010008B7010008B7010008B0
:10005000B7010008B7010008B7010008B7010008A0
:10006000B7010008B7010008B7010008B701000890
:10007000B7010008B7010008B7010008B701000880
:10008000B7010008B7010008B7010008B701000870
:10009000B7010008B7010008B7010008B701000860
:1000A000B7010008B7010008B7010008B701000850
:1000B000B7010008B7010008B7010008B701000840
:1000C000B7010008B7010008B7010008B701000830
:1000D000B7010008B7010008B7010008B701000820
:1000E000B7010008B7010008B7010008B701000810
:1000F000B7010008B7010008B7010008B701000800
:10010000B7010008B7010008B7010008B7010008EF
:10011000B7010008B7010008B7010008B7010008DF
:10012000B7010008B7010008B7010008B7010008CF
:10013000B7010008B7010008B7010008B7010008BF
:10014000B7010008B7010008B7010008B7010008AF
:10015000B7010008B7010008B7010008B70100089F
:10016000B7010008B7010008B7010008B70100088F
:10017000B7010008B7010008B7010008B70100087F
:10018000B7010008B7010008DFF80CD000F0A2FAB0
:1001900000480047892E0008B80C00200648804718
:1001A00006480047FEE7FEE7FEE7FEE7FEE7FEE75C
:1001B000FEE7FEE7FEE7FEE7B92300088901000835
:1001C0002DE9FE4F804681EA0300C00F0C460090E7
:1001D00021F0004123F00045B8EB0200A94105D20F
:1001E0004046214690461C460B46024623F00040FE
:1001F000104347D0270DC7F30A00C3F30A510290FA
:10020000401A019040286BDAC3F3130040F4801BBE
:100210000098924620B10023D2EB030A63EB0B0B4C
:1002200001985946C0F14002504600F036F90646A2
:100230000D4650465946019A00F03EF910EB080071
:100240006141002487EA115284EAE7731A4340D0DF
:10025000009A62B3019A012A4FEA075215DC001B8B
:1002600061EB02014FF0004202EA0752CDE9004281
:10027000001C41F5801132462B4600F03EF903B0D8
:10028000BDE8F08F40462146F9E7001B61EB020113
:10029000001C41F5801300185B412018A2F50017DF
:1002A00047EB030140EAD570B6196D4111E06D08C6
:1002B0004FEA360645EAC0754FEA0752001B61EB6C
:1002C0000201001C41F5801149084FEA3000001975
:1002D000514132462B4603B0BDE8F04F00F0FEB866
:1002E0000098012240000023D0EB020263EBE07390
:1002F000009821464FEAE074B8EB000061EB04017E
:10030000E9E783F000435BE781F0004158E72DE91E
:10031000FE4F81EA030404F0004421F00041009400
:100320004FF0000B23F0004350EA01045ED052EA84
:1003300003045BD0C3F30A54C1F30A552C44A4F25E
:10034000F3340194A0FB0254C1F3130141F4801172
:10035000C3F3130343F4801301FB024400FB034E79
:10036000840A970A44EA815447EA8357A4FB076842
:1003700002958D0A05FB07854FEA932C04FB0C546C
:100380002705029D4FEA065847EA1637B5EB0805E0
:100390006EEB070C870E920E47EA811742EA831232
:1003A000A7FB0201B6EB0B0164EB00042B0D43EA43
:1003B0000C335E1844EB1C50DA465146E7FB020151
:1003C000C5F313044FEA0B3343EA14534FEA0432E4
:1003D000019C43EA0603A4F10C040294009CCDE9BD
:1003E00000B400F08AF803B0BDE8F08F00200146A9
:1003F000F9E70EB540F2334102910021CDE9001139
:100400000A460B4600F079F803B000BD30B50B4644
:10041000014600202022012409E021FA02F59D4234
:1004200005D303FA02F5491B04FA02F52844151E08
:10043000A2F10102F1DC30BD2DE9F05F054600209C
:1004400092469B4688460646814640241BE0284645
:1004500041464746224600F04FF953465A46C01AD5
:10046000914110D311461846224600F016F82D1A75
:1004700067EB01084F4622460120002100F00DF8ED
:1004800017EB00094E41201EA4F10104DFDC4846B1
:1004900031462A464346BDE8F09F202A04DB203A35
:1004A00000FA02F1002070479140C2F1200320FAC7
:1004B00003F3194390407047202A06DBCB17203AFC
:1004C00041FA02F043EAE07306E041FA02F3D04059
:1004D000C2F12002914008431946704710B5141E1E
:1004E00073F1000408DA401C41F1000192185B41ED
:1004F0001A4301D120F0010010BD2DE9F04D9246C4
:100500009B4611B1B1FA81F202E0B0FA80F22032DA
:100510009046FFF7C2FF04460F4640EA0A0041EA50
:100520000B0153465A46084313D0114653EA0100C3
:1005300019D0C8F14002504600F0DEF805460E46DC
:10054000504659464246FFF7A8FF084305D0012010
:1005500004E020463946BDE8F08D0020054346EA18
:10056000E0762C4337430A986305E40AA0EB0800C1
:100570000022FD0A44EA47540A3002D50020014611
:10058000E9E7010510196941DDE9084500196941EC
:10059000BDE8F04DA2E72DE9F04D81EA030404F037
:1005A000004B21F0004514464FF0000A23F00041B3
:1005B00050EA050220D054EA01021DD0C5F30A57C3
:1005C0000246C5F31303C1F31300C1F30A5640F406
:1005D000801543F48013A7EB0608101BD64608F2DB
:1005E000FD3873EB050002D308F1010801E0921811
:1005F0005B41B8F1000F03DA00200146BDE8F08D41
:1006000000204FF48011064684460EE0171B73EB62
:10061000050705D3121B63EB050306434CEA010CE7
:1006200049084FEA300092185B4150EA0107EDD1CA
:1006300052EA030012D082EA040083EA050108436B
:1006400005D0101BAB4106D20122002306E0002298
:100650004FF0004302E06FF0010253101AEB060066
:100660004CEB085110EB0A0041EB0B01BDE8F04DDB
:10067000FFF734BFC1F30A52C1F3130140F2FF3355
:1006800041F480119A4202DA00200146704740F29C
:1006900033439A42A2F2334202DC524200F02CB8B9
:1006A000FFF7FBBE30B5041E71F1000404DB4FF010
:1006B0000044404264EB0101141E73F1000405DBA9
:1006C0001C464FF00043524263EB0403994208BFBB
:1006D000904230BD064C074D06E0E06840F0010353
:1006E00094E8070098471034AC42F6D3FFF750FD6A
:1006F000809C0008A09C0008202A04DB203A21FAF4
:1007000002F00021704721FA02F3D040C2F120022A
:100710009140084319467047FEE770470A484FF476
:100720007A710068B0FBF1F0401EB0F1807F0AD210
:100730004FF0E0214861054AF02082F8140D0020B6
:100740008861072008617047840000200FE000E006
:100750000249086008680028FCD1704700000020AA
:10076000F0B50023012403270D6804FA03F21540B5
:10077000954242D1D0F800C05E0007FA06F52CEA97
:10078000050CC0F800C091F804C0D0F800E00CFAE5
:1007900006FC4CEA0E0CC0F800C091F804C0BCF195
:1007A000010F02D0BCF1020F1FD1D0F808C02CEA13
:1007B000050CC0F808C091F805C0D0F808E00CFAA4
:1007C00006FC4CEA0E0CC0F808C0D0F804C02CEAB5
:1007D000020CC0F804C0426891F806C00CFA03FC91
:1007E0001FFA8CFC42EA0C024260C268AA43C26053
:1007F000CA79C568B2402A43C2605B1C102BB3D3D0
:10080000F0BD4B07DB0E9A40C90810B500EB810024
:10081000016A0F249C40A1430162016A11430162F5
:1008200010BD4183704701837047FEE71CB501216D
:10083000042001F0E3FB00208DF8040001218DF875
:1008400007108DF805000220009069460148FFF767
:1008500087FF1CBD000802402DE9F041204C00211B
:10086000A089401E83B26089401E82B2084600F013
:1008700053FD1C48018821F040010180018841F4AA
:1008800000610180018841F040010180164EC513CE
:100890007583A288134997B20023B4F80CE06289EB
:1008A000083101F1040C02FB0EF205E0ACF8007017
:1008B0000C88A407FCD55B1C9A42F7D80A8812065C
:1008C000FCD43583018821F040010180018821F4A6
:1008D00000610180018841F040010180BDE8F081A4
:1008E000A8080020003C00400000024008B500239A
:1008F00041F288310DE000BFADF8003005E000BFE7
:10090000BDF80020521CADF80020BDF800208A423E
:10091000F6D3401EF0D208BD2DE9F05F0023203A47
:1009200002F0FF0B284A824689464FF400401C46DD
:1009300019465083DFF894E0254EDEF8000026E0EB
:100940000768DFF890C00BFB0272BCF80070BCF8BF
:1009500004C09D5C0022BFB21FFA8CFC5FEAC57820
:1009600002D026F8147001E026F814C0641C491C5B
:10097000B0F804806D0889B2A4B2884501D1002185
:1009800003E0521C92B2082AE8D35B1C9BB2028996
:100990009A42D5D8C288A9F1010111448BB281884D
:1009A000AAF10100084482B274464946504600F05C
:1009B000B3FC20688188C088BDE8F05F414389B2FC
:1009C000034801F089BA0000000002407C000020CA
:1009D000A8000020A80800202DE9F05FDFF8D080F3
:1009E00083468A46D8F804000023177805890668EC
:1009F00019465C1C05FB04FC16F80CC0BC4508D16C
:100A000004FB056492F801C06478644501D19946FD
:100A100004E09B1C44899BB29C42EAD80022134606
:100A2000C646244E27E00768DFF88CC009FB047433
:100A3000BCF80070BCF804C01D5D0024BFB21FFAF2
:100A40008CFC00BF5FEAC57802D026F8127001E086
:100A500026F812C0521C491CB0F804806D0889B2F7
:100A600092B2884501D1002103E0641CA4B2082C95
:100A7000E8D35B1C9BB204899C42D4D8C288AAF1FB
:100A8000010111448BB28188ABF10100084482B2AC
:100A900074465146584600F03FFC60688188C08823
:100AA000BDE8F05F414389B2024801F015BA000089
:100AB0007C000020A8000020A808002030B50546D2
:100AC000094887B00C46007A8DED000B50B107A1A4
:100AD00002A801F057FD02AA2146284600F02CF892
:100AE00007B030BD03A1F3E7A8080020252A2E2A6D
:100AF0006C66000025302A2E2A6C66007FB51E46E3
:100B0000094B05460C46187A1346324648B107A1F0
:100B1000684601F037FD6A462146284600F00CF889
:100B20007FBD03A1F4E70000A8080020252A640087
:100B300025302E2A640000002DE9F0411546884634
:100B400004460A4F0A4E08E041462046FFF7E4FEFD
:100B500038686D1C8088204484B27089A04202D914
:100B60002A78002AF0D1BDE8F08100007C00002046
:100B7000A80800202DE9F04114460F4605460E4E08
:100B800015E07F2A09D839462846FFF7C5FE3068A8
:100B9000641C8088284485B209E0224639462846EC
:100BA000FFF71AFF7068A41C8088284485B2227859
:100BB000002AE6D1BDE8F0817C0000202DE9F84F45
:100BC00081465542002602201E4F884600EB450410
:100BD000A9EB05003A6808EB060A00901FFA8AF1B3
:100BE00080B200F04BFA09EB050B1FFA8AF11FFAED
:100BF0008BF03A6800F042FAA8EB060A1FFA8AF175
:100C00001FFA8BF03A6800F039FA00981FFA8AF15F
:100C10003A6880B200F032FA2046B44208DC761C12
:100C200000EB4604641CF54202D1A84200DC00201F
:100C3000A84203DD6D1C04EB4504641C002DC7DDD8
:100C4000BDE8F88FA80800202DE9F05F00EE102A1B
:100C500080465742F8EEC00A00EE103A022000EB40
:100C60004704B8EEC00A00256C480E462DED028BF5
:100C70009A4267DD80EE808A4FEA000900EE105A42
:100C8000A8EB070BD9F80020B8EEC00AC0EE080A9E
:100C9000BCEEE00A10EE100A304481B21FFA8BF06D
:100CA00000F0ECF900EE105A08EB070AD9F8002022
:100CB000B8EEC00AC0EE080ABCEEE00A10EE100A58
:100CC000304481B21FFA8AF000F0D8F900EE105AD1
:100CD000D9F80020B8EEC00AC0EE080ABCEEE00A5F
:100CE00010EE100A301A81B21FFA8AF000F0C6F92D
:100CF00000EE105AD9F80020B8EEC00AC0EE080A7B
:100D0000BCEEE00A10EE100A301A81B21FFA8BF026
:100D100000F0B4F92046AC4208DC6D1C00EB450441
:100D2000641CEF4202D1B84200DC0020B84203DD6F
:100D30007F1C04EB4704641C002F9FDDBDEC028B7D
:100D4000BDE8F09F80EE208A5F420025814600BF0B
:100D500000EE105A06EB070A1FFA8AF1B8EEC00A35
:100D6000D9F80020C0EE080ABCEEE00A10EE100A26
:100D7000A8EB000080B200F081F900EE105A1FFAD3
:100D80008AF1D9F80020B8EEC00AC0EE080ABCEE1D
:100D9000E00A10EE100A404480B200F06FF900EE55
:100DA000105AA6EB070A1FFA8AF1B8EEC00AD9F862
:100DB0000020C0EE080ABCEEE00A10EE100A404423
:100DC00080B200F05BF900EE105A1FFA8AF1D9F8F0
:100DD0000020B8EEC00AC0EE080ABCEEE00A10EE31
:100DE000100AA8EB000080B200F048F92046AC429F
:100DF00009DC6D1C05EB45010C18641CEF4202D1A7
:100E0000B84200DC0020B84204DD7F1C07EB47003D
:100E10000444641C002F9BDD90E70000A80800201C
:100E20002DE9FF4F83B00746064604989B464FF4D2
:100E300080610090B1FBFBF0DDF84090144601901A
:100E400038194FF0000A401E554602906EE000200F
:100E5000F4EE000A27E000BF374B99F80020A3F515
:100E6000006EB3F800C09B8800211FFA8CFC9BB277
:100E70005FEAC27802D02EF815C001E02EF81530D6
:100E8000761CB6B26D1C5208A6EB0708ADB2A045A1
:100E900001D13E4603E0491C89B20829E8D3401C31
:100EA00009F1010980B200EE104AB8EE400A20EEC6
:100EB000201A00EE100AB8EE400AB4EEC01AF1EEA5
:100EC00010FAC9DC01986043A84216D1DDE900019F
:100ED00000EB0108A8F1010083B20298002582B25C
:100EE0003846009900F018FA0198604381B213481F
:100EF00000F0F2FF1FFA88F000900AF10108D845CF
:100F000012D1049902988A4482B21FFA8AF33846B1
:100F1000009900F001FA0099AAEB0100401C60431F
:100F200081B2064800F0D8FF1FFA88FADA458ED35E
:100F300007B0BDE8F08F0000A8080020A80000203E
:100F40002DE9FE4F0027141A002C00DC841A0FFA3A
:100F500084F85C1A002C00DCCC1A0FFA84FC06B270
:100F60000DB24FF0FF34824203D30120824601903C
:100F700001E0A24601948B4203D3012081460090F8
:100F800001E0A1460094E0454FF0000008DB8146F7
:100F9000019008EBD870C3464410CDF808C026E095
:100FA000824600200090E3460CEBDC70CDF8088010
:100FB0004410D8461BE01048A9B20268B0B200F055
:100FC0005DF80298204404B25C4508DBA4EB0B00FA
:100FD00004B20198304406B20098284405B206EBEA
:100FE0000A0006B205EB09007F1C05B23FB2474577
:100FF000E1DDBDE8FE8F0000A808002070B51446B2
:101000000C4A0B46A2F500651288002192B203E05B
:1010100025F81120491C89B2A142F9D30119491EB2
:101020008AB2194600F078F92146BDE870400248BE
:1010300000F052BFA8080020A800002070B50D4B9A
:101040001446A3F500651B8800229BB204E000BF94
:1010500025F81230521C92B2A242F9D30A19521E3C
:1010600093B2024600F058F92146BDE870400248AC
:1010700000F032BFA8080020A800002070B50B4681
:10108000024600F049F9074D4FF400446C830648CE
:10109000008880B200F07AFF044801880906FCD479
:1010A0002C8370BD00000240A8080020083C0040CE
:1010B0002DE9F0411C4616460D460746FFF79EFFF8
:1010C0002819401E81B232463846FFF797FF224664
:1010D00029463846FFF7B2FFB81922462946BDE82F
:1010E000F041401E80B2FFF7A9BF2DE9F84F8B46B3
:1010F000032190460746A1EB4806002415464FF60B
:10110000FF7931E08DB1ABEB050081B2009009EAC7
:101110004502381B924680B2FFF790FF0098524676
:1011200081B2381980B2FFF789FF8CB1ABEB0400B4
:1011300081B2009009EA4402781B924680B2FFF720
:101140007DFF0098524681B2781980B2FFF776FF92
:10115000002E03DA06EB8406B61D04E0601B06EBE6
:1011600080066D1E0A36641CAC42CBD942465946F5
:101170003846BDE8F84FFFF721BD00002DE9F041EA
:101180001D4614464A19521E93B20219521E92B2BB
:1011900000F0C2F81A48018821F04001018001885E
:1011A00041F400610180018841F040010180154F48
:1011B000C6137E83144B124A002108321B8802F1A9
:1011C000040C9BB26C4306E0ACF800301588AD0708
:1011D000FCD5491C89B28C42F6DC11880906FCD486
:1011E0003E83018821F040010180018821F40061E3
:1011F0000180018841F040010180BDE8F0810000DC
:10120000003C004000000240A80800202DE9FC41FD
:101210000121CC03204600F0FDFE01210B2000F04F
:10122000EDFE234E062203213046FFF7EAFA06229E
:1012300005213046FFF7E5FA02258DF8045003201A
:101240008DF8050000208DF806008DF807000820B5
:10125000009069463046FFF783FA202000906946E7
:101260003046FFF77DFA01208DF80400114F8DF80C
:101270000550694638460094FFF772FADFF8388067
:10128000A510694640460095FFF76AFAE6106946E0
:1012900040460096FFF764FA29464046FFF7C3FA36
:1012A0003C8331464046FFF7BEFABDE8FC810000B2
:1012B0000004024000000240000C024010B5012171
:1012C00086B0C80300F0A6FE4FF44040ADF8000021
:1012D0004FF48270ADF802000020ADF80800ADF8C0
:1012E0000400ADF80C00ADF80600ADF80E004FF4A8
:1012F00000710720074CADF80A10ADF810006946E0
:10130000204600F0F1FE0121204600F0E3FE06B089
:1013100010BD0000003C00402DE9F047174E4FF48F
:1013200000459A4617468846814675832A2000F074
:101330000BFE134CA17B01EB090080B200F026FEEE
:10134000A07B384480B200F021FE2B2000F0FCFD91
:10135000E17B01EB080080B200F018FEE17B01EBBD
:101360000A0080B200F012FE2C2000F0EDFD0548CE
:1013700001880906FCD43583BDE8F08700000240EF
:10138000A8080020083C00400149086070470000A0
:101390007C0000204FF478414FF4FC6201EA1021F8
:1013A00002EA5012C0F3C4001143014301484160F6
:1013B00070470000A80800204FF478414FF4FC6209
:1013C00001EA102102EA5012C0F3C40011430143A4
:1013D0000148016070470000A80800202DE9F05F77
:1013E000244CDFF894B04FF400486072ABF81A80D8
:1013F0002825F0264FF0350A872740B14FF03409F1
:1014000002280ED0012815D003281FD029E036204D
:1014100000F09AFD702000F0C7FDA57384F80FA0BE
:1014200011E0362000F090FD002000F0BDFD84F8B2
:101430000E9013E0362000F087FDA02000F0B4FDF0
:10144000A57384F80F906681A7810AE0362000F02A
:101450007BFDC02000F0A8FD84F80EA0E573678135
:10146000A681064801880906FCD4ABF81880BDE8BF
:10147000F09F0000A808002000000240083C004047
:101480000C494860808814280FD005DC0C280AD04D
:10149000102807D1084804E0182808D0202801D1D6
:1014A0000648086070470648FBE70648F9E7064823
:1014B000F7E700007C0000206400002040000020CE
:1014C00070000020580000204C00002001490872E4
:1014D00070470000A80800202DE9F05F00240120DB
:1014E000FFF77CFF2448FFF7CBFF0020FFF764FFE6
:1014F000DFF88C90DFF884B0204D214E214FDFF8CB
:101500008880DFF888A009F17F090BF17F0B082C98
:101510000AD2DFE804F004062426282A2C2E2846C6
:1015200000E03046FFF736FFFFF796F918A21421C6
:101530000D20FFF71FFB1AA238210D20FFF71AFB21
:101540001CA25C210D20FFF715FB4FF47A70FFF70A
:10155000FFF8641CE4B2082CD9D3BDE8F09F3846EC
:10156000E0E74046DEE74846DCE75046DAE7584623
:10157000D8E76FF07F40D5E7280000208080FF008B
:1015800080FF8000FF80800080FFFF00A3A3A300F6
:1015900053544D333220CBA2C6C1B2E2CAD40000AC
:1015A000C6C1C4BBB7D6B1E6C2CA3A3234302A315A
:1015B00033350000BFD8D6C6C6F73A53543737384C
:1015C0003900000070B50020FFF7E4FEFFF744F992
:1015D0003C48FFF755FF6FF07F40FFF7EDFE00211D
:1015E00039A20846FFF7C6FA00244FF47F0500BF72
:1015F000A5EB0440FFF7E0FE0A2214212046FFF786
:101600001DFD641CA4B2F02CF2D300244FF47F45DE
:10161000A5EB0420FFF7D0FE0A221E212046FFF78B
:101620000DFD641CA4B2F02CF2D30024C4F1FF0021
:10163000FFF7C2FE0A2228212046FFF7FFFC641CA8
:10164000A4B2F02CF2D332242248FFF7B5FE3721A2
:101650000A235A229620FFF791FD1FA2214600205F
:10166000FFF76AFA1F48FFF7A7FE4B210A235A2209
:101670009620FFF783FD46211BA20020FFF75CFAAE
:101680001D48FFF799FE5F210A235A229620FFF793
:1016900075FD5A2119A20020FFF74EFA1B48FFF7EB
:1016A0008BFE73210A235A229620FFF767FD6E21D5
:1016B00017A20020FFF740FABDE870404FF4FA602F
:1016C000FFF746B81C000020524742C8FDBBF9C9CD
:1016D000AB3A0000FFFF80004C494748545F435934
:1016E000414E0000FF80FF004C494748545F4D4188
:1016F00047454E544100000080FFFF004C494748D9
:10170000545F59454C4C4F5700000000A3A3A30061
:101710004C494748545F4752455900002DE9F8436A
:101720000220FFF75BFE0020FFF734FEFFF794F87E
:101730005F48FFF7A5FE5F4D2846FFF73DFE5EA21E
:101740000A210020FFF716FA5E4E3046FFF734FEFE
:101750005D4C3C231A46322125200094FFF760FBA4
:101760005A48FFF78DFE5A4F3846FFF725FE59A21B
:1017700082212320FFF7FEF958A2A2212320FFF7A0
:10178000F9F94FF47A784046FEF7E2FF0020FFF7C0
:1017900025FE0020FFF7FEFDFFF75EF84448FFF747
:1017A0006FFE2846FFF708FE4EA20A211420FFF71D
:1017B000E1F93046FFF700FE3C231A4632211E2095
:1017C0000094FFF72DFB4148FFF75AFE3846FFF71C
:1017D000F3FD40A22D217820FFF7CCF93FA24D2147
:1017E0007820FFF7C7F94046FEF7B2FF0320FFF766
:1017F000F5FD0020FFF7CEFDFFF72EF83C48FFF780
:101800003FFE2846FFF7D8FD3AA20A210020FFF745
:10181000B1F93046FFF7D0FD3C231A46322125208E
:101820000094FFF7FDFA2948FFF72AFE3846FFF734
:10183000C3FD28A282212320FFF79CF927A2A22121
:101840002320FFF797F94046FEF782FF0120FFF7BC
:10185000C5FD0020FFF79EFDFEF7FEFF1448FFF7D1
:101860000FFE2846FFF7A8FD27A20A211420FFF744
:1018700081F93046FFF7A0FD3C231A4632211E2095
:101880000094FFF7CDFA1148FFF7FAFD3846FFF74D
:1018900093FD10A22D217820FFF76CF90FA24D21A6
:1018A0007820FFF767F94046BDE8F843FEF750BFE0
:1018B00028000020FBF9DFFF446972656374696FDB
:1018C0006E5F56008DE5F6FFDE96000834000020BE
:1018D000A8D39DFFC2B9D0A1B0E00000BFC6BCBC78
:1018E00000000000446972656374696F6E5F4800B0
:1018F00010000020446972656374696F6E5F565F03
:10190000466C697000000000446972656374696F19
:101910006E5F485F466C69700000000010B50020E3
:10192000FFF738FDFEF798FF6FF07F40FFF744FDAB
:1019300000218723F0220846FFF7BAFB4FF47F000F
:10194000FFF73AFD1E2246218E20FFF7CEFB4FF413
:101950007F40FFF731FD1E224621AC20FFF7C5FB7B
:10196000FF20FFF729FD1E224621CA20FFF7BDFBFD
:101970002C48FFF721FD542371222E211A20FFF756
:10198000DFFA65236A222A212320FFF7D9FA782378
:101990005D2228212D20FFF7D3FA80234522242120
:1019A0003420FFF7CDFA80232C2224213E20FFF79C
:1019B000C7FA4FF47A742046FEF7CAFEFEF74CFFD2
:1019C0001948FFF7F9FC1E2248217820FFF7F6F8A6
:1019D000142248217820FFF7F1F81448FFF7ECFCB7
:1019E00028235A2248217820FFF72EF9282346225F
:1019F00048217820FFF728F90C487F30FFF7DCFCFE
:101A00003223642248217820FFF71EF93C236E22FE
:101A100048217820FFF718F92046BDE81040FEF76E
:101A200097BE000000FFFF00FFFF80008080FF00E6
:101A300008B50020FFF7AEFCFEF70EFF1348FFF7D6
:101A4000BBFC13483C2300901A4625211020FFF7C9
:101A5000E7F91048FFF7B0FC0F483C2300901A4606
:101A600025215A20FFF7DCF90C48FFF7A5FC0C48AC
:101A70003C2300901A462521A420FFF7D1F9BDE8A8
:101A800008404FF4FA60FEF763BE00008DE5F6FFF4
:101A9000DE960008A8D39DFFBE9800085387FFFF7D
:101AA0009E9A000870B50020FFF774FCFEF7D4FE84
:101AB0006FF07F442046FFF77FFC4248FFF764FC4D
:101AC000002141A20846FFF737F84348FFF75CFCC6
:101AD00042A220210020FFF72FF82012FFF76CFC14
:101AE0004448FFF751FC44A238210020FFF724F8B6
:101AF0004848FFF749FC48A24C210020FFF71CF89A
:101B00004D48FFF741FC4DA25C210020FFF714F87F
:101B10005548FFF7B5FC5548FFF74EFC54A26F211E
:101B20000020FFF727F84FF4FA652846FEF710FE6D
:101B3000FEF792FE5148FFF7A3FC5148FFF73CFC2B
:101B400050A200210E20FFF715F85248FFF798FC2D
:101B50005148FFF731FC51A20C210E20FFF70AF883
:101B60005248FFF78DFC5248FFF726FC51A21C217A
:101B70000E20FEF7FFFF3C48FFF782FC5148FFF7BD
:101B80001BFC51A230210E20FEF7F4FF5248FFF754
:101B900077FC5248FFF710FC51A248210E20FEF7B7
:101BA000E9FF3148FFF76CFC2046FFF705FC50A227
:101BB00067210E20FEF7DEFF2846BDE87040FEF7E5
:101BC000C7BD0000400000202123242728292A2BFC
:101BD0002C2D2E30313233004C00002021232427BD
:101BE00028292A2B2C2D2E303132333435363738F4
:101BF00000000000580000202123242728292A2B38
:101C00002C2D2E303132333435363738393A3B3C8F
:101C100000000000640000202123242728292A2B0B
:101C20002C2D2E303132333435363738393A3B3C6F
:101C30003D3E3F4041420000700000202123242708
:101C400028292A2B2C2D2E30313233343536373893
:101C5000393A3B3C3D3E3F4041424344454647487C
:101C6000494A4B4C000000002800002000FFFF0004
:101C70004153434949D7D6B7FBBCAF00040000200D
:101C8000D1C68A00313231323AC2B9D0A1B0E0BFF8
:101C9000C6BCBC0010000020A5E1C50031363136BD
:101CA0003AC2B9D0A1B0E0BFC6BCBC001C00002045
:101CB00049B5FF00323032303AC2B9D0A1B0E0BFEE
:101CC000C6BCBC005D58FF00323432343AC2B9D0D1
:101CD000A1B0E0BFC6BCBC0034000020B9B6FF0014
:101CE000333233323AC2B9D0A1B0E0BFC6BCBC0077
:101CF000D6D0CEC4CFD4CABE000000002DE9F05F1C
:101D00004FF000082DED088B464647469FED599B46
:101D10009FED5A8B4046FFF73DFBFEF79DFD59486E
:101D2000FFF7AEFB5848FFF747FB002157A20846D4
:101D3000FEF720FF57A216210020FEF71BFFDFF859
:101D40005C914846FFF738FB55A22C210020FEF796
:101D500011FF56A242210020FEF70CFFDFF854A12C
:101D60005046FFF729FB54A258210020FEF702FF3E
:101D700053A26E210020FEF7FDFE0024CB469FED0E
:101D800052AB9FED53BB4048FFF716FB0120FFF716
:101D90009DFB04EB840006EB40020423002150204D
:101DA000FEF7ACFE604200EB800007EB400204232C
:101DB00016215020FEF7A2FE5846FFF7FDFA01203B
:101DC000FFF784FBC4EB041000EB800508EB450231
:101DD00008232C218220FEF791FE0020FFF776FBDE
:101DE00006EB4502082342218220FEF787FE50467B
:101DF000FFF7E2FA0120FFF769FB2046FEF7F9FA48
:101E0000894649EC100B054653EC1A2B51EC100B8C
:101E1000FEF77DFA53EC192BFEF7D2F941EC100BCB
:101E20000323062258216420FEF748FE49EC105B8C
:101E300053EC1B2B51EC100BFEF769FA53EC182BEB
:101E4000FEF7BEF941EC100B04230B226E21642037
:101E5000FEF734FE0F20FEF77BFC641CA4B2642C5A
:101E600091D3BDEC088B40F6C410BDE8F05FFEF7DF
:101E70006FBC00004AD8124DFB2109404ED1915C45
:101E80007E4893C028000020FFFF8000D5FDCAFDDA
:101E90003A000000B8BACAFD3A00000080FFFF0017
:101EA000CCEEB3E4BFD5B8F13A000000CCEEB3E419
:101EB000303A00008080FF00D5FDD0A1CAFD3A0075
:101EC000B8BAD0A1CAFD3A009A9999999999B93F9F
:101ED0007B14AE47E17A843FF0B5194A138823F0AA
:101EE00040031380138843F400631380138843F086
:101EF00040031380134ED5137583114C002308340F
:101F0000271D09E030F813C0A7F800C0B4F800C0DE
:101F10005FEA8C7CFAD55B1C8B42F3D320880006E9
:101F2000FCD43583108820F040001080108820F405
:101F300000601080108840F040001080F0BD00006C
:101F4000003C0040000002402DE9F0410D4C0746E6
:101F500020880006FCD40C4E4FF40055294630462C
:101F6000FEF75FFC0748001D078020888007FCD52E
:101F700020880006FCD429463046BDE8F041FEF733
:101F800052BC0000083C0040000C0240054A010A17
:101F90001180111F0B889B07FCD5108008888007D3
:101FA000FCD570470C3C004003490880081F01889D
:101FB0008907FCD5704700000C3C00401CB501218E
:101FC000042000F01BF801208DF8040000218DF89A
:101FD00006108DF80700064C8DF805100090694634
:101FE0002046FEF7BDFB01212046FEF71AFC1CBD72
:101FF00000080240FEE7704770470000044A0029CD
:10200000116801D0014300E0814311607047000076
:1020100030380240044A0029116801D0014300E031
:10202000814311607047000040380240044A002993
:10203000116801D0014300E0814311607047000046
:102040004438024070B5204A1168204C11F00C0150
:1020500004D06610042903D0082903D004601BE0D3
:10206000066019E01849091F0B68C3F380550B6817
:1020700003F03F0315B1B6FBF3F301E0B4FBF3F358
:102080000C680968C4F388146343C1F30141491C17
:102090004900B3FBF1F1016011680F2303EA11114C
:1020A0000B4B5C5C0168E14041601468072505EA60
:1020B00094241C5D21FA04F48460126805EA52320B
:1020C0009A5CD140C16070BD083802400024F40021
:1020D000980000200029018802D041F0400101E071
:1020E00021F040010180704730B502884C8802F42D
:1020F00041530A88CD8822438C882C4322430C8983
:1021000022434C8922438C892243CC8922431A439F
:102110000280828B22F400628283098A018230BDB0
:1021200070B5FFF773F8FFF7C9F80520FEF7DEFB7F
:102130006C4D4FF400446C833620FFF705FF002000
:10214000FFF732FF3A20FFF7FFFE0520FFF72CFFD5
:10215000B220FFF7F9FE0C20FFF726FF0C20FFF757
:1021600023FF0020FFF720FF3320FFF71DFF332060
:10217000FFF71AFFB720FFF7E7FE3520FFF714FF40
:10218000BB20FFF7E1FE1920FFF70EFFC020FFF78D
:10219000DBFE2C20FFF708FFC220FFF7D5FE012051
:1021A000FFF702FFC320FFF7CFFE1220FFF7FCFE70
:1021B000C420FFF7C9FE2020FFF7F6FEC620FFF778
:1021C000C3FE0F20FFF7F0FED020FFF7BDFEA420D6
:1021D000FFF7EAFEA120FFF7E7FEE020FFF7B4FEDD
:1021E000D020FFF7E1FE0420FFF7DEFE0D20FFF711
:1021F000DBFE1120FFF7D8FE1320FFF7D5FE2B20C2
:10220000FFF7D2FE3F20FFF7CFFE5420FFF7CCFEB2
:102210004C20FFF7C9FE1820FFF7C6FE0D20FFF780
:10222000C3FE0B20FFF7C0FE1F20FFF7BDFE2320DB
:10223000FFF7BAFEE120FFF787FED020FFF7B4FEDC
:102240000420FFF7B1FE0C20FFF7AEFE1120FFF7D0
:10225000ABFE1320FFF7A8FE2C20FFF7A5FE3F20C2
:10226000FFF7A2FE4420FFF79FFE5120FFF79CFEE0
:102270002F20FFF799FE1F20FFF796FE1F20FFF784
:1022800093FE2020FFF790FE2320FFF78DFE2120F4
:10229000FFF75AFE1120FFF757FE7820FEF726FBC6
:1022A0002920FFF751FE104801880906FCD42C8331
:1022B0000220FFF793F80020FFF76CF86FF07F40E3
:1022C000FFF77AF8FEF7C8FA094908480860094993
:1022D00000200872BDE870404FF480510648FEF7B8
:1022E000A0BA000000000240083C00404C00002062
:1022F0007C000020A8080020000C0240704700006D
:102300000CB500202749019000900A6842F4803201
:102310000A604FF4A0430A6802F400320092019A66
:10232000521C0192009A12B9019A9A42F3D10A689A
:10233000920334D5012000901A484030026842F0E0
:10234000805202601848026842F440420260154818
:10235000083002680260026842F4004202600268CB
:1023600042F4A0520260031F104A1A600A6842F049
:1023700080720A600A689201FCD50D4A40F205712C
:102380001160016821F003010160016841F0020160
:1023900001600168C1F381010229FAD10CBD0090EE
:1023A0000CBD000000380240007000400854400797
:1023B000003C024000F02EB8124810B5016841F40C
:1023C000700101601048016841F0010101600E4A8E
:1023D00000210832116002680C4B1A400260031D94
:1023E0000B4A1A60026822F48022026006480C3010
:1023F0000160FFF785FF03494FF0006080390860F6
:1024000010BD000088ED00E000380240FFFFF6FE3E
:102410001030002403480168002902D00168491ED9
:1024200001607047000000200029818902D041F43A
:10243000005101E021F40051818170471CB5012158
:102440000846FFF7DBFD02208DF8040000208DF820
:10245000060001218DF807108DF8050048020B4C8D
:10246000009069462046FEF77BF9201500906946EA
:102470002046FEF775F9072209212046FEF7C1F92B
:1024800007220A212046FEF7BCF91CBD00000240CD
:102490007FB50446008A0D4620F44051E888084381
:1024A0002082A08941F20C618843A9882A891143BE
:1024B0006A8902431143A181A08A20F44071A8894E
:1024C0000843A0826846FFF7BDFD1A48844202D047
:1024D0001948844201D1039800E00298A1890904B7
:1024E00000EBC00101EB0010296801D5490000E0B4
:1024F0008900B0FBF1F26420B2FBF0F109010B0995
:102500006FF018056B4302EB8302A3891D044FF0A3
:10251000320306D503EBC202B2FBF0F000F0070075
:1025200005E003EB0212B2FBF0F000F00F000843ED
:1025300020817FBD0010014000140140FEE7000033
:102540001FB501211020FFF771FDFFF777FF4FF452
:10255000E13000900020ADF80800ADF804000C2137
:10256000074CADF80600ADF80A10ADF80C0069464E
:102570002046FFF78DFF01212046FFF755FF1FBDC5
:10258000001001400FB4084B10B504A902AA03982B
:1025900000F0DEF8044602A9002000F070FC20469E
:1025A00010BC5DF814FB00007F2E000802E008C894
:1025B000121F08C1002AFAD170477047002001E0BD
:1025C00001C1121F002AFBD1704700002DE9FF5FF7
:1025D00082B00021DDE90430020DDDF840B0034394
:1025E00018D044F61050A2F2FF324243151411984D
:1025F00001281FD0A5EB0B00401C5FEA000A4FF03A
:1026000000064E4FDFF83891B046504615D5CAF156
:10261000000413E0119801244AA3012801D16FEAB4
:102620000B010298119AC0E90031C0E9024206B0DC
:10263000BDE8F09FCBF10000DFE704460021404AEF
:10264000491842EB0450CDE9001012E0E00707D032
:1026500032463B4640464946FDF759FE804689468C
:1026600032463B4610461946FDF751FE06460F46D8
:102670006410002CEAD1DDE90401DDE90023BAF1A0
:10268000000F06DAFDF743FE42464B46FDF73FFEDC
:1026900005E0FDF780FF42464B46FDF77CFF044610
:1026A0000E460022284BFDF7FDFF03D84FF0FF3008
:1026B000014607E00022254B20463146FDF780FD0C
:1026C000FDF7D8FF102409E0002C0ADB0A220023C2
:1026D000FDF7B2FE039B30321A55641E50EA010228
:1026E000F2D1641C039AC4F111031444119A012A13
:1026F00003D0012208430DD10AE0084304D0002092
:102700004FF0110B119072E7A3EB0B056D1E0DE05E
:102710005B4504DD4FF0000205F1010504E003DA3A
:102720004FF00002A5F10105002AECD002981199A2
:10273000C0E90231C0E9004579E70000000014401B
:102740000000F03F300000000000F0430000E03FD8
:102750002DE9FF4F95B09B468946064600250FE2BE
:10276000252877D100242746F84A0121059400E066
:10277000044316F8013F203B01FA03F01042F7D161
:1027800030782A2811D06FF02F033078A0F1300272
:10279000092A16D8059A44F0020402EB820203EBE0
:1027A00042021044761C0590EFE759F8042B05927D
:1027B000002A03DA504244F40054059044F0020425
:1027C000761C30782E2816D116F8010F44F0040438
:1027D0002A280DD06FF02F023078A0F13003092B9A
:1027E00009D807EB870302EB4303C718761CF3E70E
:1027F00059F8047B761C30786C280FD006DC4C2806
:1028000017D068280DD06A2814D104E0742810D09D
:102810007A280FD10DE044F400140AE044F4801447
:1028200001E044F440147278824202D104F580142D
:10283000761C761C307866280BD013DC582877D0AD
:1028400009DC002875D04528F6D04628F4D0472862
:102850001AD19DE118E0632835D0642879D0652825
:1028600012D195E1702873D008DC6728F1D069286F
:102870006FD06E280DD06F2806D1B5E073282CD00C
:10288000752875D0782874D05A46179990476D1CD2
:1028900075E1C4F30250022809D003280DD0D9F8FD
:1028A000001004280DD00D6009F1040967E1D9F882
:1028B0000010EA17C1E90052F6E7D9F800100D80C0
:1028C000F2E70D70F0E719F8041B8DF800100020F6
:1028D0008DF80100EA46012003E059F804AB4FF0FF
:1028E000FF3061074FF0000102D40DE008F1010153
:1028F0008846B9420FDA8045F8DB1AF8081000293B
:10290000F4D108E008F1010188468142FADB1AF8A7
:1029100008100029F6D105985B46A0EB0807214670
:102920003846179A00F094FA284400EB080507E0AF
:102930004DE029E10DE01AF8010B5A46179990472E
:10294000B8F10108F7D25B4621463846179A13E1E1
:1029500042E00A220092C4F302524FF0000A022A17
:1029600008D059F804CB032A4FEAEC710AD00DE0E5
:1029700029E02AE009F1070121F00702F2E802C18B
:10298000914609E00FFA8CFC4FEAEC71042A03D15E
:102990004FFA8CFC4FEAEC71002907DA0A46002155
:1029A000DCF1000C61EB02012D2202E0220504D5CE
:1029B0002B228DF80420012203E0E20701D020221F
:1029C000F7E7904659E00A2102E010220DE01021BD
:1029D0004FF0000A00910BE010224FF0000A44F083
:1029E00004040827009203E008224FF0000A009236
:1029F000C4F30252022A05D059F804CB0021032A5D
:102A000008D009E009F1070121F00702F2E802C14C
:102A1000914605E01FFA8CFC042A01D10CF0FF0C52
:102A20004FF00008220728D5702806D0009B83F0BD
:102A3000100353EA0A0305D00EE040228DF804206B
:102A4000012208E05CEA010206D030228DF8042061
:102A50008DF8050002229046009B83F0080353EA9C
:102A60000A030AD15CEA010201D1620705D53022CE
:102A70008DF804204FF001087F1E582804D034A0A0
:102A800003900EA802900DE036A0F9E75346604689
:102A9000009AFDF7D1FC84460398825C0298401EA0
:102AA000029002705CEA0100F0D1029806A9081AAF
:102AB00000F1200A600702D524F4803400E00127E9
:102AC000574502DDA7EB0A0000E0002000EB0A01F9
:102AD000009005984144401A0590E00306D45B46F7
:102AE0002146179A059800F0B3F90544002706E03F
:102AF00001A85A46C05D179990476D1C7F1C474539
:102B0000F6DBE0030CD55B462146179A059800F0EA
:102B10009FF9054404E030205A46179990476D1CF0
:102B20000099481E00900029F5DC08E002980299FF
:102B30005A460078491C0291179990476D1CBAF1CA
:102B40000001AAF1010AF1DC65E100000928010099
:102B50003031323334353637383961626364656613
:102B600000000000303132333435363738394142D5
:102B7000434445460000000000F058F90544761C27
:102B8000307800287FF4ECAD19B02846BDE8F08F0E
:102B9000620700D4062709F1070222F0070CFCE8BF
:102BA0000223E14603F000485FEA080C02D00FF26E
:102BB000702C0DE05FEA045C02D50FF2682C07E090
:102BC0005FEAC47C02D00FF2602C01E0AFF2700C1F
:102BD0004FF0FF3823F00043CDF850C065280CD0EB
:102BE00006DC452809D046281DD047283DD13DE0C8
:102BF000662818D067287ED138E00021112F01DB2C
:102C0000112000E0781CCDE9000106A90EA8FFF70D
:102C1000DDFCDDE90F010E9A03910021009207F11E
:102C2000010A04914DE04FF000400097CDE90110FA
:102C300006A90EA8FFF7CAFCDDE90F0203920E9B5E
:102C400011990022DDF80CA00093049211B9791CAF
:102C500000EB010AB7EB0A0004D4C0F1FF3007F122
:102C6000010A0490AAEB0700019044E0012F00DA6A
:102C700001270021112F01DD112000E03846CDE9A8
:102C8000000106A90EA8FFF7A1FCDDE90F010E9ACD
:102C90000391002104910092BA4621070CD40399B4
:102CA000514500DA8A46BAF1010F05DD009AAAF112
:102CB0000101515C302908D0B84202DA10F1040F4A
:102CC00006DA0121CDE9011015E0AAF10101E9E7D9
:102CD000002805DC049901440491AAEB000102E0FC
:102CE000411C514500DD8A460499401A401C019060
:102CF0004FF000400290200704D40198504501DBBA
:102D0000CDF8048000208DF84F0002980DF14F0798
:102D1000B0F1004F25D02B200E9002984FF0020802
:102D200000280CDA404202902D200E9007E00A2184
:102D30000298FDF76BFB3031029007F8011DB8F1E6
:102D40000001A8F10108F2DC02980028EFD1791EF9
:102D50000E980870307800F0200040F0450007F829
:102D6000020D12A8C01B00F107081498007800B1EA
:102D7000012000EB0A01019801EBE0710598414444
:102D8000401A401E0590E00306D45B462146179A80
:102D9000059800F05DF805441498007818B15A467B
:102DA000179990476D1CE00324D55B462146179A7E
:102DB000059800F04DF805441CE00498002807DB56
:102DC000DDE90301884203DD0098405C179901E0CA
:102DD000179930205A469047049805F10105401C88
:102DE00004900198401E019004D12E205A46179954
:102DF00090476D1CBAF10001AAF1010ADDDC05E083
:102E000017F8010B5A46179990476D1CB8F100014D
:102E1000A8F10108F4DC5B462146179A0598ABE659
:102E20002D0000002B000000200000002DE9F041E3
:102E3000044600251E461746880404D405E039469A
:102E40002020B0476D1C641EF9D52846BDE8F081EE
:102E50002DE9F041044600251E469046C80301D5E1
:102E6000302700E02027880404D505E04146384695
:102E7000B0476D1C641EF9D52846BDE8F0810A688C
:102E8000531C0B6010707047FDF748FCFFF796F875
:102E9000FDF7CCFCFFF754FBFFF742F9FEF71CFBF4
:102EA000FEF700FEFEF72AFFFEF78CFBFEF736FD6D
:102EB000FEF7BEFDFEF732FCF0E74000FE07920091
:102EC000FE079204FE0702008A04BA028A01AA04DD
:102ED0001907C2B920000000000000000000000037
:102EE0000000000000000000000020002000200082
:102EF00020002401240222022204210420002000B8
:102F00003800D0A1200000000000000000000000F8
:102F1000000000000000000000002000A7072201C0
:102F20002A012A012F01AA072601220116011301F5
:102F3000C807B0E020000000000000000000000012
:102F4000000000000000000000000801270144010B
:102F500004013F0144010E011607E50104010401CB
:102F60000401BFC6200000000000000000000000B7
:102F70000000000000000000000084008400F4074E
:102F80008F008400F4032C022702440184004401D2
:102F90003606BCBC2000000000000000000000005D
:102FA0000000000000000000000000000000000021
:102FB0000000000000000000000000000000000011
:102FC0000000000000000000000000000000000001
:102FD00000000000000000000000000000000000F1
:102FE00000000000000000000000000000000000E1
:102FF00000000000000000000000000000000000D1
:1030000000000000000000000000000000000000C0
:1030100000000000000000000000000000000000B0
:1030200000000000000000000000000000000000A0
:103030000000000000000000000000000000000090
:103040000000000000000000000000000000000080
:103050000000000000000000000000000000000070
:103060000000000000000000000000000000000060
:103070000000000000000000000000000000000050
:103080000000000000000000000000000000000040
:103090000000000000000000000080000001FC7F34
:1030A00044044404FC3F44244424FC3F14021422FE
:1030B000F41A12061222D122303CC2B920000000BC
:1030C0000000000000000000000000000000000000
:1030D0000000000000000000000080008000800070
:1030E00080008000880888108820842084408240E6
:1030F000814080008000A0004000D0A1200000009E
:1031000000000000000000000000000000000000BF
:1031100000000000000000000000000100011F7D11
:1031200044114411441144115F7D441124110411D0
:103130009C108710427C20001000B0E020000000AE
:10314000000000000000000000000000000000007F
:10315000000000000000000000001008B8080F097F
:1031600008090808BF0808091C092C080A78CA0FB2
:1031700009080808080808080808BFC62000000059
:10318000000000000000000000000000000000003F
:10319000000000000000000000000804080408040B
:1031A000C87F3F0408040804A83F18210C110B1223
:1031B000080A0804080A8A116460BCBC20000000E8
:1031C00000000000000000000000000000000000FF
:1031D00000000000000000000000000000000000EF
:1031E00000000000000000000000000000000000DF
:1031F00000000000000000000000000000000000CF
:1032000000000000000000000000000000000000BE
:1032100000000000000000000000000000000000AE
:10322000000000000000000000000000000000009E
:10323000000000000000000000000000000000008E
:10324000000000000000000000000000000000007E
:10325000000000000000000000000000000000006E
:10326000000000000000000000000000000000005E
:10327000000000000000000000000000000000004E
:10328000000000000000000000000000000000003E
:10329000000000000000000000000000000000002E
:1032A000000000000000000000000000000000001E
:1032B000000000000000000000000000000000000E
:1032C00000000000000000000000000000000000FE
:1032D00000000000000000000000000000000000EE
:1032E00000000000000000000000000000000000DE
:1032F00000000000000000000000000000000000CE
:1033000000000000000000000000000000000000BD
:1033100000000000000000000000000000000400A9
:10332000000C00F8EE03081100081100F8FF010876
:103330001101081101F8F701080801C810014890AF
:1033400001C87300481002481402441302C4F00379
:10335000020000000000C2B92000000000000000D0
:10336000000000000000000000000000000000005D
:10337000000000000000000000000000000000004D
:10338000000000000000000000000000000000003D
:10339000000000000000040000040000040000041D
:1033A0000000040040040060240020C400208401C8
:1033B00010040308040308040204040200040000CB
:1033C0000400000400800700000200000000D0A1FB
:1033D00020000000000000000000000000000000CD
:1033E00000000000000000000000000000000000DD
:1033F00000000000000000000000000000000000CD
:1034000000000000000000000000000000000400B8
:10341000EC040010BC0310440010440010440010E1
:103420004500FC450010E5039044001044001044A2
:1034300000D042003042000E410082F807400000F8
:10344000300000000000B0E020000000000000009C
:10345000000000000000000000000000000000006C
:10346000000000000000000000000000000000005C
:10347000000000000000000000000000000000004C
:103480000000000000008000C081003C8000208817
:1034900000209000209000FC8100208000608800C7
:1034A000B0900030810728F9002487002280002096
:1034B0008000208000208000208000000000BFC627
:1034C00020000000000000000000000000000000DC
:1034D00000000000000000000000000000000000EC
:1034E00000000000000000000000000000000000DC
:1034F00000000000000000000000000000101000AC
:10350000302000202000202000FCFF03202000208D
:103510002000202000E0F8013804012684002088E3
:10352000002048002070002030002048003C860326
:10353000900102000000BCBC200000000000000060
:10354000000000000000000000000000000000007B
:10355000000000000000000000000000000000006B
:10356000000000000000000000000000000000005B
:10357000000000000000000000000000000000004B
:1035800000FCFF030000000000000000000000003D
:10359000F8FF010000000000000000000000000033
:1035A0000000FEFF07000000000000000000C8FD52
:1035B00020000000000000000000000000000000EB
:1035C00000000000000000000000000000000000FB
:1035D00000000000000000000000000000000000EB
:1035E00000000000000000000000000000000000DB
:1035F000000000000000000000102000FEFF01108D
:103600002000F03F00102000F03F00102000FFFFDE
:1036100003102100FCFF00030103FEFF0100000076
:10362000000000000000BBF92000000000000000C6
:10363000000000000000000000000000000000008A
:10364000000000000000000000000000000000007A
:10365000000000000000000000000000000000006A
:10366000000000000000000000000000000000005A
:1036700000400000F01F00181800040C00FFFF00BD
:10368000048200048200FCFF0004800004000004A7
:103690000002F8FF01000000000000000000C9ABBC
:1036A00020000000000000000000000000000000FA
:1036B000000000000000000000000000000000000A
:1036C00000000000000000000000000000000000FA
:1036D00000000000000000000000000000000000EA
:1036E00000000000000000000000000000000000DA
:1036F00000000000000000000000000000000000CA
:1037000000000000000000000000000000000000B9
:1037100000000000000000000000000000000000A9
:103720000000000000000000000000000000000099
:103730000000000000000000000000000000000089
:103740000000000000000000000000000000000079
:103750000000000000000000000000000000000069
:103760000000000000000000000000000000000059
:103770000000000000000000000000000000000049
:103780000000000000000000000000000000000039
:103790000000000000000000000000000000000029
:1037A0000000000000000000000000000000000019
:1037B0000000000000000000000000000000000009
:1037C00000000000000000000000000000001000E9
:1037D000003010F0FF3F104200104200104200F095
:1037E000FF1F104208104208104208F0FF0F10207F
:1037F0000890C00090410890410E904F0398C1007E
:1038000088411088491084473084C13F020000007D
:103810000000C2B92000000000000000000000000D
:103820000000000000000000000000000000000098
:103830000000000000000000000000000000000088
:103840000000000000000000000000000000000078
:103850000000000000000000000000000000000068
:1038600000180000180000100000100000100000F8
:103870001000809000801101C01002401004601000
:103880001C301018101030081030041020001000E8
:10389000001000001000001900001E00000C0000C5
:1038A0000000D0A120000000000000000000000087
:1038B0000000000000000000000000000000000008
:1038C00000000000000000000000000000000000F8
:1038D00000000000000000000000000000000000E8
:1038E00000000000000000000000000000001000C8
:1038F000003000FED13F20100220100220100220D4
:103900001002201402FC150220140220D63F2012BF
:1039100002201202201002A009026008021C080204
:1039200006040200020200F13FC000002000000077
:103930000000B0E0200000000000000000000000D7
:103940000000000000000000000000000000000077
:103950000000000000000000000000000000000067
:103960000000000000000000000000000000000057
:103970000000000000000000000000000000000443
:1039800000070CF80004C00004C06004C0C004C0FC
:103990000004FE0704C00004C02004E06004E0430B
:1039A00004F04624D04474C8800FC87804C40404CA
:1039B000C20004C00004C00004C00004C0000440F1
:1039C0000004BFC62000000000000000000000004E
:1039D00000000000000000000000000000000000E7
:1039E00000000000000000000000000000000000D7
:1039F00000000000000000000000000000000000C7
:103A00000000000000000000000000000020800016
:103A1000608001608000608000608000FEFF3F6089
:103A20008000608000608000608200E0FD1F7010F8
:103A3000086E100C642004602006604002604003A1
:103A400060800160400364300E780C7C200310001D
:103A50000000BCBC200000000000000000000000CE
:103A60000000000000000000000000000000000056
:103A70000000000000000000000000000000000046
:103A80000000000000000000000000000000000036
:103A90000000000000000000000000000000000026
:103AA0000000000000000000C0F8FFC018C0CC18E3
:103AB000C0CCF8FFCC18C0CC180CCC180CCCD8FF5C
:103AC000CCD8CCCCD8CCCCD8CCCCCCCCC0CCCCC02A
:103AD00004FCC0060C7E0000000000000000000096
:103AE0000000CBA220000000000000000000000049
:103AF00000000000000000000000000000000000C6
:103B000000000000000000000000000000000000B5
:103B100000000000000000000000000000000000A5
:103B20000000000000000000000000000000000095
:103B3000000000000000000000F8FF7F180060187F
:103B40000060F8FF7F180666180C06180803D8FFF7
:103B50007F180C06180C06F8FFFF0C0C060C0C0660
:103B6000040606060306030106000000000000002C
:103B70000000C6C12000000000000000000000009E
:103B80000000000000000000000000000000000035
:103B90000000000000000000000000000000000025
:103BA0000000000000000000000000000000000015
:103BB0000000000000000000000000000000000005
:103BC0000000000000000200C084FFCC9CC1CC8833
:103BD000C1CC80D9CC83D9CC8ED9CC98D9CC80D942
:103BE000CC80D9CC88D9CC98CDCC0C0CCC0C36C0A0
:103BF0000C63C0C6C1C074807D00000000000000DE
:103C00000000B2E220000000000000000000000000
:103C100000000000000000000000000000000000A4
:103C20000000000000000000000000000000000094
:103C30000000000000000000000000000000000084
:103C40000000000000000000000000000000000074
:103C500000000000000002001B0C00731800433835
:103C6000000380FFFF0000031F000318000398FFFC
:103C700003181802181806981806D8188678188C91
:103C800038F88D9C0F980800F0000000000000003C
:103C90000000CAD420000000000000000000000066
:103CA0000000000000000000000000000000000014
:103CB0000000000000000000000000000000000004
:103CC00000000000000000000000000000000000F4
:103CD00000000000000000000000000000000000E4
:103CE000000000000000008301FEFFFF008301F0E0
:103CF000FF3F300030F0FF3F300030F0FF3F300C2E
:103D000030000600FEFFFFC0300CF8FF7F673098E0
:103D100060301860301F003000000000000000001C
:103D20000000C4BB200000000000000000000000F4
:103D30000000000000000000000000000000000083
:103D40000000000000000000000000000000000073
:103D50000000000000000000000000000000000063
:103D60000000000000000000000000000000000053
:103D700000000000000000630080C100C0800160FE
:103D8000000330000618001C0E00700200C0F8FF8F
:103D90000F00030E00030E800106800106C000061E
:103DA00060000738FC030E00000000000000000067
:103DB0000000B7D620000000000000000000000056
:103DC00000000000000000000000000000000000F3
:103DD00000000000000000000000000000000000E3
:103DE00000000000000000000000000000000000D3
:103DF00000000000000000000000000000000000C3
:103E000000000018600C306018306010FEE1FF0008
:103E1000600082EDC1C46C636C6C36FE65FF306679
:103E200018306618306018FEB1FF30301838181896
:103E30001C1C180E0E1802021800000000000000E2
:103E40000000B1E6200000000000000000000000BB
:103E50000000000000000000000000000000000062
:103E60000000000000000000000000000000000052
:103E70000000000000000000000000000000000042
:103E80000000000000000000000000000000000032
:103E9000000000000000003800007000FFFFFF007D
:103EA0003800064E608C6338D03F08001C00202686
:103EB00004F8C31CCFFFF1023041003000FFFFFFC8
:103EC0000030000030000030000000000000000062
:103ED0000000C2CA20000000000000000000000036
:103EE00000000000000000000000000000000000D2
:103EF00000000000000000000000000000000000C2
:103F000000000000000000000000000000000000B1
:103F100000000000000000000000000000000000A1
:103F200000000030800030800130000330FEFFFED2
:103F300006C03086C4304018303030301860F00F82
:103F4000C03EF87F30000330000330000330000330
:103F500030000330FFFF1E000000000000000000E2
:103F60000000BFD82000000000000000000000009A
:103F70000000000000000000000000000000000041
:103F80000000000000000000000000000000000031
:103F90000000000000000000000000000000000021
:103FA0000000000000000000000000000000000011
:103FB0000000000000008001609801608C0163FC3B
:103FC0003F63860163820163FFFF638001638001B9
:103FD00063FC7F638C61638C61638C61608C616066
:103FE0008C3D6080013F00000000000000000000E8
:103FF0000000D6C620000000000000000000000005
:1040000000000000000000000000000000000000B0
:1040100000000000000000000000000000000000A0
:104020000000000000000000000000000000000090
:104030000000000000000000000000000000000080
:10404000000000000000000000FCC77F0CC6600CF0
:10405000C660FCC77F0CC660003006FEFFFF006E26
:104060000000C701F0010F1F00F8FCC77F0CC660FD
:104070000CC660FCC77F0CC660000000000000009A
:104080000000C6F720000000000000000000000053
:104090000000000000000000000000000000000020
:1040A0000000000000000000000000000000000010
:1040B0000000000000000000000000000000000000
:1040C00000000000000000000000000000000000F0
:1040D000000000000800001800003000FEFFFF068E
:1040E00000C00600C0E0FF0F00000700800100E0F4
:1040F00000003000FFFFFF00300000300000300003
:10410000003000801F0000000000000000000000E0
:104110000000D7D6200000000000000000000000D2
:10412000000000000000000000000000000000008F
:10413000000000000000000000000000000000007F
:10414000000000000000000000000000000000006F
:10415000000000000000000000000000000000005F
:1041600000000020800130C000F8DFFFC860068436
:10417000710C02390801100060000C70000CB8FFCF
:10418000FF3C000C36040C320C0C30180C30100CB8
:1041900030000C30000C30E0070000000000000090
:1041A0000000B7FB2000000000000000000000003D
:1041B00000000000000000000000000000000000FF
:1041C00000000000000000000000000000000000EF
:1041D00000000000000000000000000000000000DF
:1041E00000000000000000000000000000000000CF
:1041F000000000000000C0300060E000F0FFFF3869
:104200006000F6FFFF336000F0FFFF306000F0FF5A
:10421000FF300000003000003000FEFFFF00FE0114
:104220008031077030380F30C000000000000000FF
:104230000000BCAF200000000000000000000000F3
:10424000000000000000000000000000000000006E
:10425000000000000000000000000000000000005E
:10426000000000000000000000000000000000004E
:10427000000000000000000000000000000000003E
:1042800000000000000000180000180000180000E6
:104290001800FCFF7F0C18600C18600C18600C18DC
:1042A000600C1860FCFF7F0C1860001800001800FC
:1042B00000180000180000180000000000000000B6
:1042C0000000D6D020000000000000000000000028
:1042D00000000000000000000000000000000000DE
:1042E00000000000000000000000000000000000CE
:1042F00000000000000000000000000000000000BE
:1043000000000000000000000000000000000000AD
:10431000000000001C00003800006000FFFFFF608C
:10432000000C60000CC00006C00006800103008382
:104330000100C700006C0000380000EE00C08307D9
:1043400078003C0600E000000000000000000000D3
:104350000000CEC4200000000000000000000000AB
:10436000000000000000000000000000000000004D
:10437000000000000000000000000000000000003D
:10438000000000000000000000000000000000002D
:10439000000000000000000000000000000000001D
:1043A000000000000000000000F8FF3F1800301877
:1043B0000030F8FF3F180030180030F8FF3F1800B9
:1043C0003004C62008C63018C63830C61820C608C3
:1043D00000C600FEFFFF000000000000000000001B
:1043E0000000CFD42000000000000000000000000A
:1043F00000000000000000000000000000000000BD
:1044000000000000000000000000000000000000AC
:10441000000000000000000000000000000000009C
:10442000000000000000000000000000000000008C
:10443000000000000000000000FCFF7F0000000002
:104440000000000000000000FFFFFF0030002030EF
:104450000430300C3830181830300C30600630C062
:10446000023080003000801F0000000000000000CB
:104470000000CABE20000000000000000000000094
:10448000000000000000000000000000000000002C
:10449000000000000000000000000000000000001C
:1044A000000000000000000000000000000000000C
:1044B00000000000000000000000000000000000FC
:1044C000000000000000000000FEFFFF00300000C0
:1044D000300000300030300030300030300030F03C
:1044E0007F3030003030003030003030003030006D
:1044F000303000FFFFFF000000000000000000005F
:104500000000D5FD200000000000000000000000B9
:10451000000000000000000000000000000000009B
:10452000000000000000000000000000000000008B
:10453000000000000000000000000000000000007B
:10454000000000000000000000000000000000006B
:10455000000000000000000300800100C0FF0760B1
:1045600000033880010C6000F4FF3F300030303031
:104570003030303030303030303030303030F83073
:1045800000980300070EE001781E00C00000000044
:104590000000B8BA20000000000000000000000089
:1045A000000000000000000000000000000000000B
:1045B00000000000000000000000000000000000FB
:1045C00000000000000000000000000000000000EB
:1045D00000000000000000000000000000000000DB
:1045E000000000000000003000003000003000003B
:1045F000300060300630300C30301C183038183045
:10460000300C30600E30E00630C0023080003000E8
:10461000003000C01F00000000000000000000008B
:104620000000D0A1200000000000000000000000F9
:10463000000000000000000000000000000000007A
:10464000000000000000000000000000000000006A
:10465000000000000000000000000000000000005A
:10466000000000000000000000000000000000004A
:10467000000000000000C00003C60C01C48601C099
:1046800080FFFECF60E0C060F8E360CCFE31C398ED
:1046900031308031FF0F1B0C0C1B06060E3C070E41
:1046A000E0031BE0C3313C76E00718800000000007
:1046B0000000CAFD20000000000000000000000013
:1046C00000000000000000000000000000000000EA
:1046D00000000000000000000000000000000000DA
:1046E00000000000000000000000000000000000CA
:1046F00000000000000000000000000000000000BA
:1047000000000000000030000330000330FEFF30E6
:104710000003300003FFFD7F300C6030FC7F300C65
:104720006030FC7F300C60B0FD7F780C6007FFFFCD
:1047300000601C001CF0800300000000000000006E
:104740000000CCEE2000000000000000000000008F
:104750000000000000000000000000000000000059
:104760000000000000000000000000000000000049
:104770000000000000000000000000000000000039
:104780000000000000000000000000000000000029
:10479000000000000000000800001800003800FFC2
:1047A000FFFF000E00808301C0000770000CFCFFBB
:1047B0003F00C32000C30080C10080C1C0E0C0C072
:1047C00038C0C007807F000000000000000000002B
:1047D0000000B3E420000000000000000000000022
:1047E00000000000000000000000000000000000C9
:1047F00000000000000000000000000000000000B9
:1048000000000000000000000000000000000000A8
:104810000000000000000000000000000000000098
:10482000000000000000003800007000FEFFFF06DE
:1048300000C00686C3C0011E3800700600C000001C
:1048400000F8FF3F001800001800001800001800D2
:10485000001800FEFFFF0000000000000000000044
:104860000000BFD520000000000000000000000094
:104870000000000000000000000000000000000038
:104880000000000000000000000000000000000028
:104890000000000000000000000000000000000018
:1048A0000000000000000000000000000000000008
:1048B00000000000000030600030300030F07F3039
:1048C0007870FF5B3830CC0CF88007B8C10F3C7AA9
:1048D00078360EC033F87F311860301860301860B9
:1048E00030186030F87F30186000000000000000D1
:1048F0000000B8F1200000000000000000000000EF
:1049000000000000000000000000000000000000A7
:104910000000000000000000000000000000000097
:104920000000000000000000000000000000000087
:104930000000000000000000000000000000000077
:104940000000000000000000000000000000000067
:104950000000000000000000000000000000000057
:104960000000000000000000000000000000000047
:104970000000000000000000000000000000000037
:104980000000000000000000000000000000000027
:104990000000000000000000000000000000000017
:1049A0000000000000000000000000000000000007
:1049B00000000000000000000000000000000000F7
:1049C00000000000000000000000000000000000E7
:1049D00000000000000000000000000000000000D7
:1049E00000000000000000000000000000000000C7
:1049F00000000000000000000000000000000000B7
:104A000000000000000000000000000000000000A6
:104A10000000000000000000000000800000000016
:104A20000300000003002000020CE0FFFF1F6030C5
:104A30000C0060300C0060300C04E0FFFF0F6030B1
:104A40000C0460300C0460300C0460300C04E0FF97
:104A5000FF07600000046000040060041C00600C9C
:104A60000C0460040C0F60C48C0320FCED002004D7
:104A70001C0030040C0010040D0810C40C0808348D
:104A80000C18081E1838040CF81F02000000000063
:104A90000000C2B92000000000000000000000007B
:104AA0000000000000000000000000000000000006
:104AB00000000000000000000000000000000000F6
:104AC00000000000000000000000000000000000E6
:104AD00000000000000000000000000000000000D6
:104AE00000000000000000000000000000000000C6
:104AF00000000000000000000000000000000000B6
:104B000000000000000000000000000000000000A5
:104B10000000000000000000000000800000008095
:104B2000070000800100008001000080010000807B
:104B30000100008001000080010000820100008E61
:104B4000210000864100008781000083810180816F
:104B5000010380810106C080010E4080011C60803D
:104B6000011C308001181080011808800110048099
:104B70000100008001000080010000800100008C25
:104B8000010000F0010000E0000000400000000013
:104B90000000D0A120000000000000000000000084
:104BA0000000000000000000000000000000000005
:104BB00000000000000000000000000000000000F5
:104BC00000000000000000000000000000000000E5
:104BD00000000000000000000000000000000000D5
:104BE00000000000000000000000000000000000C5
:104BF00000000000000000000000000000000000B5
:104C000000000000000000000000000000000000A4
:104C10000000000000000000000000000100000093
:104C20000700000C0318FC1FFF3FC0008301C000F9
:104C30008301C0008301C0008301C0008301C00064
:104C40008301C0248301FC2F8301C0208309C0207D
:104C5000FF1FC0308301C0188101C0008101C00066
:104C60008101C0908101C08C8101C0838001F0C0AE
:104C700080013E4080010C2080010030801100083E
:104C8000FE3F0006000000010000C0000000000020
:104C90000000B0E020000000000000000000000064
:104CA0000000000000000000000000000000000004
:104CB00000000000000000000000000000000000F4
:104CC00000000000000000000000000000000000E4
:104CD00000000000000000000000000000000000D4
:104CE00000000000000000000000000000000000C4
:104CF00000000000000000000000000000000000B4
:104D000000000000000000000000000000000000A3
:104D10000000000000000000000000000001003062
:104D20000007003C0003E00700031C03000300032E
:104D3000060300030C0300031803000318030023F9
:104D40000003FC7F00030003000300030203800351
:104D50000603800F0C03C03B08034033003360237D
:104D6000003F2023F00310830F03086300030403B4
:104D70000003020300030003000300030003000319
:104D80000003000300030003000300010001000012
:104D90000000BFC62000000000000000000000006E
:104DA0000000000000000000000000000000000003
:104DB00000000000000000000000000000000000F3
:104DC00000000000000000000000000000000000E3
:104DD00000000000000000000000000000000000D3
:104DE00000000000000000000000000000000000C3
:104DF00000000000000000000000000000000000B3
:104E000000000000000000000000000000000000A2
:104E1000000000000000000000008000100080037F
:104E2000700080013000800130008001300080017E
:104E3000300080193018FCFFFF3F800130008001F6
:104E4000300080013000800130008031300480CD9E
:104E5000FF0F80030106F0010106BC0102038C0173
:104E6000020380018601800184018001CC00800161
:104E7000680080017000800178008001EC008001F2
:104E8000C703F881011FE071003E400C00000000E4
:104E90000000BCBC2000000000000000000000007A
:104EA0000000000000000000000000000000000002
:104EB00000000000000000000000000000000000F2
:104EC00000000000000000000000000000000000E2
:104ED00000000000000000000000000000000000D2
:104EE00000000000000000000000000000000000C2
:104EF00000000000000000000000000000000000B2
:104F000000000000000000000000000000000000A1
:104F10000000000000000000000000000000000091
:104F20000000000000000000000000000000000081
:104F30000000000000000000000000000000000071
:104F40000000000000000000000000000000000061
:104F50000000000000000000000000000000000051
:104F60000000000000000000000000000000000041
:104F70000000000000000000000000000000000031
:104F80000000000000000000000000000000000021
:104F90000000000000000000000000000000000011
:104FA0000000000000000000000000000000000001
:104FB00000000000000000000000000000000000F1
:104FC00000000000000000000000000000000000E1
:104FD00000000000000000000000000000000000D1
:104FE00000000000000000000000000000000000C1
:104FF00000000000000000000000000000000000B1
:1050000000000000000000000000000000000000A0
:105010000000000000000000000000000000000090
:105020000000000000000000000000000000000080
:105030000000000000000000000000000000000070
:105040000000000000000000000000000000000060
:105050000000000000000000000000000000000050
:105060000000000000000000000000000000000040
:105070000000000000000000000000000000000030
:105080000000000000000000000000000000000020
:105090000000000000000000000000000000000010
:1050A0000000000000000000000000000000000000
:1050B00000000000000000000000000000000000F0
:1050C00000000000000000000000000000000000E0
:1050D00000000000000000000000000000000000D0
:1050E00000000000000000000000000000000000C0
:1050F00000000000000000000000000000000000B0
:10510000000000000000000000000000000000009F
:10511000000000000000000000000000000000008F
:10512000000000000000000000000000000000007F
:10513000000000000000000000000000000000006F
:10514000000000000000000000000000000000005F
:10515000000000000000000000000000000000004F
:10516000000000000000000000000000000000003F
:10517000000000000000000000000000000000002F
:10518000000000000000000000000000000000001F
:10519000000000000000000000000000000000000F
:1051A00000000000000000000000000000000000FF
:1051B00000000000000000000000000000000000EF
:1051C00000000000000000000000000000000000DF
:1051D00000000000000000000000000000000000CF
:1051E00000000000000000000000000000000000BF
:1051F00000000000000000000000000000000000AF
:10520000000000000000000000000000000000009E
:10521000000000000000000000000000000000008E
:10522000000000000000000000000000000000007E
:10523000000000000000000000000000000000006E
:10524000000000000000000000000000000000005E
:10525000000000000000000000000000000000004E
:10526000000000000000000000000000000000003E
:10527000000000000000000000000000000000002E
:10528000000000000000000000000000000000001E
:10529000000000000000000000000000000000000E
:1052A00000000000000000000000000000000000FE
:1052B00000000000000000000000000000000000EE
:1052C00000000000000000000000000000000000DE
:1052D00000000000000000000000000000000000CE
:1052E00000000000000000000000000000000000BE
:1052F00000000000000000000000000000000000AE
:10530000000000000000000000000000000000009D
:10531000000000000000000000000000000000008D
:10532000000000000000000000000000000000007D
:10533000000000000000000000000000000000006D
:10534000000000000000000000000000000000005D
:10535000000000000000000000000000000000004D
:10536000000000000000000000000000000000003D
:10537000000000000000000000000000000000002D
:10538000000000000000000000000000000000001D
:10539000000000000000000000000000000000000D
:1053A00000000000000000000000000000000000FD
:1053B00000000000000000000000000000000000ED
:1053C00000000000000000000000000000000000DD
:1053D00000000000000000000000000000000000CD
:1053E00000000000000000000000000000000000BD
:1053F00000000000000000000000000000000000AD
:10540000000000000000000000000000000000009C
:10541000000000000000000000000000000000008C
:10542000000000000000000000000000000000007C
:10543000000000000000000000000000000000006C
:10544000000000000000000000000000000000005C
:105450000000000000000000000000000000C00389
:10546000C003C003C003C003C003800380018001E8
:105470008001800180018001800180010000000026
:1054800000008001C003C003800100000000000094
:10549000000000000000C018E01CE01C700E300688
:1054A00018038C01840000000000000000000000D0
:1054B00000000000000000000000000000000000EC
:1054C00000000000000000000000000000000000DC
:1054D000000000000000000000000000000020109C
:1054E0002010201020102010FE7FFE7FFE7F10086D
:1054F00010081008100810081008FE7FFE7FFE7FBD
:10550000180C080408040804080400000000000047
:105510000000000000000000000080008000C003C8
:10552000B00C90189818981C981CB800B000F000A7
:10553000E000C0038007800F800C801C80189C183E
:105540009C188C188C0C9806E0038000800080006A
:1055500000000000000000000000000000001C0827
:105560003608220463046302630263026301630179
:105570002201B61C9C3640224063406320632063B6
:105580001063106310220836081C000000000000A1
:105590000000000000000000000000000000F0001B
:1055A00098008C018C018C018C018C00CC005C007B
:1055B00038001C3E3C08320873086304E304C3044B
:1055C0008303834306678C3E781C000000000000C4
:1055D0000000000000001C003C003C0030003000D7
:1055E00010000C0006000000000000000000000099
:1055F00000000000000000000000000000000000AB
:10560000000000000000000000000000000000009A
:105610000000000000000040002000100018000CF6
:1056200000040006000200030003800180018001E5
:10563000800180018001800180018001000300035E
:10564000000200060004000C0018001000200040BA
:1056500000000000000002000400080018003000F4
:10566000200060004000C000C00080018001800177
:10567000800180018001800180018001C000C000A4
:10568000C000600020003000180008000400020084
:10569000000000000000000000000000000000000A
:1056A00000000003800380030C631C713839600D17
:1056B00080038003600D38391C718C618003800386
:1056C0008003000000000000000000000000000057
:1056D00000000000000000000000000000000000CA
:1056E00000000000000100010001000100010001B4
:1056F0000001FC7F00010001000100010001000128
:105700000001000000000000000000000000000098
:105710000000000000000000000000000000000089
:105720000000000000000000000000000000000079
:105730000000000000000000000000000000000069
:1057400000001C003C003C003000300010000C0049
:105750000600000000000000000000000000000043
:105760000000000000000000000000000000000039
:105770000000FE7F000000000000000000000000AC
:105780000000000000000000000000000000000019
:105790000000000000000000000000000000000009
:1057A00000000000000000000000000000000000F9
:1057B00000000000000000000000000000000000E9
:1057C000000018003C003C00180000000000000031
:1057D00000000000000000000040006000200030D9
:1057E000001000180008000C00040006000200036E
:1057F000000180018000C0004000600020003000F7
:105800001000180008000C00040006000200000050
:105810000000000000000000000000000000C003C5
:105820006004300C1818181818100C300C300C309C
:105830000C300C300C300C300C300C300C3018109C
:1058400018181818300C6004C00300000000000095
:105850000000000000000000000000000000000147
:105860008001F801800180018001800180018001B8
:105870008001800180018001800180018001800120
:10588000800180018001C003F81F000000000000BB
:105890000000000000000000000000000000E00721
:1058A000101C0818043004300C300C300030001884
:1058B0000018000C000600038001C00040002020FA
:1058C000102008200430FC1FFC1F00000000000016
:1058D0000000000000000000000000000000E003E5
:1058E00018060C0C0C180C180C1800180018000CDA
:1058F0000006C003000E00180010003000300C300D
:105900000C300C100C18180CE00300000000000014
:105910000000000000000000000000000000000681
:1059200000060007000780068006400620062006C5
:105930001006100608060C0604060206FE3F0006C6
:105940000006000600060006C03F00000000000040
:105950000000000000000000000000000000F03F18
:10596000F03F080008000800080008000800C80709
:10597000280C1818081000300030003000300C30AF
:105980000C3004180418180CE0030000000000009C
:105990000000000000000000000000000000800780
:1059A0006018301810181800080008000C00CC0708
:1059B0006C0C1C181C100C300C300C300C300C30E3
:1059C000183018103018700CC007000000000000DC
:1059D0000000000000000000000000000000F83F90
:1059E000F83F08100C080408040400040002000238
:1059F0000002000100018000800080008000C000E3
:105A0000C000C000C000C000C000000000000000D6
:105A10000000000000000000000000000000E0079F
:105A2000300C18180C300C300C301C301C1078184E
:105A3000F004E003180F0C1E0C1C0638063006306C
:105A4000063006300C18180CE003000000000000BF
:105A50000000000000000000000000000000E00363
:105A600018040C080C1806100630063006300630F4
:105A700006300E380C341836F0310030001800189B
:105A800000080C0C0C060C03F001000000000000E4
:105A90000000000000000000000000000000000006
:105AA0000000000000000000000000008001C003B2
:105AB000C0038001000000000000000000000000A2
:105AC00000008001C003C00380010000000000004E
:105AD00000000000000000000000000000000000C6
:105AE0000000000000000000000000000000C001F5
:105AF000C001C00100000000000000000000000024
:105B000000000000C001C001C0018001C000C00051
:105B10000000000000000000000000000000002065
:105B20000010000800040002000180004000200076
:105B30001000080008001000200040008000000154
:105B40000002000400080010002000000000000017
:105B50000000000000000000000000000000000045
:105B6000000000000000000000000000FE7F0000B8
:105B70000000000000000000FE7F000000000000A8
:105B80000000000000000000000000000000000015
:105B90000000000000000000000000000000040001
:105BA00008001000200040008000000100020004F6
:105BB000000800100010000800040002000180002E
:105BC0004000200010000800040000000000000059
:105BD0000000000000000000000000000000C007FE
:105BE0003018183008600C601C601C601C600030AD
:105BF0000018000E00030001000100010001000078
:105C000000008001C003C00380010000000000000C
:105C10000000000000000000000000000000C007BD
:105C20006008301018200C2B8C4D844CC64CC64498
:105C30006644664466446646662666266417CC0C4F
:105C40000C40082018303018C00700000000000089
:105C50000000000000000000000000000000C00183
:105C6000C001C001C0012003200320032003300233
:105C70001006100610061004F80F080C080C080C8B
:105C800004180418041806381F7C000000000000E7
:105C90000000000000000000000000000000FE07FF
:105CA000181C1818183018301830183018301818F8
:105CB000180CF807181818301820186018601860A9
:105CC0001860186018301818FE0F0000000000005F
:105CD0000000000000000000000000000000C007FD
:105CE0006038103018600C400C400C0006000600B4
:105CF00006000600060006000600060006000C402E
:105D00000C40082018103008C007000000000000F8
:105D10000000000000000000000000000000FE0382
:105D2000180E1818181018301830186018601860FD
:105D30001860186018601860186018601820183013
:105D40001830181818181806FE030000000000008C
:105D50000000000000000000000000000000FE3F06
:105D60001830182018401840180018001808180893
:105D7000180CF80F180C180818081800180018004C
:105D80001840184018201830FE3F000000000000A6
:105D90000000000000000000000000000000FE3FC6
:105DA000183818201840184018001800180818084B
:105DB000180CF80F180C1808180818081800180004
:105DC00018001800180018007E00000000000000F5
:105DD0000000000000000000000000000000C00300
:105DE000300C100818180C100C10040006000600E7
:105DF000060006000600067E0618061804180C1891
:105E00000C18081818183004E00300000000000007
:105E100000000000000000000000000000003FFC47
:105E20000C300C300C300C300C300C300C300C3092
:105E30000C30FC3F0C300C300C300C300C300C3083
:105E40000C300C300C300C303FFC00000000000027
:105E50000000000000000000000000000000F81F2B
:105E6000800180018001800180018001800180012A
:105E7000800180018001800180018001800180011A
:105E80008001800180018001F81F000000000000F7
:105E90000000000000000000000000000000E07FA3
:105EA00000060006000600060006000600060006C2
:105EB00000060006000600060006000600060006B2
:105EC000000600060006000600060E060E038E0100
:105ED000FC000000000000000000000000007E3E0A
:105EE000180C1804180618021801180198009800D8
:105EF000D800B801B8011803180318061806180CC2
:105F0000180C180C181818187E7C000000000000EF
:105F100000000000000000000000000000007E0003
:105F200018001800180018001800180018001800B1
:105F300018001800180018001800180018001800A1
:105F40001840184018201830FE3F000000000000E4
:105F500000000000000000000000000000000FF042
:105F60001C381C381C381C381C3434343434343459
:105F70003432343264326432643264314431C43194
:105F8000C431C430C43084308FFC000000000000F5
:105F900000000000000000000000000000000FF8FA
:105FA0001C201C203420342064206420C420C42001
:105FB000842184210423042304260426042C042C95
:105FC00004380438043004301F20000000000000B2
:105FD0000000000000000000000000000000C003FE
:105FE000300C181808100C300C30062006600660C3
:105FF00006600660066006600660066004600C309D
:106000000C3008101818300CC0030000000000000D
:106010000000000000000000000000000000FE0F73
:106020001818183018601860186018601860186028
:1060300018301818F8071800180018001800180071
:1060400018001800180018007E0000000000000072
:106050000000000000000000000000000000C0037D
:10606000300C181808100C300C3006600660066002
:106070000660066006600660066006600660E42151
:106080001C331C36181E300EC007004C003C003874
:106090000000000000000000000000000000FE07FB
:1060A000181C1818183018301830183018301818F4
:1060B000180CF80718031803180618061806180C09
:1060C000180C180C181818187E7800000000000032
:1060D0000000000000000000000000000000F013BD
:1060E000181E0C1806180610061006000E003C00BC
:1060F000F800E003800F001E001800380230023064
:10610000063004300C181C0CE407000000000000EE
:106110000000000000000000000000000000FC3F44
:106120008C21846182418241800180018001800153
:106130008001800180018001800180018001800157
:106140008001800180018001E00700000000000064
:1061500000000000000000000000000000003F7C84
:106160000C100C100C100C100C100C100C100C104F
:106170000C100C100C100C100C100C100C100C103F
:106180000C100C1018083804E00300000000000098
:1061900000000000000000000000000000003E7849
:1061A000183018101810181030083008300830084F
:1061B00030046004600460046002C002C002C002D7
:1061C000C00180018001800080000000000000000C
:1061D0000000000000000000000000000000CFF3FD
:1061E00086618621842104210C238C238C238C132B
:1061F0008C138813481258165816580E380E300E45
:10620000300E300C300410041004000000000000B8
:1062100000000000000000000000000000003E7CC4
:10622000181018083008300460046002C002C00171
:106230008001800180018003400340062006200E7B
:10624000100C100C181808383E7C000000000000EC
:1062500000000000000000000000000000007E7C44
:106260001C1018101808300830083004600460044E
:10627000C002C002C0018001800180018001800154
:106280008001800180018001E00700000000000023
:106290000000000000000000000000000000F87F87
:1062A000383018300C180418000C000600060003E3
:1062B000000380018001C000C00060006000300069
:1062C000184018600C200C38FE3F00000000000051
:1062D0000000000000000000C03FC000C000C0007F
:1062E000C000C000C000C000C000C000C000C000AE
:1062F000C000C000C000C000C000C000C000C0009E
:10630000C000C000C000C000C000C000C03F00000E
:10631000000000000000000000000000180018004D
:10632000100030002000600060004000C0008000CD
:106330008001800100010003000200060006000C3D
:10634000000C000C00180018003000300030006015
:106350000000000000000000FC0300030003000335
:106360000003000300030003000300030003000315
:106370000003000300030003000300030003000305
:10638000000300030003000300030003FC030000FC
:10639000000000000000C003C007600410080000F7
:1063A00000000000000000000000000000000000ED
:1063B00000000000000000000000000000000000DD
:1063C00000000000000000000000000000000000CD
:1063D00000000000000000000000000000000000BD
:1063E00000000000000000000000000000000000AD
:1063F000000000000000000000000000000000009D
:10640000000000000000000000000000000000008C
:10641000FFFF000000007800C00000010000000045
:10642000000000000000000000000000000000006C
:10643000000000000000000000000000000000005C
:10644000000000000000000000000000000000004C
:10645000000000000000000000000000000000003C
:10646000000000000000000000000000E007180C21
:106470000C180C180C18001CE01B38180C18061807
:106480000618061806980C9EF8710000000000001F
:1064900000000000000000000000000010001E00CE
:1064A0001800180018001800180018009807581C49
:1064B0003818383018301830183018301830183074
:1064C000183018103818380CC807000000000000F9
:1064D00000000000000000000000000000000000BC
:1064E000000000000000000000000000C00770086D
:1064F000301818180C180C000C000C000C000C00C4
:106500000C20182018103008C00700000000000000
:106510000000000000000000000000000010001E4D
:10652000001800180018001800180018E01B301C94
:10653000181818180C180C180C180C180C180C1823
:106540000C180818181C307AE00900000000000040
:10655000000000000000000000000000000000003B
:10656000000000000000000000000000C003300C2C
:10657000101818100C300C300C30FC3F0C000C00C4
:106580000C00182018107018C00700000000000050
:106590000000000000000000000000000000003EBD
:1065A00080618060C060C000C000C000FC1FC000EF
:1065B000C000C000C000C000C000C000C000C000DB
:1065C000C000C000C000C000F80F000000000000C4
:1065D00000000000000000000000000000000000BB
:1065E000000000000000000000000000C077306CD8
:1065F00010181818181818181018300CF007180070
:106600001800F803F01F18380C300C300C30181834
:10661000E0070000000000000000000010001E0065
:106620001800180018001800180018009807580CD7
:1066300038181818181818181818181818181818BA
:1066400018181818181818187E7E0000000000008E
:1066500000000000000000000000000000008001B9
:10666000C00380010000000000000001F80180016B
:106670008001800180018001800180018001800112
:106680008001800180018001F81F000000000000EF
:106690000000000000000000000000000000001CDE
:1066A000001E000C0000000000000008C00F000CDD
:1066B000000C000C000C000C000C000C000C000C7A
:1066C000000C000C000C000C000C000C180618024A
:1066D000F0010000000000000000000010001E009B
:1066E000180018001800180018001800183E180CA0
:1066F0001804180218019801D80178033803180605
:10670000180C180C181818387E7C000000000000C7
:106710000000000000000000000000000001F8017F
:106720008001800180018001800180018001800161
:106730008001800180018001800180018001800151
:106740008001800180018001F81F0000000000002E
:106750000000000000000000000000000000000039
:10676000000000000000000000000400F73C8E6301
:1067700086618661866186618661866186618661E1
:106780008661866186618661CFF3000000000000AB
:1067900000000000000000000000000000000000F9
:1067A00000000000000000000000000090075E0CE8
:1067B0003818181818181818181818181818181839
:1067C00018181818181818187E7E0000000000000D
:1067D00000000000000000000000000000000000B9
:1067E000000000000000000000000000C003300CAA
:1067F0001018181808300C300C300C300C300C30DD
:106800000C3018181818300CC003000000000000ED
:106810000000000000000000000000000000000078
:1068200000000000000000000000000090075E0C67
:106830003818181018301830183018301830183030
:10684000183018183818780C980718001800180015
:106850007E000000000000000000000000000000BA
:10686000000000000000000000000000C013301E07
:10687000181C18180C180C180C180C180C180C18DC
:106880000C180818181C301EE01900180018001801
:10689000007E00000000000000000000000000007A
:1068A00000000000000000000000000060387E666C
:1068B0006061E001E0006000600060006000600076
:1068C0006000600060006000FE0700000000000043
:1068D00000000000000000000000000000000000B8
:1068E000000000000000000000000000C027603829
:1068F0003030302030207000E003800F001E003860
:106900000830083018303818C80F000000000000A8
:106910000000000000000000000000000000000077
:106920000000800080008000C000E000FC1FC0006C
:10693000C000C000C000C000C000C000C000C00057
:10694000C000C020C0208011000F00000000000027
:106950000000000000000000000000000000000037
:106960000000000000000000000010101E1E18189B
:106970001818181818181818181818181818181897
:1069800018181818181C307AE009000000000000E0
:1069900000000000000000000000000000000000F7
:1069A0000000000000000000000000003E7C1830E5
:1069B0001810181830083008200460046004C00261
:1069C000C002C003800180018000000000000000C0
:1069D00000000000000000000000000000000000B7
:1069E000000000000000000000000000DFF38661EE
:1069F00084218C218C218C13881358135812580E23
:106A0000700E300E300C3004200400000000000036
:106A10000000000000000000000000000000000076
:106A20000000000000000000000000007C3E300874
:106A300070086004C002C00280018001800340062B
:106A40002006200C101818183E7E000000000000E0
:106A50000000000000000000000000000000000036
:106A60000000000000000000000000003E7C18183C
:106A70001808100830082004600460044002C002B6
:106A800080028001800180008000800040007C0046
:106A90003C000000000000000000000000000000BA
:106AA000000000000000000000000000FC1F0C1CA3
:106AB0000C0C0406040700038001C001C000600044
:106AC0007020302018300C18FC1F0000000000005F
:106AD0000000000000000030000800040004000472
:106AE0000004000400040004000400040004000486
:106AF00000038001000200040004000400040004FC
:106B00000004000400040004000400040008003035
:106B1000000000010001000100010001000100016E
:106B2000000100010001000100010001000100015D
:106B3000000100010001000100010001000100014D
:106B4000000100010001000100010001000100013D
:106B5000000100000000180020004000400040003C
:106B60004000400040004000400040004000400025
:106B700080010003800040004000400040004000D1
:106B8000400040004000400040004000200018004D
:106B9000000000007800C400824102410027001C70
:106BA00000000000000000000000000000000000E5
:106BB00000000000000000000000000000000000D5
:106BC00000000000000000000000000000000000C5
:106BD00000000000000000000000000000000000B5
:106BE00000000000000000000000000000000000A5
:106BF0000000000000000000000000000000000095
:106C00000000000000000000000060006000600064
:106C10006000600060006000400020002000200054
:106C20000000000000006000600060000000000044
:106C30000000000000006006600630039801880034
:106C40004400000000000000000000000000000000
:106C50000000000000000000000000000000000034
:106C600000000000000000000000100210021002EE
:106C70001002FE07FE0708020801080108010801CA
:106C8000FE07FE07040104010401040100000000E6
:106C9000000000000000000040004000F001580328
:106CA0004C03CC034C0058007000E000C001C00150
:106CB00040034C035C034C034801F00040004000DB
:106CC000000000000000000000000E010A01910019
:106CD00091009100510051003A00AE03A00250040F
:106CE000500448044804480484028403000000005F
:106CF0000000000000000000000038006C006C0084
:106D00006C006C006C002C0098071C011A01330108
:106D100033016301E300C308C6093C07000000001B
:106D20000000000000000C001C0010001000080013
:106D3000040000000000000000000000000000004F
:106D40000000000000000000000000000000000043
:106D5000000000000000000400020001800080002C
:106D600040004000200020002000200020002000E3
:106D7000200040004000800080000001000200046C
:106D800000000000000002000400080010001000D5
:106D90002000200040004000400040004000400033
:106DA0004000200020001000100008000400020035
:106DB0000000000000000000000000000000400093
:106DC000C0004000460C4E0FD001F0015E0F460C93
:106DD00040004000400000000000000000000000F3
:106DE00000000000000000000000000000000000A3
:106DF00040004000400040004000FE0F40004000C6
:106E000040004000400000000000000000000000C2
:106E10000000000000000000000000000000000072
:106E20000000000000000000000000000000000062
:106E30000000000000000C001C0010001000080002
:106E4000040000000000000000000000000000003E
:106E500000000000000000000000FE07000000002D
:106E60000000000000000000000000000000000022
:106E70000000000000000000000000000000000012
:106E80000000000000000000000000000000000002
:106E90000000000000001C001C001C00000000009E
:106EA00000000000000000040006000200030001D2
:106EB00000018000800040004000600020002000B1
:106EC00010001000080008000C000400060002007A
:106ED000000000000000000000000000F000980129
:106EE0000C030C030606060606060606060606063C
:106EF000060606060C030C039801F00000000000D3
:106F000000000000000000000000000040007C00C5
:106F10006000600060006000600060006000600071
:106F200060006000600060006000FC030000000082
:106F3000000000000000000000000000F8008401D4
:106F4000020306030603000300018001C000600085
:106F500020001000080204020602FE0300000000E8
:106F60000000000000000000000000007800C600E3
:106F70008601860180018001C0007000800100014F
:106F800000030003060306038601F800000000006A
:106F900000000000000000000000000080018001EF
:106FA000C001A001A0019001880188018401820133
:106FB000FE0F8001800180018001E00700000000D9
:106FC000000000000000000000000000FC030400BE
:106FD0000400040004000400F4008C010403000316
:106FE00000030603060382018401F800000000008C
:106FF000000000000000000000000000E001180395
:107000000C030C0004000600E60116030E0606063B
:107010000606060604060C021803F0000000000035
:10702000000000000000000000000000F8070C064F
:1070300004020401000100018000800040004000C3
:107040004000600060006000600060000000000020
:10705000000000000000000000000000F8010C0328
:107060000606060606060C021C03F000C8010C0307
:1070700006060606060606060C03F00100000000E0
:10708000000000000000000000000000F0000C0103
:107090000C03060206060606060606078C06780698
:1070A0000006000300030C018C01780000000000C2
:1070B00000000000000000000000000000000000D0
:1070C000000000000000E000E000E0000000000020
:1070D000000000000000E000E000E0000000000010
:1070E00000000000000000000000000000000000A0
:1070F00000000000000060006000000000000000D0
:10710000000000000000000060006000400020005F
:107110002000000000000000000000040002000148
:10712000800040002000100008000400080010004B
:107130002000400080000001000200040000000068
:10714000000000000000000000000000000000003F
:10715000000000000000FE07000000000000FE0725
:10716000000000000000000000000000000000001F
:1071700000000000000000000000040008001000F3
:107180002000400080000001000200040002000115
:1071900080004000200010000800040000000000F3
:1071A000000000000000000000000000E0031806DE
:1071B000040C040C0C0C0C0C000780014000400077
:1071C000400000000000E000E000E00000000000DF
:1071D00000000000000000000000E00018030C02A6
:1071E000CC0564056605A605B604B604B604B60467
:1071F000B602E4010C040C021803F00000000000C9
:1072000000000000000000000000000060006000BE
:107210005000D00090009000880088010801F8011B
:10722000040304030402020202060F0F0000000020
:10723000000000000000000000000000FE008C03C1
:107240000C030C030C030C038C01FC000C030C025C
:107250000C060C060C060C060C03FE0100000000D8
:10726000000000000000000000000000E003180320
:107270000C060C04040406000600060006000600C6
:10728000060006040C040C021803F00000000000C5
:107290000000000000000000000000007F008C01E2
:1072A0000C030C030C060C060C060C060C060C0654
:1072B0000C060C060C030C038C017F000000000080
:1072C000000000000000000000000000FF030603B3
:1072D00006040604060086008600FE00860086007E
:1072E00086000600060406040602FF0300000000F4
:1072F000000000000000000000000000FF03060383
:1073000006040604060086008600FE00860086004D
:10731000860006000600060006001F0000000000B0
:10732000000000000000000000000000F000180154
:107330000C020C0204020600060006000600C60F3E
:10734000060306030C030C031803F0000000000002
:107350000000000000000000000000000F0F060603
:1073600006060606060606060606FE0706060606C4
:10737000060606060606060606060F0F00000000B3
:10738000000000000000000000000000FC0360009E
:1073900060006000600060006000600060006000ED
:1073A00060006000600060006000FC0300000000FE
:1073B000000000000000000000000000F807C0000E
:1073C000C000C000C000C000C000C000C000C000BD
:1073D000C000C000C000C000C000C000C600660001
:1073E0003C0000000000000000000000CF03860108
:1073F000C60046002600160036002E006E0046002D
:10740000C60086008601060106038F070000000003
:107410000000000000000000000000001F00060047
:10742000060006000600060006000600060006002C
:1074300006000600060406040602FF030000000022
:1074400000000000000000000000000007078603A5
:1074500086038E038E034E034E034A035A035A03D8
:107460003A0332033203320312038707000000009D
:107470000000000000000000000000008E0F0C0261
:107480001C021C0234023402640264024402C4027C
:10749000840284038403040304031F020000000029
:1074A000000000000000000000000000F000980153
:1074B0000C030C0206060606060606060606060667
:1074C000060606060C020C039801F00000000000FE
:1074D000000000000000000000000000FF000603A4
:1074E000060606060606060606068603FE000600D3
:1074F000060006000600060006001F00000000004F
:10750000000000000000000000000000F0009801F2
:107510000C030C0206060606060606060606060606
:10752000060676064C02CC039801F00080070003A3
:10753000000000000000000000000000FF01060342
:1075400006060606060606060603FE004600C600F8
:10755000860086010603060306060F0E00000000E3
:10756000000000000000000000000000F8020C0312
:107570000602060206000E003C00F800E00380034D
:1075800000070206020606060C03F00100000000D8
:10759000000000000000000000000000FE07620480
:1075A00061086108600060006000600060006000C9
:1075B00060006000600060006000F80100000000F2
:1075C0000000000000000000000000001E070C0288
:1075D0000C020C020C020C020C020C020C020C023B
:1075E0000C020C020C020C021801F000000000005A
:1075F0000000000000000000000000000F0706026D
:10760000040104010C010C01880088009800980016
:1076100050005000700030002000200000000000EA
:10762000000000000000000000000000F70E6204EF
:1076300042044604460464026402E402E4029C023A
:107640009C019801980188018800880000000000D2
:107650000000000000000000000000009E070C0178
:10766000080118019000B000600020006000600078
:10767000D00090008801080104038E07000000007C
:107680000000000000000000000000000F0F0604D2
:1076900004020C0208011801B800B000700060007C
:1076A00060006000600060006000F8010000000001
:1076B000000000000000000000000000FC070C02B9
:1076C00006030201800180004000400020002000ED
:1076D0001000180008040C040402FE03000000005F
:1076E000000000000000E003200020002000200037
:1076F000200020002000200020002000200020008A
:107700002000200020002000200020002000E003B6
:107710000000000000000000000004000400080059
:107720000800100010001000200020004000400061
:10773000C000800080000001000100020002000281
:107740000004000000007C004000400040004000B9
:107750004000400040004000400040004000400029
:1077600040004000400040004000400040007C00DD
:107770000000000060009000080100000000000010
:1077800000000000000000000000000000000000F9
:1077900000000000000000000000000000000000E9
:1077A00000000000000000000000000000000000D9
:1077B00000000000000000000000000000000000C9
:1077C00000000000000000000000000000000000B9
:1077D000FF0F000000001800600000000000000023
:1077E0000000000000000000000000000000000099
:1077F0000000000000000000000000000000000089
:107800000000000000000000000000000000000078
:10781000000000000000F0010C030C030003E00373
:107820001C030E03060306038E0B7C0E00000000F3
:107830000000000000000000000008000E000C0026
:107840000C000C000C00CC013C031C060C060C06C2
:107850000C060C060C060C021C03E40100000000E0
:107860000000000000000000000000000000000018
:10787000000000000000F0008C018C018601060071
:107880000600060006020C020C01F00000000000D9
:10789000000000000000000000000002C003000320
:1078A00000030003000378038C030C0306030603A4
:1078B00006030603060304038C077801000000009A
:1078C00000000000000000000000000000000000B8
:1078D000000000000000E001180308020C060C067E
:1078E000FC070C000C0018041802E0010000000066
:1078F000000000000000000000000000C00360065F
:10790000300630003000FE01300030003000300022
:1079100030003000300030003000FC01000000007A
:107920000000000000000000000000000000000057
:10793000000000000000F007D8068C018C018C01CB
:107940009801F8000C00FC00CC03060306038E032C
:10795000F800000000000000000008000E000C000D
:107960000C000C000C00EC011C030C030C030C03BA
:107970000C030C030C030C030C039E070000000017
:107980000000000000000000000000006000600037
:107990000000000040007C006000600060006000AB
:1079A00060006000600060006000FC0300000000F8
:1079B000000000000000000000000000C001C00145
:1079C000000000000001F0018001800180018001C1
:1079D0008001800180018001800180018001CC0054
:1079E0007C00000000000000000008000E000C00F9
:1079F0000C000C000C008C038C008C004C006C0004
:107A00005C008C008C010C010C039E070000000040
:107A10000000000000000000000040007C0060004A
:107A20006000600060006000600060006000600056
:107A300060006000600060006000FC030000000067
:107A40000000000000000000000000000000000036
:107A50000000000000003707EE06660666066606B0
:107A600066066606660666066606FF0F00000000EC
:107A70000000000000000000000000000000000006
:107A8000000000000000EE011C030C030C030C03BB
:107A90000C030C030C030C030C039E0700000000F6
:107AA00000000000000000000000000000000000D6
:107AB000000000000000F00098010C030606060616
:107AC0000606060606060C030C03F0000000000084
:107AD00000000000000000000000000000000000A6
:107AE000000000000000EE011C030C060C060C0652
:107AF0000C060C060C060C031C03EC010C000C001D
:107B00003E00000000000000000000000000000037
:107B100000000000000078028C030C03060306033B
:107B200006030603060304038C0378030003000323
:107B3000C00700000000000000000000000000007E
:107B40000000000000009F035806380618001800C7
:107B500018001800180018001800FF0000000000AE
:107B60000000000000000000000000000000000015
:107B7000000000000000F0031C030C020C0238009F
:107B8000F000C003040304038C03FC0100000000A8
:107B900000000000000000000000000000002000C5
:107BA000200030003000FE01300030003000300096
:107BB00030003000300030023002E00100000000F0
:107BC00000000000000000000000000000000000B5
:107BD0000000000008028E030C030C030C030C03CE
:107BE0000C030C030C030C039C077801000000003D
:107BF0000000000000000000000000000000000085
:107C00000000000000001E070C0208010801180116
:107C10009000B000B0006000600020000000000094
:107C20000000000000000000000000000000000054
:107C3000000000000000F70E6204460464026402C3
:107C4000EC029C01980198019801080000000000D6
:107C50000000000000000000000000000000000024
:107C6000000000000000BC0718011001B000600017
:107C70006000E0009000080108039E07000000007B
:107C800000000000000000000000000000000000F4
:107C90000000000000009E07080108010801900094
:107CA0009000B00060006000600020002000240010
:107CB0001C000000000000000000000000000000A8
:107CC000000000000000FC018401C40044006000CA
:107CD00020003000180208020C03FC010000000024
:107CE0000000000000000003800080008000800091
:107CF0008000800080008000400020004000800064
:107D000080008000800080008000800080000003F0
:107D100000004000400040004000400040004000A3
:107D20004000400040004000400040004000400053
:107D30004000400040004000400040004000400043
:107D40004000000000000C001000100010001000A7
:107D50001000100010001000200040002000100053
:107D600010001000100010001000100010000C0097
:107D7000000000001C002204C20480030000000078
:107D800000000000000000000000000000000000F3
:107D900000000000000000000000000000000000E3
:107DA00000000000000000000000000000000000D3
:107DB00000000000000000000000000000000000C3
:107DC00000000000000000000000000000000000B3
:107DD0003000300030003000300020002000200053
:107DE00020002000000000003000300000000000F3
:107DF00000000000D800D8006C0024001200000031
:107E00000000000000000000000000000000000072
:107E10000000000000000000000000000000000062
:107E20000000840084008400FF0184008400C600F8
:107E300042004200FF0142004200420000000000F8
:107E400000000000000000002000F80024012401D0
:107E5000A401280030006000A00020012C012401B2
:107E60002401F800200020000000000000000000B5
:107E70000000860049004900290029001900D600A9
:107E800028012801280124012401C200000000006B
:107E9000000000000000000000000C0012001200B2
:107EA0001200EA00460046002500290039001100B2
:107EB0003201CC00000000000000000006000600B7
:107EC00004000200010000000000000000000000AB
:107ED00000000000000000000000000000000000A2
:107EE0000000000000018000400020002000200071
:107EF00010001000100010001000100020002000E2
:107F0000200040008000000100000000010002008D
:107F10000400080008000800100010001000100005
:107F20001000100008000800080004000200010012
:107F30000000000000000000000000002000200001
:107F40002603AE0370007000AE032603200020005D
:107F50000000000000000000000000000000000021
:107F6000000000001000100010001000FF011000C1
:107F700010001000100000000000000000000000D1
:107F800000000000000000000000000000000000F1
:107F900000000000000000000000000000000000E1
:107FA00006000600040002000100000000000000BE
:107FB000000000000000000000000000FE030000C0
:107FC00000000000000000000000000000000000B1
:107FD00000000000000000000000000000000000A1
:107FE0000000000000000000000000000000000091
:107FF0000600060000000000000000000002000172
:10800000000180008000C0004000600020003000BF
:10801000100018000800080004000400020000001E
:1080200000000000000000000000780084008400D0
:1080300002010201020102010201020102018400A7
:108040008400780000000000000000000000000034
:10805000000010001C0010001000100010001000A4
:10806000100010001000100010007C000000000044
:10807000000000000000000000007C0082000201FF
:1080800002010201800040002000100008000401ED
:108090000201FE01000000000000000000000000DE
:1080A00000003C004200820082004000700080001E
:1080B000000100010201020182007C0000000000BA
:1080C0000000000000000000400040006000500080
:1080D00048004800440042004200FE0140004000C9
:1080E0004000F0010000000000000000000000005F
:1080F0000000FC01040004000400040074008C0073
:10810000000100010201020182007C000000000069
:1081100000000000000000000000F0000801040161
:10812000040002007A00860002010201020104013B
:108130008400780000000000000000000000000043
:108140000000FE01820042004000200010001000EC
:1081500008000800080008000800080000000000EF
:108160000000000000000000000078008400020110
:108170000201020184007800840002010201020170
:1081800084007800000000000000000000000000F3
:1081900000007800840082000201020102018401D3
:1081A000780100018000820042003C0000000000D5
:1081B00000000000000000000000000000000000BF
:1081C000300030000000000000000000000000004F
:1081D000300030000000000000000000000000003F
:1081E000000000000000000000001000000000007F
:1081F000000000000000000000001000100010004F
:10820000100000000000000080004000200010006E
:1082100008000400020004000800100020004000D4
:1082200080000000000000000000000000000000CE
:108230000000000000000000FF010000000000003E
:10824000FF0100000000000000000000000000002E
:108250000000000000000000020004000800100000
:1082600020004000800040002000100008000400B2
:1082700002000000000000000000000000000000FC
:108280007800840002010601060100018000400020
:10829000200020002000000030003000000000001E
:1082A000000000000000000000007800C400F2019F
:1082B00059014901450125012501A500D900020107
:1082C00084007800000000000000000000000000B2
:1082D000000010001000280028002800280044009A
:1082E00044007C00440082008200C70100000000BE
:1082F000000000000000000000003F0042004200BB
:10830000420022003E004200820082008200820081
:1083100042003F00000000000000000000000000DC
:108320000000780184010201020101000100010046
:108330000100010001010201860078000000000038
:10834000000000000000000000003F00C2008200AA
:108350000201020102010201020102010201820086
:1083600042003F000000000000000000000000008C
:108370000000FF0082000201420042007E00420035
:1083800042000200020002018200FF000000000023
:1083900000000000000000000000FF008200020159
:1083A000420042007E004200420002000200020041
:1083B00002000700000000000000000000000000B4
:1083C00000007001880104010201020002000200A5
:1083D00082030201020104010C01F0000000000010
:1083E00000000000000000000000C70182008200C1
:1083F000820082008200FE008200820082008200F1
:108400008200C70100000000000000000000000022
:108410000000FE00100010001000100010001000FE
:1084200010001000100010001000FE0000000000FE
:1084300000000000000000000000FC0120002000FF
:10844000200020002000200020002000200020002C
:108450002000210011000E000000000000000000BC
:108460000000E70142002200220012001A0016005C
:1084700022002200420042008200C70100000000EA
:1084800000000000000000000000070002000200E1
:1084900002000200020002000200020002000201CB
:1084A0008200FF000000000000000000000000004B
:1084B0000000C701C600C600C600AA00AA00AA00A4
:1084C000AA00AA00920092009200D70100000000CA
:1084D00000000000000000000000C70186008A00C4
:1084E0008A008A0092009200A200A200C200C2008C
:1084F000C200870000000000000000000000000033
:1085000000003800C60082000101010101010101E3
:108510000101010101018200C600380000000000D5
:10852000000000000000000000007F008200020147
:108530000201020182007E0002000200020002002D
:108540000200070000000000000000000000000022
:1085500000003800C6008200010101010101010193
:10856000010101011901A600A60078004001C00028
:10857000000000000000000000003F0042008200F8
:10858000820042003E00120022002200420042000F
:1085900082008701000000000000000000000000D1
:1085A0000000780184010201020002000C0070004A
:1085B000800000010201020186007A000000000034
:1085C00000000000000000000000FE001101110189
:1085D000100010001000100010001000100010001B
:1085E0001000380000000000000000000000000043
:1085F0000000C701820082008200820082008200A7
:1086000082008200820082004400380000000000E6
:1086100000000000000000000000C701820082008E
:10862000440044004400440028002800280038008A
:10863000100010000000000000000000000000001A
:108640000000BB019200920092009200AA00AA00D2
:10865000AA006A00440044004400440000000000F6
:1086600000000000000000000000CE018400440073
:108670004800280030001000300028004800480062
:108680008400CE0100000000000000000000000097
:108690000000C701820044004400280028001000A8
:1086A0001000100010001000100038000000000042
:1086B00000000000000000000000FC0184008200B7
:1086C00040004000200010001000080008000401D5
:1086D0008400FE000000000000000000F001100017
:1086E000100010001000100010001000100010000A
:1086F000100010001000100010001000F001000029
:10870000000000000000020004000400080008004F
:108710000800100010002000200020004000400051
:108720008000800080000001000000003E0020006A
:108730002000200020002000200020002000200039
:108740002000200020002000200020003E0000002B
:108750000000000038002800440000000000000075
:108760000000000000000000000000000000000009
:1087700000000000000000000000000000000000F9
:1087800000000000000000000000000000000000E9
:1087900000000000000000000000000000000000D9
:1087A000FF0300001800200000000000000000008F
:1087B00000000000000000000000000000000000B9
:1087C00000000000000000000000000000000000A9
:1087D000000000000000000000007C008200820019
:1087E000F0008C0082008200C202BC030000000086
:1087F0000000000000000000000003000200020072
:1088000002003A004600820082008200820082005C
:1088100046003A00000000000000000000000000D8
:1088200000000000000000000000780084008200CA
:108830000200020002000201840078000000000033
:1088400000000000000000000000C0008000800068
:108850008000B800C4008200820082008200820092
:10886000C400B8010000000000000000000000008B
:1088700000000000000000000000780084000201F9
:10888000FE010200020002018400780000000000E6
:1088900000000000000000000000E00110021000D5
:1088A0001000FC001000100010001000100010005C
:1088B0001000FC00000000000000000000000000AC
:1088C00000000000000000000000F80184008400A7
:1088D00084008400780004007C008401020102010D
:1088E000FC00000000000000000003000200020085
:1088F00002007A00860082008200820082008200EC
:108900008200C7010000000000000000000000001D
:10891000000018001800000000001C0010001000EB
:10892000100010001000100010007C00000000007B
:108930000000000000000000000060006000000077
:108940000000700040004000400040004000400037
:1089500040004000400022001E0000000000000017
:1089600000000300020002000200E20022001200E8
:108970000A001600220042008200C7010000000029
:10898000000000000000000000001E0010001000A9
:108990001000100010001000100010001000100057
:1089A0001000FE00000000000000000000000000B9
:1089B000000000000000000000007F009200920014
:1089C00092009200920092009200B7010000000015
:1089D0000000000000000000000000000000000097
:1089E00000007B00860082008200820082008200FC
:1089F0008200C7010000000000000000000000002D
:108A00000000000000000000000078008400020167
:108A1000020102010201020184007800000000004E
:108A20000000000000000000000000000000000046
:108A300000003B004600820082008200820082002B
:108A400046003A000200020007000000000000009B
:108A500000000000000000000000B800C400820018
:108A60008200820082008200C400B8008000800082
:108A7000C001000000000000000000000000000035
:108A80000000CE01280118000800080008000800B6
:108A900008003E0000000000000000000000000090
:108AA00000000000000000000000BC00C2008200C6
:108AB00006003800C000820086007A000000000036
:108AC0000000000000000000000000001000100086
:108AD0001000FC001000100010001000100010002A
:108AE0009000600000000000000000000000000096
:108AF00000000000000000000000C30082008200AF
:108B00008200820082008200C200BC0100000000DE
:108B10000000000000000000000000000000000055
:108B20000000C701820044004400440028002800DF
:108B30001000100000000000000000000000000015
:108B400000000000000000000000BB019200920045
:108B50009200AA00AA004400440044000000000063
:108B60000000000000000000000000000000000005
:108B70000000CE0184004800300030003000480082
:108B80008400CE0100000000000000000000000092
:108B900000000000000000000000EE0184008800DA
:108BA0004800480050003000200010001000100065
:108BB0000C000000000000000000000000000000A9
:108BC0000000FE0042002200200010000800840087
:108BD0008200FE0000000000000000008001400054
:108BE0004000400040004000400060001000600075
:108BF0004000400040004000400040004000800134
:108C00000000200020002000200020002000200084
:108C10002000200020002000200020002000200054
:108C20002000200020002000200000000600080096
:108C300008000800080008000800180020001800BC
:108C400008000800080008000800080008000600E6
:108C500000001C0026022203C001000000000000EA
:108C60000000000000000000000000000000000004
:108C700000000000000000000000000000000000F4
:108C800000000000000000000000000000080808CC
:108C90000808080800001818000000486C2412009A
:108CA0000000000000000000000000000024242458
:108CB0007F1212127F12121200000000081C2A2AD2
:108CC0000A0C1828282A2A1C08080000002225154A
:108CD00015152A585454542200000000000C12129A
:108CE000120A76252911916E000000060604030081
:108CF00000000000000000000000004020101008EC
:108D00000808080808101020400000020408081095
:108D100010101010100808040200000000000808DD
:108D20006B1C1C6B08080000000000000000080815
:108D300008087F0808080800000000000000000084
:108D40000000000000000606040300000000000010
:108D50000000FE0000000000000000000000000015
:108D600000000000000006060000000080404020D7
:108D70002010100808040402020000000018244219
:108D800042424242424224180000000000080E08FD
:108D9000080808080808083E00000000003C42429D
:108DA000422020100804427E00000000003C4242A5
:108DB000201820404042221C0000000000203028E3
:108DC000242422227E20207800000000007E02025F
:108DD000021A26404042221C0000000000382402F3
:108DE000021A26424242241800000000007E22227D
:108DF000101008080808080800000000003C424263
:108E0000422418244242423C000000000018244240
:108E1000424264584040241C000000000000000052
:108E200018180000000018180000000000000000E2
:108E300000080000000000080804000000402010A6
:108E40000804020408102040000000000000000098
:108E50007F0000007F000000000000000002040806
:108E6000102040201008040200000000003C424294
:108E7000464020101000181800000000001C225A64
:108E8000555555552D42221C0000000000080818B9
:108E90001414243C224242E700000000001F22225A
:108EA000221E22424242221F00000000007C424259
:108EB000010101010142221C00000000001F2242AA
:108EC000424242424242221F00000000003F421242
:108ED000121E12120242423F00000000003F4212E6
:108EE000121E12120202020700000000003C2222A1
:108EF000010101712122221C0000000000E7424212
:108F000042427E42424242E700000000003E080822
:108F1000080808080808083E00000000007C10103F
:108F20001010101010101010110F000000772212F6
:108F30000A0E0A1212222277000000000007020225
:108F4000020202020202427F000000000077363671
:108F500036362A2A2A2A2A6B0000000000E34646F9
:108F60004A4A52525262624700000000001C2241ED
:108F7000414141414141221C00000000003F42426A
:108F800042423E020202020700000000001C224191
:108F9000414141414D53321C60000000003F4242BC
:108FA000423E1212222242C700000000007C4242D0
:108FB000020418204042423E00000000007F4908A1
:108FC000080808080808081C0000000000E74242E2
:108FD000424242424242423C0000000000E742421C
:108FE000222424141418080800000000006B4949CA
:108FF00049495555362222220000000000E742244C
:1090000024181818242442E70000000000772222C8
:10901000141408080808081C00000000007E212025
:10902000101008040442423F0000007808080808B5
:10903000080808080808080878000000020204046C
:1090400008080810102020204040001E10101010AA
:1090500010101010101010101E00003844000000F6
:109060000000000000000000000000000000000000
:10907000000000000000000000FF000608000000E3
:1090800000000000000000000000000000000000E0
:10909000003C4278444242FC00000000000302020F
:1090A000021A26424242261A000000000000000078
:1090B00000384402020244380000000000604040D2
:1090C00040784442424264D80000000000000000A2
:1090D000003C427E0202423C0000000000F0880892
:1090E000087E08080808083E000000000000000094
:1090F000007C22221C023C42423C0000000302028F
:10910000023A4642424242E700000000000C0C00D6
:10911000000E08080808083E00000000003030007B
:109120000038202020202020221E00000003020200
:109130000272120A1612227700000000000E0808C0
:10914000080808080808083E0000000000000000A9
:10915000007F9292929292B70000000000000000FF
:10916000003B4642424242E700000000000000008F
:10917000003C42424242423C00000000000000002D
:10918000001B26424242221E02070000000000008F
:10919000007844424242447840E000000000000071
:1091A00000774C040404041F0000000000000000CD
:1091B000007C42023C40423E0000000000000008EB
:1091C000083E080808080830000000000000000001
:1091D00000634242424262DC0000000000000000E6
:1091E00000E74224241408080000000000000000EA
:1091F00000EB494955552222000000000000000004
:10920000007624181818246E0000000000000000EA
:1092100000E742242414180808070000000000009A
:10922000007E22100808447E000000C0202020207C
:109230002010202020202020C0001010101010101E
:109240001010101010101010101000060808080858
:10925000081008080808080806000C32C2000000C0
:1092600000000000000000000000000000000000FE
:1092700000000000000000000404040404040004D2
:10928000000000140A0A00000000000000000000B6
:1092900014143F140A3F0A0A000000041E150506B4
:1092A0000C14150F0400000012150D0A142C2A12BC
:1092B00000000000040A0A1E15150936000000020D
:1092C0000201000000000000000000201008080853
:1092D000080808102000000204080808080808040C
:1092E000020000000004150E0E150400000000002E
:1092F0000404041F04040400000000000000000037
:1093000000000002020100000000001F0000000039
:10931000000000000000000000000002000000103B
:109320000808080404020202010000000E111111D5
:109330001111110E00000000040604040404040EC0
:10934000000000000E1111080402011F00000000BF
:109350000E11100C1010110E00000000080C0A0A6B
:10936000091E0818000000001F01010F1010110E47
:10937000000000000E09010F1111110E0000000085
:109380001F09080404040404000000000E11110E5B
:109390001111110E000000000E1111111E10120EFD
:1093A00000000000000004000000000400000000B5
:1093B0000000000400000004040000201008040263
:1093C000040810200000000000001F00001F000023
:1093D0000000000204081020100804020000000031
:1093E0000E11110804040004000000000E111915EC
:1093F000151D011E0000000004040C0A0A1E123391
:10940000000000000F12120E1212120F00000000D6
:109410001E1101010101110E000000000F121212B5
:109420001212120F000000001F120A0E0A02121F71
:10943000000000001F120A0E0A02020700000000CE
:109440001C1201013911120C000000003312121E0F
:1094500012121233000000001F0404040404041F4D
:10946000000000003E08080808080809070000007E
:1094700037120A060A0A1237000000000702020229
:109480000202223F000000001B1B1B1B15151515B7
:10949000000000003B1216161A1A121700000000F6
:1094A0000E1111111111110E000000000F12120EF9
:1094B00002020207000000000E1111111117190E0F
:1094C000180000000F12120E0A12123700000000DE
:1094D0001E1101060810110F000000001F150404E2
:1094E0000404040E00000000331212121212120CB7
:1094F000000000003312120A0A0C040400000000ED
:109500001515150E0A0A0A0A000000001B0A0A04B3
:10951000040A0A1B000000001B0A0A040404040ECB
:10952000000000001F0908040402121F0000001CB4
:1095300004040404040404041C00000202020404E1
:10954000080808100000000E0808080808080808A5
:109550000E0000040A0000000000000000000000EF
:109560000000000000000000003F000400000000B8
:1095700000000000000000000000000C121C123C63
:10958000000000000302020E1212120E0000000082
:109590000000001C1202021C000000001810101C29
:1095A0001212123C000000000000000C121E021CEF
:1095B000000000003804041E0404041E0000000023
:1095C0000000003C120C021E221C00000302020ECE
:1095D0001212123700000000040000060404040EFA
:1095E000000000000800000C080808080807000038
:1095F0000302023A0A0E12370000000007040404B6
:109600000404041F000000000000000F15151515CC
:10961000000000000000000F1212123700000000CE
:109620000000000C1212120C000000000000000FDD
:109630001212120E020700000000001C1212121C6F
:10964000103800000000001B0602020700000000A6
:109650000000001E020C101E000000000004040E9A
:1096600004040418000000000000001B1212123C49
:109670000000000000000037120A0C040000000087
:1096800000000015150E0A0A000000000000001B73
:109690000A040A1B0000000000000037120A0C0434
:1096A000040300000000001E0804041E000000184F
:1096B0000808080408080808180008080808080826
:1096C0000808080808080006040404080404040440
:1096D0000600022518000000000000000000000045
:1096E0000E008007000000001E00C0070000000000
:1096F0003CFCE10700000000F8FFFF030000000051
:10970000F0FFFF0100000000F0FFFF00000000007C
:10971000F8FFFF0100000000FCFFFF030000000055
:10972000FEFFFF0300000000FEFFFF070000000037
:109730007FFEE70F000000007FFEE70F00000080C3
:10974000FFFFFF1F00000080FFFFFF1F00000080E1
:10975000FFFFFF1F00000080FFFFFF1F00000080D1
:10976000FFFFFF1F00000080FFFFFF1F0000000041
:109770000000000000000000000000000000C087A2
:10978000FFFFFF1F3F00E08FFFFFFF1F7F00E09FF5
:10979000FFFFFF9F7F00E09FFFFFFF9F7F00E09F95
:1097A000FFFFFF9F7F00E09FFFFFFF9F7F00E09F85
:1097B000FFFFFF9F7F00E09FFFFFFF9F7F00E09F75
:1097C000FFFFFF9F7F00E09FFFFFFF9F7F00E09F65
:1097D000FFFFFF9F7F00E09FFFFFFF9F7F00E09F55
:1097E000FFFFFF9F7F00E09FFFFFFF9F7F00E09F45
:1097F000FFFFFF9F7F00E09FFFFFFF9F7F00E09F35
:10980000FFFFFF9F7F00E09FFFFFFF9F7F00E09F24
:10981000FFFFFF9F7F00E09FFFFFFF9F7F00E09F14
:10982000FFFFFF9F7F00E09FFFFFFF9F7F00E09F04
:10983000FFFFFF9F7F00E08FFFFFFF1F7F00C08FB4
:10984000FFFFFF1F3E000080FFFFFF1F00000080A2
:10985000FFFFFF1F00000000FFFFFF0F00000000E0
:10986000F00FFF0000000000F00FFF0000000000FC
:10987000F00FFF0000000000F00FFF0000000000EC
:10988000F00FFF0000000000F00FFF0000000000DC
:10989000F00FFF0000000000F00FFF0000000000CC
:1098A000F00FFF0000000000F00FFF0000000000BC
:1098B000F007FE0000000000E0077C000000000050
:1098C0000000000000000000000000000000000098
:1098D000003C000000000000003F0000000000000D
:1098E000C03F000000000000E03F0000000000005A
:1098F000F03F000000000000F83F00000000000002
:10990000FC3F000000000000FC3F000000000000E1
:10991000FE3F000000000000FE3F000000000000CD
:10992000FF3F000000000000FF3F000000000000BB
:10993000FF3F000000000000FF3F000000000000AB
:10994000FF3F80FF00000000FF3FE0FF030000003A
:10995000FF3FF8FF0F000000FF3FFCFF1F0000006B
:10996000FF3FFEFF3F000000FE3FFFFF7F000000C3
:10997000FE3FFFFFFF000000FCBFFFFFFF000000F5
:10998000FCBFFFFFFF010000F8FFFFFFFF01000029
:10999000F0FFFFFFFF010000E0FFFFFFFF030000FB
:1099A00080FFFFFFFF03000000FEFFFFFF03FCFF3F
:1099B000FFFF07000000FCFFFFFF1F000000FCFF8F
:1099C000FFFF3F000000F8FFFFFFFF000000F8FF6F
:1099D000FFFFFF010000F8FFFFDFFF010000F0FFC5
:1099E000FFDFFF030000F0FFFFCFFF070000E0FFF5
:1099F000FFCFFF070000C0FFFFC7FF07000080FF89
:109A0000FFC3FF0F000000FFFFC1FF0F000000FCBD
:109A10007FC0FF0F000000F01FC0FF0F000000001C
:109A200000C0FF0F0000000000C0FF0F000000009A
:109A300000C0FF0F0000000000C0FF0F000000008A
:109A400000C0FF070000000000C0FF07000000008A
:109A500000C0FF070000000000C0FF03000000007E
:109A600000C0FF010000000000C0FF000000000077
:109A700000C07F000000000000C03F0000000000A8
:109A800000C00F000000000000C003000000000044
:109A900000000000000000000000000000000000C6
:109AA00000000000000000000000000000000000B6
:109AB00000000000000000000000000000000000A6
:109AC0000000000000000000FEFFFFFF1F0000007C
:109AD000FFFFFFFF3F000080FFFFFFFF7F000080D0
:109AE000FFFFFFFF7F000080FFFFFFFF7F00008080
:109AF000FFFFFFFF7F000080FFFFFFFF7F00008070
:109B0000FFFFFFFF7F000080FFFFFFFF7F0000805F
:109B1000FFFFFFFF7F00E083FF3FFFFF7F00E08349
:109B2000FF3FFEFF7F00E083FF3FFCFF7F00E083FD
:109B3000FF3FF0FF7F00E083FF3FE0FF7F00E08317
:109B4000FF3FC0FF7F00E083FF3F00FF7F00E08317
:109B5000FF3F00FE7F00E083FF3F00FC7F00E083CB
:109B6000FF3F00F07F00E083FF3F00F87F00E083CD
:109B7000FF3F00FC7F00E083FF3F00FE7F00E083AB
:109B8000FF3F80FF7F00E083FF3FC0FF7F00E08357
:109B9000FF3FE0FF7F00E083FF3FF8FF7F00E083AF
:109BA000FF3FFCFF7F00E083FF3FFEFF7F00E0837D
:109BB000FFBFFFFF7F00E083FFFFFFFF7F00E08329
:109BC000FFFFFFFF7F00E083FFFFFFFF7F00E083D9
:109BD000FFFFFFFF7F00E083FFFFFFFF7F00E083C9
:109BE000FFFFFFFF7F00E083FFFFFFFF7F00E083B9
:109BF000FFFFFFFF7F00E003FFFFFFFF3F00E003E9
:109C0000FEFFFFFF1F00E003000000000000E00374
:109C1000000000000000E003000000000000E0037E
:109C2000000000000000E003000000000000E0FF72
:109C3000FFFFFF1F0000E0FFFFFFFF1F0000E0FF2E
:109C4000FFFFFF1F0000C0FFFFFFFF1F000080FF9E
:109C5000FFFFFF1F000000000000000000000000E8
:109C600000000000000000000000000000000000F4
:109C700000000000000000000000000000000000E4
:109C8000A09C000800000020A8000000AC250008EF
:109C9000489D0008A8000020100C0000BC2500080A
:109CA00000000000BA2E00080C000C001800140080
:109CB0009A30000810001000200014001A33000829
:109CC000140014003C001400CA37000818001800E3
:109CD00048004100124A00082000200080001400C3
:109CE000125400081000200040000000D26B000851
:109CF0000C00180030000000A27D00080A001400CB
:109D0000280000007A8C00080800100010000000F5
:109D10006A92000806000C000C0000000000000021
:109D200000000000007A030A0000000000000000AC
:109D300001020304060708090000000001020304F1
:089D40000102030406070809F3
:040000050800018965
:00000001FF
